heidelbergceat,ꯍꯩꯗꯦꯁ꯭ꯔꯤꯖ꯭ꯇꯌ
pakhangpana,ꯄꯥꯈꯪꯄꯅ
likla,ꯂꯤꯛꯂꯥ
famdengba,ꯐꯝꯗꯦꯡꯕ
primavera,ꯄ꯭ꯔꯤꯃꯍꯦꯔꯥ
reading,ꯔꯤꯗꯦꯡꯗ
vista,ꯚꯤꯁꯇ
shamjetshabam,ꯁꯝꯖꯦꯠꯂꯥꯕꯝ
watts,ꯋꯥꯠꯁꯠ
financiers,ꯐꯤꯅꯥꯟꯁ꯭ꯁꯁ
ngangkhaleima,ꯉꯥꯡꯈꯂꯩꯃ
waterbury,ꯋꯥꯇꯦꯔꯕꯨꯋꯤ
ray,ꯔꯥꯖ
phampalda,ꯐꯝꯄꯥꯜꯗ
pollabatungdana,ꯄꯣꯂꯥꯕꯟꯗꯨꯨꯅ
tumukhong,ꯇꯨꯨꯣꯛꯈꯣꯡ
shillong,ꯁꯤꯜꯂꯣꯡ
hillsboro,ꯍꯤꯜꯂꯣꯔꯣꯣꯣ
londada,ꯂꯣꯟꯗꯥꯗ
dubey,ꯗꯨꯕꯦ
dikshit,ꯗꯤꯛꯁꯤꯠ
mut,ꯃꯨꯠ
hengatlakpa,ꯍꯦꯟꯒꯠꯂꯛꯄ
collins,ꯀꯣꯜꯤꯤꯁ
sanpa,ꯁꯥꯟꯄ
zehra,ꯓꯦꯍ꯭ꯔꯥ
chahichaadadi,ꯆꯍꯤꯆꯥꯗꯗꯤ
quraishi,ꯀꯨꯔꯥꯁꯤ
challi,ꯆꯜꯂꯤ
arvada,ꯑꯔꯥꯥꯥ
kumari,ꯀꯨꯃꯥꯔꯤ
pambei,ꯄꯥꯝꯕꯩ
sakkhangdaba,ꯁꯛꯈꯪꯈꯕ
adumak,ꯑꯗꯝꯃꯛ
waters,ꯋꯥꯇꯦꯁ
bhattacharya,ꯚꯠꯇꯆꯆ꯭ꯌꯌꯥ
shivamogga,ꯁꯤꯚꯥꯝꯒꯒ
dimasa,ꯗꯤꯃꯁꯥ
firaal,ꯐꯤꯔꯥꯜ
laanngamduna,ꯂꯥꯟꯉꯝꯗꯨꯅ
pumnamakki,ꯄꯨꯝꯅꯃꯛꯀꯤ
medina,ꯃꯦꯗꯤꯅ
mangpa,ꯃꯥꯡꯄ
burleson,ꯕꯨꯔꯦꯁꯌꯣꯟ
ngaareima,ꯉꯥꯔꯩꯃ
salka,ꯁꯥꯥꯥ
mirolgi,ꯃꯤꯔꯣꯜꯒꯤ
dahlan,ꯗꯥꯜꯍꯟ
expleo,ꯑꯦꯛꯄꯣꯂ
aibani,ꯑꯏꯕꯅꯤ
guduri,ꯒꯨꯗꯨꯔꯤ
seirangbani,ꯁꯩꯔꯥꯡꯕꯅꯤ
manna,ꯃꯥꯟꯅ
pravesh,ꯄ꯭ꯔꯥꯚꯁꯁ
wave,ꯋꯥꯒꯦ
sengar,ꯁꯦꯡꯥꯔ
rishiraj,ꯔꯤꯁ꯭ꯌꯦꯖ
laana,ꯂꯥꯅ
telelinks,ꯇꯦꯂꯦꯟꯂꯦꯁ
americada,ꯑꯃꯦꯔꯤꯀꯥꯗ
manungsida,ꯃꯅꯨꯡꯁꯤꯗ
fanglakkhi,ꯐꯪꯂꯛꯈꯤ
plainfield,ꯄ꯭ꯂꯦꯟꯖꯦꯜ꯭
yambada,ꯌꯥꯝꯕꯗ
ima,ꯏꯃꯥ
sterlite,ꯁ꯭ꯇꯦꯇꯔꯖ
bauer,ꯕꯦꯔꯦ
shankdhar,ꯁꯟꯈꯈꯔ
hugli,ꯍꯨꯜꯂꯤ
nemba,ꯅꯦꯝꯕ
rizvi,ꯔꯤꯚꯚꯤ
rafael,ꯔꯐꯦꯜ
niphumapan,ꯅꯤꯐꯨꯃꯥꯄꯟ
enggadabadagi,ꯏꯪꯒꯗꯕꯗꯒꯤ
sasaram,ꯁꯁꯥꯔꯝ
lara,ꯂꯔꯥ
ten,ꯇꯦꯟ
saruk,ꯁꯔꯨꯛ
czech,ꯀꯦꯆ
nag,ꯅꯥꯒ
saada,ꯁꯥꯗ
leiphamna,ꯂꯩꯐꯝꯅ
waareng,ꯋꯥꯔꯦꯡ
mannaramde,ꯃꯥꯟꯅꯔꯝꯗꯦ
asuppa,ꯑꯁꯨꯞꯄ
kakinada,ꯀꯥꯀꯤꯅꯥꯗ
mityeng,ꯃꯤꯠꯌꯦꯡ
moleculesinggi,ꯃꯣꯂꯦꯄꯦꯜꯁꯤꯡꯒꯤ
hathor,ꯍꯥꯊꯣꯔ
kanagumba,ꯀꯅꯥꯒꯨꯝꯕ
kangbagi,ꯀꯥꯡꯕꯒꯤ
semnanaba,ꯁꯦꯝꯅꯅꯕ
milk,ꯃꯤꯛ
humfutaraataret,ꯍꯨꯝꯨꯨꯇꯇꯇꯇꯇꯦꯠ
tolli,ꯇꯣꯜꯂꯤ
chingsinfam,ꯆꯤꯡꯁꯤꯟꯐꯝ
thamphamni,ꯊꯝꯐꯝꯅꯤ
hammond,ꯍꯝꯃꯣꯟꯗ
espinoza,ꯏꯖꯤꯌꯣꯟꯓꯥ
stein,ꯁ꯭ꯇꯦꯟ
chingsang,ꯆꯤꯡꯁꯪ
parag,ꯄꯔꯥꯡ
telheipagi,ꯇꯦꯜꯍꯩꯄꯒꯤ
ayangpa,ꯑꯌꯥꯡꯄ
charei,ꯆꯥꯔꯩ
lampaakta,ꯂꯝꯄꯥꯛꯇ
bhatpara,ꯚꯠꯄꯥꯔ
paotaak,ꯄꯥꯎꯇꯥꯛ
laanjaonachingba,ꯂꯥꯟꯖꯥꯎꯅꯆꯤꯡꯕ
sayreville,ꯁꯥꯌꯦꯖꯔꯦꯜꯜ
duar,ꯗꯥꯔ
malhotra,ꯃꯥꯜꯍꯣꯇ
phukpa,ꯐꯨꯛꯄ
greenwood,ꯒ꯭ꯔꯤꯌꯟꯖꯣꯗ
saakei,ꯁꯥꯀꯩ
makhada,ꯃꯈꯥꯗ
siliconegi,ꯁꯤꯂꯤꯌꯣꯟꯟꯒꯤ
gail,ꯒꯥꯜꯜ
shaada,ꯁꯥꯗ
ingraji,ꯏꯪꯔꯖꯦ
nerolac,ꯅꯦꯔꯣꯂꯦꯛ
atingkokna,ꯑꯇꯤꯡꯀꯣꯛꯅ
hannagi,ꯍꯥꯟꯅꯒꯤ
montes,ꯃꯣꯟꯇꯁ
keisi,ꯀꯩꯁꯤ
mahadewi,ꯃꯍꯥꯗꯦꯋꯤ
thadok,ꯊꯥꯗꯣꯛ
housing,ꯍꯧꯁꯤꯡ
liklaa,ꯂꯤꯛꯂꯥ
gomashe,ꯒ꯭ꯃꯥꯁꯦ
kaangpa,ꯀꯥꯡꯄ
seisak,ꯁꯩꯁꯛ
pamnakhiba,ꯄꯥꯝꯅꯈꯤꯕ
kiran,ꯀꯤꯔꯥꯟ
thakhraba,ꯊꯥꯈꯔꯕ
heilom,ꯍꯩꯂꯣꯝ
mahaakka,ꯃꯍꯥꯛꯀ
woonsocket,ꯋꯣꯅꯣꯁꯇꯦꯁꯟꯠ
chadana,ꯆꯥꯗꯅ
naoda,ꯅꯥꯎꯗ
meeoiba,ꯃꯤꯑꯣꯢꯕ
mapaapu,ꯃꯄꯥꯄꯨ
thoudam,ꯊꯧꯗꯝ
sithou,ꯁꯤꯊꯧ
shoaib,ꯁꯣꯋꯥꯢ
kamputarna,ꯀꯝꯄꯨꯇꯔꯔꯅ
everett,ꯏꯖꯦꯦꯇꯦꯠ
tezpur,ꯇꯦꯕꯨꯨꯔ
laion,ꯂꯥꯢꯑꯣꯟ
panthoipi,ꯄꯥꯟꯊꯣꯢꯄꯤ
nupaada,ꯅꯨꯄꯥꯗ
humphunipan,ꯍꯨꯝꯐꯨꯅꯤꯄꯥꯟ
rana,ꯔꯥꯅ
design,ꯗꯦꯁꯤꯟ
ganore,ꯒꯥꯅꯣꯔꯦ
hasni,ꯍꯥꯁꯅꯤ
koubagi,ꯀꯧꯕꯒꯤ
lina,ꯂꯤꯅ
tenawaa,ꯇꯦꯅꯥꯋꯥ
washington,ꯋꯁꯤꯡꯇꯣꯟ
tankhibana,ꯇꯦꯟꯈꯤꯕꯅ
amroha,ꯑꯔꯝ꯭ꯋꯥ
nifu,ꯅꯤꯐꯨ
kayatsingna,ꯀꯌꯥꯠꯁꯤꯡꯅ
yengluba,ꯌꯦꯡꯂꯨꯕ
tokpam,ꯇꯣꯛꯄꯝ
kanglupsigi,ꯀꯥꯡꯂꯨꯞꯁꯤꯒꯤ
khongthaang,ꯈꯣꯡꯊꯪ
til,ꯇꯤꯜ
yumshaalon,ꯌꯨꯝꯁꯥꯂꯣꯟ
bombay,ꯕꯣꯝꯕꯥꯖ
chaadaa,ꯆꯥꯗꯥ
phani,ꯐꯥꯅꯤ
hangdokkhi,ꯍꯥꯡꯗꯣꯛꯈꯤ
bokaro,ꯕꯣꯀꯔꯣ
apakma,ꯑꯄꯛꯃ
mangan,ꯃꯉꯥꯟ
elangbam,ꯏꯂꯥꯕꯕꯝ
odisha,ꯑꯣꯗꯤꯁꯥ
plaines,ꯄ꯭ꯂꯦꯅꯁꯁ
khunthoklam,ꯈꯨꯟꯊꯣꯛꯂꯝ
nyx,ꯅꯤꯌ꯭
leitaaba,ꯂꯩꯇꯥꯕ
takpani,ꯇꯥꯛꯄꯅꯤ
singhaa,ꯁꯤꯡꯍꯥ
anigi,ꯑꯅꯤꯒꯤ
khaspur,ꯈꯥꯁꯨꯨ
hemet,ꯍꯦꯃꯦꯠ
cruces,ꯀ꯭ꯌꯥꯁꯤꯑꯦꯁ
langdai,ꯂꯪꯗꯥꯢ
repro,ꯔꯦꯄꯣꯔ
safagadaba,ꯁꯋꯥꯗꯕ
communications,ꯀꯝꯅꯨꯏꯃꯥꯁꯟꯁꯟꯁ
yokkhatpa,ꯌꯣꯛꯈꯠꯄ
ketharaga,ꯀꯦꯊꯔꯒ
sangleichaa,ꯁꯪꯂꯩꯆꯥ
miyengkhada,ꯃꯤꯌꯦꯡꯈꯥꯗ
vincent,ꯚꯤꯟꯁꯦꯟꯠ
godhra,ꯒꯣꯙ꯭ꯔꯥ
heblikar,ꯍꯦꯕꯤꯂ꯭ꯌꯔ
carbogen,ꯀꯥꯔꯕꯦꯌꯟ
charlottesville,ꯆꯥꯔꯀꯦꯇꯣꯂꯤꯣꯂꯤꯌꯦ
marlborough,ꯃꯔꯜꯕꯧꯚꯣꯨ
hurallaga,ꯍꯨꯔꯥꯂꯂꯒ
chaoi,ꯆꯥꯎꯏ
ungduna,ꯎꯡꯗꯨꯅ
moupwada,ꯃꯧꯄꯥꯋꯥꯗ
junagadh,ꯖꯨꯅꯗꯒ
theinaba,ꯊꯩꯅꯕ
fouba,ꯐꯧꯕ
shaktakkhi,ꯁꯛꯇꯥꯛꯈꯤ
shennong,ꯁꯦꯟꯅꯣꯡ
idukki,ꯏꯗꯨꯛꯀꯤ
chaahao,ꯆꯥꯍꯥꯎ
malda,ꯃꯥꯥꯥꯜꯗ
mapangi,ꯃꯄꯥꯟꯒꯤ
ochoa,ꯑꯣꯆꯥꯔ
wiliam,ꯋꯤꯂꯤꯌꯥꯝ
accelya,ꯑꯦꯀꯦꯔꯤꯌꯥ
mitra,ꯃꯤꯇ꯭ꯔ
bidar,ꯕꯤꯗꯔ
ikhi,ꯏꯈꯤ
ras,ꯔꯥꯁ
protist,ꯄ꯭ꯔꯤꯇꯣꯁꯠ
wareng,ꯋꯥꯔꯦꯡ
bite,ꯕꯤꯇꯦ
sharif,ꯁꯥꯔꯤ
enterprise,ꯏꯦꯟꯇꯦꯔꯤꯌꯥꯔꯤ
burmese,ꯕꯨꯔꯦꯁꯦ
reilly,ꯔꯤꯜꯂꯦ
ateidi,ꯑꯇꯩꯗꯤ
zuari,ꯓꯨꯔꯤ
kanglupsingbu,ꯀꯥꯡꯂꯨꯞꯁꯤꯡꯕꯨ
nalla,ꯅꯜꯂꯥ
ahoubada,ꯑꯍꯧꯕꯗ
azhar,ꯑꯍꯔꯠ
mohandas,ꯃꯣꯍꯟꯟꯁ
koilaang,ꯀꯣꯢꯂꯥꯪ
grande,ꯒ꯭ꯔꯦꯟꯗꯦ
kathoktuna,ꯀꯥꯊꯣꯛꯇꯨꯅ
sonnei,ꯁꯣꯟꯅꯩ
sakhenba,ꯁꯛꯍꯦꯟꯕ
evanston,ꯏꯖꯥꯟꯁꯣꯟꯟ
taanbagi,ꯇꯥꯟꯕꯒꯤ
waheibu,ꯋꯥꯍꯩꯕꯨ
baker,ꯕꯥꯀꯦꯔ
uhalli,ꯎꯍꯜꯂꯤ
churu,ꯆꯨꯔꯨ
kulal,ꯀꯨꯂꯜ
kidwai,ꯀꯤꯗꯋꯥꯢ
yangkheinipan,ꯌꯥꯡꯈꯩꯅꯤꯄꯥꯟ
dodson,ꯗꯣꯗꯣꯟꯟ
antioch,ꯑꯦꯟꯇꯤꯌꯣ
phanglakkhi,ꯐꯪꯂꯛꯈꯤ
italydadi,ꯏꯇꯥꯂꯦꯗꯗꯤ
bhramari,ꯚ꯭ꯔꯥꯃꯔꯤ
july,ꯖꯨꯖꯤ
springdale,ꯁ꯭ꯄꯦꯟꯗꯤꯖꯦ
niphumaapan,ꯅꯤꯐꯨꯃꯥꯄꯟ
pittsburg,ꯄꯤꯠꯇ꯭ꯔꯨꯡꯒ
delhi,ꯗꯦꯜꯍꯤ
kamduna,ꯀꯝꯗꯨꯅ
carlson,ꯀꯦꯜꯀꯣꯟ
kongsang,ꯀꯣꯡꯁꯪ
sayaangsinggi,ꯁꯌꯥꯡꯁꯤꯡꯒꯤ
machaak,ꯃꯆꯥꯛ
gurjar,ꯒꯨꯔꯖꯔ
meelolna,ꯃꯤꯂꯣꯟꯅ
omar,ꯑꯣꯃꯥꯔ
kougadabani,ꯀꯧꯒꯗꯕꯅꯤ
fortis,ꯐꯣꯔꯤꯁꯁ
herman,ꯍꯔꯃꯦꯟ
lim,ꯂꯤꯝ
manju,ꯃꯟꯖꯨ
casey,ꯀꯁꯁ
jews,ꯖ꯭ꯌꯥꯁ
roanoke,ꯔꯣꯅꯥꯔꯣꯟ
rallis,ꯔꯥꯜꯂꯤꯁ
tropical,ꯇ꯭ꯄꯣꯔꯤꯌꯦꯀꯦꯜ
tokhaihallaga,ꯇꯣꯈꯥꯢꯍꯜꯗꯒ
shivpuri,ꯁꯤꯐꯨꯄꯤꯤ
surat,ꯁꯨꯔꯠ
quick,ꯀ꯭ꯢꯑꯦꯛ
yonthokkhi,ꯌꯣꯟꯊꯣꯛꯈꯤ
loipi,ꯂꯣꯢꯄꯤ
wylie,ꯋꯤꯂꯤꯌꯦ
daha,ꯗꯥꯥ
mioisinggi,ꯃꯤꯑꯣꯢꯁꯤꯡꯒꯤ
waheini,ꯋꯥꯍꯩꯅꯤ
columbia,ꯀꯣꯂꯤꯝꯕ
thengnakhi,ꯊꯦꯡꯅꯈꯤ
phaogatlaklibi,ꯐꯥꯎꯒꯠꯂꯛꯂꯤꯕꯤ
osiris,ꯑꯣꯁꯤꯌꯦꯁ
tidke,ꯇꯤꯗꯀꯦ
mipokpa,ꯃꯤꯄꯣꯛꯄ
barker,ꯕꯥꯀꯦꯔ
yemenda,ꯌꯦꯃꯦꯟꯗ
sonwani,ꯁꯣꯟꯋꯥꯅꯤ
pandam,ꯄꯥꯟꯗꯝ
chandra,ꯆꯟꯗ꯭ꯔꯥ
adugiraane,ꯑꯗꯨꯒꯤꯔꯅꯦ
tweets,ꯇ꯭ꯌꯦꯠꯁ
mayeksingbu,ꯃꯌꯦꯛꯁꯤꯡꯕꯨ
thangyikum,ꯊꯥꯡꯅꯤꯀꯃꯛ
chellani,ꯆꯦꯜꯂꯥꯅꯤ
lifestyle,ꯂꯤꯐꯦꯁ꯭꯭
laanli,ꯂꯥꯟꯂꯤ
mamingda,ꯃꯃꯤꯡꯗ
neemuch,ꯅꯤꯃꯦꯆꯨ
shulung,ꯁꯨꯂꯨꯡ
pace,ꯄꯥꯀꯦ
cheitharol,ꯆꯩꯊꯥꯔꯣꯜ
reno,ꯔꯦꯅꯣ
durgavansh,ꯗꯨꯔꯪꯋꯟꯁ
taraamna,ꯇꯔꯥꯝꯅ
infibeam,ꯏꯟꯄꯤꯕꯤꯌꯝ
smartspaces,ꯁ꯭ꯃꯥꯁꯦꯦꯁꯟꯁ
ayambada,ꯑꯌꯥꯝꯕꯗ
lothankhi,ꯂꯣꯊꯥꯟꯈꯤ
awapham,ꯑꯋꯥꯐꯝ
citysing,ꯁꯤꯇꯤꯁꯁꯡ
furit,ꯐꯨꯔꯤꯠ
lakhmani,ꯂꯝꯀꯥꯅꯤ
johari,ꯖꯣꯍꯔꯤ
kapole,ꯀꯦꯄꯣꯜ
nuwa,ꯅꯨꯋꯥ
rollins,ꯔꯣꯜꯂꯤꯟ
sangba,ꯁꯪꯕ
asaagi,ꯑꯁꯥꯒꯤ
sarasota,ꯁꯥꯁꯣꯇꯥ
chanugi,ꯆꯅꯨꯒꯤ
ataangba,ꯑꯇꯥꯡꯕ
numitkhudinggi,ꯅꯨꯃꯤꯊꯊꯤꯡꯗꯒꯤ
cementation,ꯁꯦꯃꯤꯟꯇꯦꯁꯟ
sagatli,ꯁꯥꯒꯠꯂꯤ
nectar,ꯅꯦꯛꯇꯔ
ubada,ꯎꯕꯗ
mamal,ꯃꯃꯜ
missoula,ꯃꯤꯁꯣꯂꯨ
sari,ꯁꯥꯔꯤ
mafamdubu,ꯃꯐꯝꯗꯨꯕꯨ
khaanongpokta,ꯈꯥꯅꯣꯡꯄꯣꯛꯇ
disasterni,ꯗꯤꯁꯥꯁꯦꯁꯟꯅꯤ
alkem,ꯑꯂꯦꯦꯝ
ankeny,ꯑꯦꯛꯀꯦꯅꯤ
shailaputri,ꯁꯥꯢꯂꯄꯨꯇ꯭ꯔꯤ
yumshalon,ꯌꯨꯝꯁꯥꯂꯣꯟ
cambodiagi,ꯀꯦꯝꯕꯣꯔꯤꯗꯒꯤ
akolkar,ꯑꯀꯣꯀꯥꯔꯥ
plantation,ꯄ꯭ꯂꯥꯟꯇꯤꯌꯟ
miller,ꯃꯤꯜꯂꯦꯔ
touramba,ꯇꯧꯔꯝꯕ
dixon,ꯗꯤꯢꯀꯟ
loveland,ꯂꯣꯚꯥꯂꯦꯟ
khamnung,ꯈꯝꯅꯨꯡ
machak,ꯃꯆꯥꯛ
puducherry,ꯄꯨꯗꯨꯋꯤꯔꯔꯤ
indianapolis,ꯏꯟꯗꯤꯌꯥꯔꯦꯁꯟꯁꯤ
kalratri,ꯀꯥꯂꯔꯋ꯭ꯔꯤ
mattancheri,ꯃꯇꯠꯅꯆꯦꯔꯤ
arambai,ꯑꯔꯝꯕꯥꯢ
karaikal,ꯀꯔꯥꯢꯀꯜ
cheithaarol,ꯆꯩꯊꯥꯔꯣꯜ
ipakachouba,ꯏꯄꯥꯛꯊꯧꯕ
kurukshetra,ꯀꯨꯔꯨꯀ꯭ꯇꯔ
famba,ꯐꯝꯕ
sagatlakpa,ꯁꯥꯒꯠꯂꯛꯄ
koknaba,ꯀꯣꯛꯅꯕ
vance,ꯚꯦꯟꯦ
bhagabat,ꯚꯒꯒꯕꯠ
valdosta,ꯚꯦꯗꯣꯁꯇ
pearland,ꯄꯦꯌꯥꯀꯦꯟ
dindigul,ꯗꯤꯟꯗꯤꯌꯦꯜ
dutta,ꯗꯨꯠꯇ
hainasu,ꯍꯥꯢꯅꯁꯨ
pangthoklamba,ꯄꯥꯡꯊꯣꯛꯝꯕ
saanakhi,ꯁꯥꯅꯈꯤ
jajoo,ꯖꯖꯣꯣ
arthropoda,ꯑꯥꯔꯊꯣꯔꯣꯗ
aiba,ꯑꯏꯕ
commerce,ꯀꯃꯦꯁ
imalonbu,ꯏꯃꯥꯂꯣꯟꯕꯨ
chajibu,ꯆꯥꯖꯤꯕꯨ
sasan,ꯁꯥꯁꯟ
ventura,ꯚꯦꯟꯇ꯭ꯔꯥ
whirlpool,ꯋꯤꯍꯤꯜꯂꯣꯀꯦꯜ
awaapham,ꯑꯋꯥꯐꯝ
yadav,ꯌꯥꯗꯋ
wausau,ꯋꯥꯎꯁꯥ
torrent,ꯇꯣꯔꯤꯟꯦꯟ
samiti,ꯁꯥꯃꯤꯇꯤ
punch,ꯄꯨꯟꯆ
paisalo,ꯄꯥꯢꯁꯥꯂꯣ
nadu,ꯅꯥꯗꯨ
bernard,ꯕꯦꯔꯦꯟꯗ
rathore,ꯔꯥꯊꯣꯔꯦ
lainingthouni,ꯂꯥꯢꯅꯣꯡꯍꯧꯅꯤ
pheijom,ꯐꯩꯖꯣꯝ
mangaa,ꯃꯉꯥ
yenakha,ꯌꯦꯅꯀ
carson,ꯀꯦꯁꯣꯟ
callahan,ꯀꯜꯂꯍꯥꯟ
jajoo,ꯖꯖꯣꯣ
erie,ꯏꯔꯤ
broadcast,ꯕ꯭ꯔꯣꯗꯦꯁꯟ
bhuj,ꯚꯨꯖ
cheihisi,ꯆꯩꯍꯤꯁꯤ
education,ꯏꯗꯨꯏꯌꯦꯁꯟ
magi,ꯃꯥꯒꯤ
sarukti,ꯁꯔꯨꯛꯇꯤ
laini,ꯂꯥꯢꯅꯤ
bhardwaj,ꯚꯔꯗ꯭ꯋꯥꯠ
colorado,ꯀꯣꯂꯥꯦꯗꯣ
hardoi,ꯍꯥꯗꯣꯔꯢ
sajibu,ꯁꯖꯤꯕꯨ
atlantic,ꯑꯦꯠꯂꯥꯟꯇꯤꯛ
kongshang,ꯀꯣꯡꯁꯪ
meira,ꯃꯩꯔ
kaahenna,ꯀꯥꯍꯦꯟꯅ
landa,ꯂꯥꯟꯗ
ahmadabad,ꯑꯍꯝꯗꯕꯗ
leisinaduna,ꯂꯩꯁꯤꯅꯥꯗꯨꯅ
pasadena,ꯄꯁꯥꯗꯦꯅ
mamaani,ꯃꯃꯥꯟꯤ
kheda,ꯈꯦꯗ
awaangbagi,ꯑꯋꯥꯡꯕꯒꯤ
morales,ꯃꯣꯔꯥꯂꯦꯁ
machakhaiba,ꯃꯆꯥꯈꯈꯕ
wilkinson,ꯋꯤꯢꯂꯣꯟꯁꯦꯟ
onduna,ꯑꯣꯟꯗꯨꯅ
langja,ꯂꯥꯡꯥ
fangde,ꯐꯪꯗꯦ
lavudya,ꯂꯥꯚꯨꯨꯗ
vizianagaram,ꯕꯤꯌꯤꯅꯌꯥꯃꯥꯥ
navas,ꯅꯥꯋꯁ
masaaga,ꯃꯁꯥꯒ
parengsingna,ꯄꯔꯦꯡꯁꯤꯡꯅ
magdum,ꯃꯥꯒꯨꯝ
rudragi,ꯔꯨꯗ꯭ꯔꯥꯒꯤ
dallas,ꯗꯥꯂꯥꯁ
sanaleipak,ꯁꯅꯥꯂꯩꯄꯥꯛ
banks,ꯕꯥꯟꯁꯛ
reeves,ꯔꯤꯚꯦꯁ
aschelminthes,ꯑꯁꯆꯦꯝꯦꯦꯟꯊꯦꯁ
buchanan,ꯕꯨꯆꯥꯅꯟ
hyderabad,ꯍꯥꯢꯗꯦꯔꯕꯗ
anisuba,ꯑꯅꯤꯁꯨꯕ
shijagi,ꯁꯤꯖꯒꯤ
portillo,ꯄꯣꯔꯤꯂꯣꯛꯂꯣ
afghanistan,ꯑꯐꯒꯥꯅꯁꯁꯟ
ipao,ꯏꯄꯥꯎ
humphutarataret,ꯍꯨꯝꯨꯨꯇꯇꯇꯇꯦꯠꯠ
shipping,ꯁꯤꯞꯄꯤꯡ
misingni,ꯃꯤꯁꯤꯡꯅꯤ
chingsangsingna,ꯆꯤꯡꯁꯪꯁꯤꯡꯅ
visakhapatnam,ꯚꯤꯁꯥꯃꯥꯐꯐꯐ
racine,ꯔꯥꯁꯤꯌꯦ
kota,ꯀꯣꯇꯥ
church,ꯆꯨꯔꯆ
lishing,ꯂꯤꯁꯁꯡ
lalonetikki,ꯂꯂꯣꯅꯦꯇꯦꯟꯀꯤ
enaak,ꯏꯅꯥꯛ
lampaakka,ꯂꯝꯄꯥꯛꯀ
meisaa,ꯃꯩꯁꯥ
spandana,ꯁ꯭ꯄꯦꯟꯗꯅ
hoba,ꯍꯣꯕ
yumthakta,ꯌꯨꯝꯊꯛꯇ
australiada,ꯑꯎꯁꯇ꯭ꯔꯦꯂꯤꯌꯥꯗ
beck,ꯕꯦꯛꯀ
fayetteville,ꯐꯌꯦꯠꯇꯦꯖꯤꯖꯦ
taakpagi,ꯇꯥꯛꯄꯒꯤ
haapchinle,ꯍꯥꯞꯆꯤꯟꯂꯦ
laphu,ꯂꯐꯨ
bacteria,ꯕꯦꯁꯇ꯭ꯔꯤꯌꯥ
machine,ꯃꯆꯤꯅꯦ
saabi,ꯁꯥꯕꯤ
pass,ꯄꯥꯁ
buenaventura,ꯕꯦꯅꯥꯟꯅꯨꯔꯔꯥ
chatnarammi,ꯆꯠꯅꯔꯝꯃꯤ
pravesh,ꯄ꯭ꯔꯥꯚꯁꯁ
swain,ꯁ꯭ꯋꯥꯢꯟ
taakpiramba,ꯇꯥꯛꯄꯤꯔꯝꯕ
shingsu,ꯁꯤꯡꯁꯨ
mitana,ꯃꯤꯇꯅ
phampaalda,ꯐꯝꯄꯥꯜꯗ
ichang,ꯏꯆꯪ
asagi,ꯑꯁꯥꯒꯤ
puthorakkhi,ꯄꯨꯊꯣꯔꯛꯈꯤ
saphaba,ꯁꯥꯐꯕ
nalwa,ꯅꯥꯜꯋꯥ
barrett,ꯕꯔꯔꯦꯠꯠ
ewaanglon,ꯏꯋꯥꯡꯂꯣꯟ
bhavnagar,ꯚꯥꯕꯅꯥꯔ
ahmad,ꯑꯍꯝꯗ
hindustan,ꯍꯤꯟꯗꯨꯁꯟꯟ
atangba,ꯑꯃꯪꯕ
puraktuna,ꯄꯨꯔꯛꯇꯨꯅ
puwaarida,ꯄꯨꯋꯥꯔꯤꯗ
tha,ꯊꯥ
ponce,ꯄꯣꯟꯁꯦ
bisht,ꯕꯤꯁꯠ
pak,ꯄꯥꯛ
kushalappa,ꯀꯨꯁꯥꯂꯄ
melinda,ꯃꯦꯂꯤꯟꯗ
pompano,ꯄꯣꯝꯄꯅꯣ
yatpa,ꯌꯥꯠꯄ
ataa,ꯑꯇꯥ
karkhele,ꯀꯥꯀꯦꯔꯦ
kanchhal,ꯀꯟꯆꯆꯦꯜ
taylorsville,ꯇꯥꯖꯂꯣꯜꯔꯦꯜꯂꯤꯤ
houdoklakpa,ꯍꯧꯗꯣꯛꯂꯛꯄ
nakul,ꯅꯥꯀꯨꯜ
phaoduna,ꯐꯥꯎꯗꯨꯅ
pacheco,ꯄꯥꯆꯤꯌꯣ
paagani,ꯄꯥꯒꯅꯤ
surendranagar,ꯁꯨꯔꯦꯟꯗꯔꯋꯔꯔ
slovakia,ꯁ꯭ꯂꯣꯚꯤꯤꯌꯌꯥ
laurus,ꯂꯥꯎꯔꯁ
centre,ꯁꯦꯟꯇ꯭ꯔꯦ
hotnajaramba,ꯍꯣꯠꯅꯖꯥꯝꯕ
nungshiruba,ꯅꯨꯡꯁꯤꯚ꯭ꯔꯕ
puriklai,ꯄꯨꯔꯤꯛꯂꯥꯢ
ngaore,ꯉꯥꯎꯔꯦ
tapia,ꯇꯥꯄꯤꯌꯥ
awafam,ꯑꯋꯃꯐ
thapham,ꯊꯥꯐꯝ
uningthou,ꯎꯅꯤꯡꯊꯧ
sutton,ꯁꯨꯠꯇꯣꯟ
kayaam,ꯀꯌꯥꯝ
makhaada,ꯃꯈꯥꯗ
leigong,ꯂꯩꯒꯣꯡ
composites,ꯀꯝꯄ꯭ꯂꯦꯁꯇꯁ
barmer,ꯕꯥꯔꯦꯔ
halisahar,ꯍꯁꯤꯁꯌꯥꯔ
kaithal,ꯀꯥꯢꯊꯜ
muthappan,ꯃꯨꯊꯥꯄꯟꯟ
mioi,ꯃꯤꯑꯣꯢ
sulochana,ꯁꯨꯂꯣꯆꯅ
chingsu,ꯆꯤꯡꯁꯨ
lady,ꯂꯥꯗꯤ
nilkamal,ꯅꯤꯜꯀꯥꯃꯥꯛ
khumnaba,ꯈꯨꯝꯅꯕ
mahanagar,ꯃꯍꯥꯅꯒꯔ
gates,ꯒꯦꯠꯁ
eidi,ꯑꯩꯗꯤ
thongalel,ꯊꯣꯉꯉꯥꯂꯦꯜ
novi,ꯅꯣꯚꯤ
allcargo,ꯑꯜꯂꯀꯥꯔꯣꯣ
chicago,ꯆꯤꯢꯀꯥꯎ
teinabadugi,ꯇꯩꯅꯕꯗꯨꯒꯤ
dunwoody,ꯗꯨꯟꯋꯨꯔꯣꯑꯤ
sonawane,ꯁꯣꯅꯥꯋꯥꯟ
mabukta,ꯃꯥꯗꯛꯇ
phaobagidi,ꯐꯥꯎꯕꯒꯤꯗꯤ
eribasingsidagi,ꯏꯔꯤꯕꯁꯤꯡꯗꯒꯤꯗꯤ
lailempigi,ꯂꯥꯢꯂꯦꯝꯄꯤꯒꯤ
edit,ꯏꯗꯤꯠ
aurora,ꯑꯔꯔꯔꯔ
morena,ꯃꯣꯔꯦꯅꯥ
yaubara,ꯌꯥꯕꯔꯥ
chandernagore,ꯆꯦꯟꯗꯦꯔꯤꯌꯔ
avondale,ꯑꯚꯣꯟꯂꯦꯜ
shiromani,ꯁꯤꯔꯣꯃꯥꯅꯤ
leikhribasi,ꯂꯩꯈ꯭ꯔꯤꯕꯁꯤ
mendez,ꯃꯦꯟꯗꯦꯊ
yaanakhi,ꯌꯥꯅꯈꯤ
wangkhatlakkhi,ꯋꯥꯡꯈꯠꯂꯛꯈꯤ
hazaribag,ꯍꯔꯥꯔꯤꯕꯒ
pontiac,ꯄꯣꯟꯇꯤꯌꯥ
bhogeshor,ꯚꯣꯒꯦꯇꯣ
pakee,ꯄꯀꯀꯦ
virani,ꯚꯤꯔꯥꯅꯤ
foam,ꯐꯣꯝ
loushing,ꯂꯧꯁꯤꯡ
erbium,ꯏꯔꯤꯕꯤꯝ
saran,ꯁꯥꯔꯟ
chamunda,ꯆꯥꯃꯨꯟꯗ
caplin,ꯀꯦꯄꯦꯜꯟ
childagi,ꯆꯤꯜꯗꯒꯤ
sipike,ꯁꯤꯄꯤꯀꯦ
senyekni,ꯁꯦꯟꯌꯦꯠꯅꯤ
rowe,ꯔꯣꯋꯦ
pakhanba,ꯄꯥꯈꯟꯕ
chaorakpa,ꯆꯥꯎꯔꯛꯄ
ibada,ꯏꯕꯗ
lakminnaraga,ꯂꯥꯛꯃꯤꯅꯔꯒ
oibadi,ꯑꯣꯢꯕꯗꯤ
phiset,ꯐꯤꯁꯦꯠ
ekhi,ꯏꯈꯤ
yaallaga,ꯌꯥꯜꯂꯒ
maangda,ꯃꯥꯡꯗ
ngaakpa,ꯉꯥꯛꯄ
matik,ꯃꯇꯤꯛ
karambano,ꯀꯔꯝꯕꯅꯣ
paangthokkhiba,ꯄꯥꯡꯊꯣꯛꯈꯤꯕ
ningkham,ꯅꯤꯡꯈꯝ
avenues,ꯑꯖꯤꯅꯨꯁ
kewal,ꯀꯦꯋꯥꯜ
maningtamba,ꯃꯅꯤꯡꯇꯝꯕ
mayaiwairap,ꯃꯌꯥꯢꯌꯥꯢꯄꯥꯠ
akonba,ꯑꯀꯣꯟꯕ
chatnabisisu,ꯆꯠꯅꯕꯤꯁꯤꯁꯨ
canton,ꯀꯦꯟꯇꯣꯟ
ballia,ꯕꯦꯂꯤꯌꯥ
pereddy,ꯄꯦꯁꯦꯗꯦ
uniphos,ꯎꯅꯤꯐꯣꯁ
khundaariba,ꯈꯨꯟꯗꯥꯔꯤꯕ
vineland,ꯚꯤꯅꯦꯂꯦꯟ
gokaldas,ꯒꯣꯀꯜꯗꯁ
moirang,ꯃꯣꯢꯔꯪ
sanskrit,ꯁꯟꯁ꯭ꯁ꯭ꯔꯤꯠ
naaz,ꯅꯥꯎ
kananasu,ꯀꯅꯥꯅꯁꯨ
conley,ꯀꯣꯂꯦ
uthakta,ꯎꯊꯛꯇ
lancaster,ꯂꯥꯟꯀꯥꯁꯇꯔ
imungni,ꯏꯃꯨꯡꯅꯤ
patna,ꯄꯥꯠꯅ
fongba,ꯐꯣꯡꯕ
hosur,ꯍꯣꯁꯨ
ichada,ꯏꯆꯥꯗ
phamjinli,ꯐꯝꯖꯤꯟꯂꯤ
tustin,ꯇꯨꯁꯤꯟꯟ
thoujaaldagi,ꯊꯧꯖꯥꯜꯗꯒꯤ
cheisingkaanglon,ꯆꯩꯁꯤꯡꯀꯥꯡꯂꯣꯟ
aenugu,ꯑꯏꯅꯨ
lamb,ꯂꯝꯕ
yei,ꯌꯩ
conditioning,ꯀꯟꯗꯤꯌꯦꯁꯟꯤꯤꯡ
yumnaksing,ꯌꯨꯝꯅꯥꯛꯁꯤꯡ
wasudewa,ꯋꯁꯨꯗꯦꯋꯋ
chowdhury,ꯆꯣꯋꯨꯔꯤꯢ
ilenpung,ꯏꯂꯦꯟꯄꯨꯡ
rajendra,ꯔꯥꯖꯦꯟꯔ
thermax,ꯊꯦꯔꯃꯛ
hempstead,ꯍꯦꯝꯄꯦꯁꯇꯇ
dhamane,ꯙꯃꯅꯦ
changkhraga,ꯆꯪꯈ꯭ꯔꯒ
chaoraki,ꯆꯥꯎꯔꯥꯀꯤ
harbour,ꯍꯥꯔꯕꯧ
acevedo,ꯑꯁꯦꯚꯦꯇꯣ
lannaduna,ꯂꯥꯟꯅꯗꯨꯅ
orange,ꯑꯣꯔꯥꯟꯦꯜ
siemens,ꯁꯤꯑꯦꯝꯁꯦꯟ
research,ꯔꯤꯁꯔꯁꯊ
poschima,ꯄꯣꯁꯃꯤꯌꯥ
kg,ꯀꯤꯡ
chaoshangba,ꯆꯥꯎꯁꯪꯕ
mamaasigi,ꯃꯃꯥꯁꯤꯒꯤ
mandalaygi,ꯃꯥꯟꯗꯥꯂꯣꯒꯤ
queens,ꯀ꯭ꯌꯦꯟꯁ
ilaat,ꯏꯂꯥꯠ
laothokkhre,ꯂꯥꯎꯊꯣꯛꯈ꯭ꯔꯦ
infosys,ꯏꯟꯕꯣꯁꯤꯌ
chhatarpur,ꯆꯥꯇꯔꯨꯔ
takhelambam,ꯇꯈꯦꯜꯂꯥꯕꯝ
sanglaba,ꯁꯪꯂꯥꯕ
kangphaalgi,ꯀꯪꯐꯥꯜꯒꯤ
makhoi,ꯃꯈꯣꯢ
channa,ꯆꯥꯟꯅ
algerian,ꯑꯜꯒꯦꯔꯤꯌꯥꯟ
leena,ꯂꯤꯅ
engraaji,ꯏꯪꯔꯖꯔꯤ
loubuk,ꯂꯧꯕꯨꯛ
dumka,ꯗꯨꯝꯀ
glaxosmithkline,ꯒ꯭ꯂꯦꯃꯥꯜꯃꯤꯜꯟꯟ
bossier,ꯕꯣꯁꯤꯁ
television,ꯇꯦꯂꯤꯚꯦꯁꯟꯌꯟ
solomon,ꯁꯣꯂꯣꯃꯣꯟ
manassas,ꯃꯅꯥꯁꯁꯁ
mayanglambamna,ꯃꯌꯥꯡꯂꯝꯅꯟꯅ
surabhi,ꯁꯨꯔꯚꯤ
nicobar,ꯅꯤꯀꯣꯕꯔ
ama,ꯑꯃꯥ
bhutan,ꯚꯨꯇꯥꯟ
cross,ꯀ꯭ꯑꯣꯁꯁ
kumar,ꯀꯨꯃꯥꯔ
ashuppa,ꯑꯁꯨꯞꯄ
tampa,ꯇꯝꯄ
hinao,ꯍꯤꯅꯥꯎ
yambem,ꯌꯥꯝꯕꯦꯝ
bhiwani,ꯚ꯭ꯋꯥꯅꯤ
bilaspur,ꯕꯤꯂꯥꯁꯄꯨꯔ
thui,ꯊꯨꯢ
kaathoktuna,ꯀꯥꯊꯣꯛꯇꯨꯅ
bhatia,ꯚꯇꯤꯌꯥ
lompoc,ꯂꯣꯝꯄꯣꯛ
vidhi,ꯕꯤꯚꯤ
yetnaba,ꯌꯦꯠꯅꯕ
electricals,ꯏꯂꯦꯛꯇꯤꯔꯆꯜꯁ
radha,ꯔꯥꯙ
hexaware,ꯍꯦꯛꯀꯥꯋꯦ
panacea,ꯄꯅꯥꯁꯤꯌꯥ
sanitaryware,ꯁꯅꯤꯇꯥꯤꯋꯥꯔꯦ
yonkhi,ꯌꯣꯟꯈꯤ
koppula,ꯀꯣꯞꯄꯨꯂꯥ
irvine,ꯏꯔꯤꯕꯦꯠ
erickson,ꯏꯔꯤꯛꯁꯦꯟꯟ
mangla,ꯃꯪꯂꯥ
shampubi,ꯁꯝꯄꯨꯕꯤ
moroccogi,ꯃꯣꯔꯣꯑꯣꯂꯤꯒꯤ
mahagauri,ꯃꯍꯥꯒꯥꯨꯔꯤ
sapiknu,ꯁꯥꯄꯤꯛꯅꯨ
ngaak,ꯉꯥꯛ
houraklaba,ꯍꯧꯔꯛꯂꯕ
nifumaapan,ꯅꯤꯐꯨꯃꯥꯄꯟ
pheejam,ꯐꯤꯖꯝ
henson,ꯍꯦꯟꯁꯣꯟ
chandel,ꯆꯦꯟꯗꯦꯜ
inter,ꯏꯟꯇꯦꯠ
balkoty,ꯕꯤꯂꯣꯇꯇꯤ
yavatmal,ꯌꯥꯋꯠꯃꯜ
pullapsi,ꯄꯨꯜꯂꯞꯁꯤ
ansari,ꯑꯟꯁꯥꯔꯤ
semkhi,ꯁꯦꯝꯈꯤ
mandla,ꯃꯥꯟꯥꯥꯜꯗ
ibungngo,ꯏꯕꯨꯡꯉꯣ
andaman,ꯑꯥꯟꯗꯥꯟꯟ
adugirane,ꯑꯗꯨꯒꯤꯔꯅꯦ
arappada,ꯑꯔꯞꯄꯗ
wellington,ꯋꯦꯜꯂꯤꯡꯇꯣꯟ
porbandar,ꯄꯣꯔꯕꯥꯟꯗꯔ
thajajaba,ꯊꯥꯖꯖꯕ
apiba,ꯑꯄꯤꯕ
shivastava,ꯁꯤꯚꯥꯁ꯭ꯋ
longview,ꯂꯣꯡꯍꯤꯌꯨ
oiraga,ꯑꯣꯢꯔꯒ
sanakhi,ꯁꯥꯅꯈꯤ
bowling,ꯕꯥꯖꯂꯤꯡ
yanakhi,ꯌꯥꯅꯈꯤ
azusa,ꯑꯓꯨꯁꯥ
livermore,ꯂꯤꯚꯔꯃꯔꯔꯦꯠ
pabunggi,ꯄꯥꯨꯕꯤꯒꯤ
vysya,ꯚꯤꯖꯥꯌꯥ
platoga,ꯄ꯭ꯂꯥꯇꯣꯒ
matonda,ꯃꯇꯣꯟꯗ
balcony,ꯕꯥꯁꯣꯦꯟ
ortega,ꯑꯣꯔꯦꯇꯥ
heket,ꯍꯦꯀꯦꯠ
yumnaaksing,ꯌꯨꯝꯅꯥꯛꯁꯤꯡ
bhriguvanshi,ꯕ꯭ꯔꯤꯕꯤꯁꯟꯒꯤ
lampakta,ꯂꯝꯄꯥꯛꯇ
rajahmundry,ꯔꯥꯒꯦꯟꯨꯔ꯭ꯋꯥꯔꯤ
kamarhati,ꯀꯥꯔꯍꯠꯇꯤ
dayton,ꯗꯥꯖꯇꯣꯟ
shaamu,ꯁꯥꯃꯨ
alto,ꯑꯜꯇꯣ
automation,ꯑꯇꯨꯃꯥꯇꯣꯌꯣꯟ
uchaan,ꯎꯍꯥꯟ
thouraangsingda,ꯊꯧꯔꯥꯡꯁꯤꯡꯗ
linni,ꯂꯤꯟꯅꯤ
infra,ꯏꯟꯄꯦꯔꯥ
pruitt,ꯄ꯭ꯔꯤꯠꯇ
sirsa,ꯁꯤꯁꯔ
alexandria,ꯑꯂꯦꯀꯦꯦꯦꯦꯤꯌꯥ
waarisingda,ꯋꯥꯔꯤꯁꯤꯡꯗ
sijinnanaba,ꯁꯤꯖꯤꯟꯅꯅꯕ
media,ꯃꯦꯗꯤꯌꯥ
chhindwara,ꯆꯤꯟꯗ꯭ꯔꯥ
machaani,ꯃꯆꯥꯅꯤ
laifamdagi,ꯂꯥꯢꯐꯝꯗꯒꯤ
ebirammi,ꯏꯕꯤꯔꯝꯃꯤ
highland,ꯍꯤꯡꯆꯟꯗ
theratipally,ꯊꯦꯔꯥꯇꯥꯔꯤꯌꯜ
yaithing,ꯌꯥꯢꯊꯤꯡ
poupi,ꯄꯧꯄꯤ
panggansinggi,ꯄꯥꯡꯒꯟꯁꯤꯡꯒꯤ
thaa,ꯊꯥ
sen,ꯁꯦꯟ
shoppers,ꯁꯣꯄ꯭ꯄꯦꯁ
jalaun,ꯖꯂꯥꯎꯟ
nagraj,ꯅꯒꯒ꯭ꯠ
waarisinggi,ꯋꯥꯔꯤꯁꯤꯡꯒꯤ
governor,ꯒꯣꯔꯟꯔꯔ
jamaica,ꯖꯃꯥꯢꯀ
irenpungni,ꯏꯔꯦꯟꯄꯨꯡꯅꯤ
romeoville,ꯔꯣꯃꯥꯌꯤꯚꯦꯂꯦ
kwa,ꯀ꯭ꯋꯥ
moses,ꯃꯣꯁꯦꯁ
thajanabi,ꯊꯥꯖꯅꯕꯤ
haraobada,ꯍꯔꯥꯎꯕꯗ
elat,ꯏꯂꯥꯠ
poireitonna,ꯄꯣꯢꯔꯩꯇꯣꯠꯅ
lengba,ꯂꯦꯡꯕ
humputara,ꯍꯨꯝꯄꯨꯇꯔꯥ
streamwood,ꯁ꯭ꯇꯦꯇꯔꯔꯤꯌꯝꯗꯣ
konchin,ꯀꯣꯟꯆꯤꯟ
renuka,ꯔꯦꯅꯨꯀ
panada,ꯄꯅꯗ
khutmaba,ꯈꯨꯠꯃꯥꯕ
gehlot,ꯒꯦꯍꯣꯠꯠ
maningda,ꯃꯅꯤꯡꯗ
asaaba,ꯑꯁꯥꯕ
larsen,ꯂꯥꯁꯦꯟ
sintaaknabi,ꯁꯤꯟꯇꯥꯛꯅꯕꯤ
konark,ꯀꯣꯅꯥꯔꯛ
manna,ꯃꯥꯟꯅ
johnson,ꯖꯣꯟꯍꯣꯟ
thoklakpani,ꯊꯣꯛꯂꯛꯄꯅꯤ
huraallaga,ꯍꯨꯔꯥꯂꯂꯒ
hidaakloisingsi,ꯍꯤꯗꯥꯀꯣꯂꯤꯁꯁꯡꯁꯤ
sinnakhre,ꯁꯤꯟꯅꯈ꯭ꯔꯦ
kayadu,ꯀꯌꯥꯗꯨ
milolna,ꯃꯤꯂꯣꯜꯅ
cypress,ꯀꯤꯄꯦꯋꯦꯁꯁ
rajesh,ꯔꯥꯖꯦꯁ
bhadouriya,ꯚꯥꯗꯧꯔꯤꯌꯥ
safu,ꯁꯥꯨꯨ
dimapurgi,ꯗꯤꯃꯥꯄꯨꯔꯒꯤ
nifumapan,ꯅꯤꯐꯨꯃꯥꯄꯟ
shamu,ꯁꯃꯨ
lanjaonachingba,ꯂꯥꯟꯖꯥꯅꯆꯤꯡꯕ
maannana,ꯃꯥꯟꯅꯅ
vernon,ꯚꯔꯌꯣꯟ
spanish,ꯁ꯭ꯄꯦꯁꯤꯁ
oiraki,ꯑꯣꯢꯔꯥꯀꯤ
srivastava,ꯁ꯭ꯔꯤꯚ꯭ꯋ꯭ꯌ
yin,ꯌꯤꯟ
bhatnagar,ꯚꯠꯅꯥꯔ
sijinnafamsi,ꯁꯤꯖꯤꯟꯐꯝꯁꯤꯁꯤ
ithatsingda,ꯏꯊꯠꯁꯤꯡꯗ
vijayawada,ꯕꯤꯖꯥꯌꯥꯖꯗ
salas,ꯁꯥꯥꯁ
durgavanshi,ꯗꯨꯔꯋꯥꯟꯁꯤ
mani,ꯃꯥꯅꯤ
ikhaa,ꯏꯈꯥ
raipur,ꯔꯥꯢꯄꯨꯔ
nula,ꯅꯨꯂꯥ
coast,ꯀꯣꯁꯠ
bara,ꯕꯥꯔ
siyaram,ꯁꯤꯌꯥꯔꯝ
godfrey,ꯒꯣꯗ꯭ꯋꯣꯔꯤ
awangnongpokta,ꯑꯋꯥꯡꯅꯣꯡꯂꯣꯛꯇ
phungaawaarising,ꯐꯨꯡꯒꯥꯋꯥꯔꯤꯁꯤꯡ
saogatpasida,ꯁꯥꯎꯒꯠꯄꯁꯤꯗ
fatima,ꯐꯇꯤꯃꯥ
kapoor,ꯀꯥꯄꯣꯔ
cobalt,ꯀꯣꯕꯥꯜꯠ
porterville,ꯄꯣꯔꯇꯦꯖꯚꯤꯌꯦꯜ
melbourne,ꯃꯦꯜꯍꯧꯔꯅꯦ
senbi,ꯁꯦꯟꯕꯤ
liberty,ꯂꯤꯕꯦꯔꯇꯤ
chingshu,ꯆꯤꯡꯁꯨ
tilli,ꯇꯤꯜꯂꯤ
dibrugarh,ꯗꯤꯕꯔꯨꯋꯔ
fond,ꯐꯣꯟꯗ
sunteck,ꯁꯨꯟꯇꯦꯛ
baramula,ꯕꯔꯨꯃꯥꯂꯥ
tumlibi,ꯇꯨꯝꯂꯤꯕꯤ
katta,ꯀꯠꯇ
theinabagi,ꯊꯩꯅꯕꯒꯤ
mesopotamiagi,ꯃꯦꯁꯣꯝꯄꯣꯌꯥꯄꯥꯒꯤ
haibadi,ꯍꯥꯢꯕꯗꯤ
ngamkhidre,ꯉꯝꯈꯤꯗ꯭ꯔꯦ
leikhidabadagi,ꯂꯩꯈꯤꯗꯕꯗꯒꯤ
avery,ꯑꯚꯤꯔꯦ
krueger,ꯀ꯭ꯔꯦꯒꯔ
thousand,ꯊꯧꯁꯥꯟꯗ
robins,ꯔꯣꯕꯤꯟꯁ
ithoi,ꯏꯊꯣꯢ
procter,ꯄ꯭ꯔꯦꯛꯇꯔ
karli,ꯀꯥꯔꯤ
samukol,ꯁꯃꯨꯀꯣꯜ
chico,ꯆꯤꯀꯣ
asansol,ꯑꯁꯥꯟꯁꯣꯜ
waaheini,ꯋꯥꯍꯩꯅꯤ
tambiba,ꯇꯝꯕꯤꯕ
goa,ꯒꯣꯥ
rasheed,ꯔꯁꯤꯌꯗ
prudential,ꯄ꯭ꯔꯨꯗꯦꯦꯤꯂꯌꯌꯦꯜ
udhagamandalam,ꯎꯒꯥꯃꯟꯒꯕꯝꯃ
anput,ꯑꯟꯄꯨꯠ
tourangbam,ꯇꯧꯔꯪꯕꯝ
rungta,ꯔꯨꯡꯇꯥ
amara,ꯑꯃꯔꯥ
lepnakhibagi,ꯂꯦꯞꯅꯈꯤꯕꯒꯤ
sakei,ꯁꯥꯀꯩ
shrivas,ꯁ꯭ꯔꯤꯚꯁ
thoubalna,ꯊꯧꯕꯥꯜꯅ
chahichadadi,ꯆꯍꯤꯆꯥꯗꯗꯤ
shakkhangbidriba,ꯁꯛꯈꯪꯈꯤꯗꯕꯤꯕ
phek,ꯐꯦꯛ
lon,ꯂꯣꯟ
yaanaba,ꯌꯥꯅꯕ
chaosangba,ꯆꯥꯎꯁꯪꯕ
chinagi,ꯆꯤꯅꯒꯤ
agdistis,ꯑꯥꯒꯗꯁꯤꯁꯁ
khumangi,ꯈꯨꯃꯥꯟꯒꯤ
teamlease,ꯇꯤꯑꯦꯂꯦꯂꯤꯁ
chakrabortty,ꯆꯥꯀꯥꯔꯦꯋꯣꯔꯤꯤꯤ
srinagar,ꯁ꯭ꯔꯤꯅꯔꯔ
yaarani,ꯌꯥꯔꯥꯅꯤ
suchi,ꯁꯨꯍꯤ
humfutarataret,ꯍꯨꯝꯐꯨꯇꯔꯇꯇꯦꯠꯠ
attraa,ꯑꯇ꯭ꯇꯔꯥ
union,ꯌꯨꯅꯤꯌꯟ
khumnaribi,ꯈꯨꯝꯅꯔꯤꯕꯤ
potfam,ꯄꯣꯠꯐꯝ
nakpada,ꯅꯛꯄꯗ
meeoi,ꯃꯤꯑꯣꯢ
fischer,ꯐꯤꯁꯆꯦꯠ
maran,ꯃꯔꯥꯟ
thindoraki,ꯊꯤꯟꯗꯣꯔꯀꯤ
shaakei,ꯁꯥꯀꯩ
thinli,ꯊꯤꯟꯂꯤ
chingburoisinggi,ꯆꯤꯡꯕꯨꯔꯤꯡꯒꯤꯒꯤ
ibadubu,ꯏꯕꯕꯨꯕꯨ
meeteisingna,ꯃꯤꯇꯩꯁꯤꯡꯅ
sajina,ꯁꯖꯤꯅ
yennei,ꯌꯦꯟꯅꯩ
laangbi,ꯂꯥꯡꯕꯤ
jalpaiguri,ꯖꯜꯄꯥꯄꯤꯌꯥꯔꯤ
thongdagi,ꯊꯣꯡꯗꯒꯤ
phaktoklaga,ꯐꯛꯇꯣꯛꯂꯒ
wilkerson,ꯋꯤꯜꯀꯦꯁꯟ
solotkhaipam,ꯁꯣꯂꯦꯠꯅꯥꯐꯐꯝ
papers,ꯄꯦꯄꯦꯁ
nakshatra,ꯅꯛꯁꯇ꯭ꯔ
paanpaki,ꯄꯥꯟꯄꯀꯤ
saraswatigi,ꯁꯥꯔꯥꯋꯇꯤꯒꯤ
chenningpaki,ꯆꯦꯟꯅꯤꯡꯄꯥꯛꯤ
kheer,ꯈꯤꯔꯦ
chattaba,ꯆꯠꯇꯕ
khotnabagi,ꯈꯣꯠꯅꯕꯒꯤ
chavez,ꯆꯥꯤꯦ
cutler,ꯀ꯭ꯠꯂꯔ
tripura,ꯇ꯭ꯔꯤꯄꯨꯔꯥ
khanghannaba,ꯈꯪꯍꯟꯅꯕ
varma,ꯚꯥꯔꯃ
bugalia,ꯕꯨꯒꯥꯂꯤꯌꯥ
dwarikesh,ꯗ꯭ꯋꯥꯔꯦꯁꯁ
jivani,ꯖꯤꯚꯅꯤ
taylorsville,ꯇꯥꯖꯂꯣꯜꯔꯦꯜꯂꯤꯤ
sheithai,ꯁꯩꯊꯥꯢ
phaahoubagi,ꯐꯥꯍꯧꯕꯒꯤ
lairikyenbamlol,ꯂꯥꯢꯔꯤꯛꯄꯥꯜꯍꯣꯜꯂꯣꯜ
mukherjee,ꯃꯨꯈꯦꯔꯦꯖ
world,ꯋꯣ꯭ꯂꯦꯗ
thunglure,ꯊꯨꯡꯂꯦꯗꯦ
orissa,ꯑꯣꯔꯤꯁꯁ
khanthakho,ꯈꯟꯊꯈꯣ
boise,ꯕꯣꯢꯁꯦ
palamba,ꯄꯥꯂꯝꯕ
mahoney,ꯃꯍꯣꯅꯦ
ngaksennanaba,ꯉꯥꯛꯁꯦꯠꯅꯅꯕ
meeteilon,ꯃꯤꯇꯩꯂꯣꯟ
khangbidraba,ꯈꯪꯕꯤꯗ꯭ꯔꯕ
international,ꯏꯟꯇꯤꯅꯦꯔꯖꯤꯌꯦꯂꯥꯜ
pikhi,ꯄꯤꯈꯤ
potahallu,ꯄꯣꯇꯥꯂꯜꯨ
khundariba,ꯈꯨꯟꯗꯥꯔꯤꯕ
deo,ꯗꯥꯑꯣ
dungarpur,ꯗꯨꯡꯔꯥꯄꯨꯔ
rehman,ꯔꯦꯝꯍꯟ
yenthoklaba,ꯌꯦꯟꯊꯣꯛꯂꯕ
aditya,ꯑꯗꯤꯇꯇ
gillette,ꯒꯤꯂꯦꯠꯇꯦꯠ
arshad,ꯑꯥꯔꯁꯥ
dhabi,ꯙꯥꯕꯤ
azamgarh,ꯑꯋꯝꯗꯔ
iraqta,ꯏꯔꯥꯠꯇ
welding,ꯋꯦꯜꯗꯤꯡ
dhar,ꯙꯔ
bishnupur,ꯕꯤꯁꯅꯨꯨꯄꯨ
sunnyvale,ꯁꯨꯟꯖꯥꯚꯍꯦ
rajnandgaon,ꯔꯥꯖꯅꯦꯎꯟꯗꯟ
marifumangaa,ꯃꯔꯤꯐꯨꯃꯉꯥ
leisangthem,ꯂꯩꯁꯥꯡꯊꯦꯝ
benson,ꯕꯦꯟꯁꯣꯟ
cherolna,ꯆꯦꯔꯣꯂꯅ
yokhatpagi,ꯌꯣꯈꯠꯄꯒꯤ
chamba,ꯆꯝꯕ
mediterranean,ꯃꯦꯗꯤꯇ꯭ꯔꯔꯤꯌꯦꯌꯥꯟꯟ
sangagi,ꯁꯪꯒꯒꯤ
round,ꯔꯥꯎꯟ
nasreen,ꯅꯥꯁꯦꯦꯟꯠ
lingkhatlami,ꯂꯤꯡꯈꯠꯂꯝꯏ
utilities,ꯎꯇꯤꯂꯤꯇꯦꯁ
tehri,ꯇꯦꯍꯔꯤ
alhambra,ꯑꯜꯍꯝꯋ꯭
mcpherson,ꯃꯦꯛꯐꯦꯁꯟ
arellano,ꯑꯔꯦꯜꯂꯥꯟ
database,ꯗꯥꯇꯕꯁꯤ
fullerton,ꯐꯨꯜꯂꯦꯔꯣꯟ
heisnam,ꯍꯩꯁꯅꯥꯝ
lomle,ꯂꯣꯝꯂꯦ
ocoee,ꯑꯣꯁꯤꯅꯦ
baltimore,ꯕꯤꯜꯇꯃꯣꯔꯤꯟ
haibadagi,ꯍꯥꯢꯕꯗꯒꯤ
cochin,ꯀꯤꯆꯦꯟ
senthang,ꯁꯦꯟꯊꯪ
phouba,ꯐꯧꯕ
euro,ꯏꯌꯨꯔꯣ
chanei,ꯆꯥꯅꯩ
thanjavur,ꯊꯥꯖꯖꯥꯐꯨ
orchha,ꯑꯣꯔꯆꯥ
mehendale,ꯃꯦꯍꯦꯟꯗꯦꯜ
ikha,ꯏꯈꯥ
danville,ꯗꯥꯖꯤꯜꯍꯜ
estates,ꯏꯁꯇꯦꯠꯟ
maraktasu,ꯃꯥꯔꯛꯇꯁꯨ
loubukta,ꯂꯧꯕꯨꯛꯇ
siel,ꯁꯤꯂꯦ
mahankmadaan,ꯃꯍꯥꯟꯀꯟꯗꯥꯟ
michael,ꯃꯤꯆꯦꯜ
nodesna,ꯅꯣꯗꯦꯁꯅ
kettering,ꯀꯦꯠꯇꯦꯔꯤꯡ
minungsi,ꯃꯤꯅꯨꯡꯁꯤ
jones,ꯖꯣꯅꯦꯁ
humfunipaan,ꯍꯨꯝꯐꯨꯅꯤꯄꯥꯟ
leimaida,ꯂꯩꯃꯥꯢꯗ
estes,ꯏꯁꯦꯦꯠ
colombiagi,ꯀꯣꯂꯦꯝꯕꯤꯒꯤ
carey,ꯀꯦꯔꯦ
sweeney,ꯁ꯭ꯌꯦꯌꯦꯅꯤꯥꯢ
faraba,ꯐꯥꯔꯕ
pradesh,ꯄ꯭ꯔꯦꯗꯁ
manipur,ꯃꯅꯤꯄꯨꯔ
khngnaraba,ꯈꯦꯡꯅꯔꯕ
lonsingdi,ꯂꯣꯟꯁꯤꯡꯗꯤ
yumlingngi,ꯌꯨꯝꯂꯤꯡꯂꯤ
evanston,ꯏꯖꯥꯟꯁꯣꯟꯟ
marifumaapan,ꯃꯔꯤꯐꯨꯃꯥꯄꯟ
hanumangarh,ꯍꯅꯨꯃꯥꯟꯋ
crest,ꯀ꯭ꯢꯦꯠꯁ
villa,ꯚꯤꯜꯂꯥ
marcos,ꯃꯥꯔꯣꯣꯁ
ramkrishna,ꯔꯥꯀ꯭꯭ꯔꯁꯁꯅ
brahmapur,ꯕ꯭ꯔꯥꯃꯥꯐꯔꯔ
utpani,ꯎꯠꯄꯅꯤ
flint,ꯐ꯭ꯂꯤꯟ
majesco,ꯃꯖꯖꯁꯀꯣ
adusu,ꯑꯗꯨꯁꯨ
maangbaraa,ꯃꯥꯡꯕꯔꯥ
eaton,ꯏꯇꯥꯣꯟ
and,ꯑꯟꯗ
reese,ꯔꯤꯁꯦ
shajik,ꯁꯥꯖꯤꯛ
natraga,ꯅꯠꯔꯔꯒ
nungsiraba,ꯅꯨꯡꯁꯤꯖꯕ
yinyangsi,ꯌꯤꯟꯌꯥꯁꯁꯤ
leirese,ꯂꯩꯔꯦꯁꯦ
webb,ꯋꯦꯕꯕ
chetan,ꯆꯦꯇꯟ
vista,ꯚꯤꯁꯇ
naoshekpam,ꯅꯥꯎꯁꯦꯛꯄꯝ
polaang,ꯄꯣꯂꯥꯡ
athak,ꯑꯊꯥꯛ
maapangi,ꯃꯥꯄꯥꯟꯒꯤ
thaagonnaba,ꯊꯥꯒꯣꯟꯅꯕ
khaliq,ꯈꯥꯂꯤꯛ
heishnam,ꯍꯩꯁꯅꯅꯥꯝ
dhindhwal,ꯕꯤꯟꯆ꯭ꯇꯦꯜ
lepkhiba,ꯂꯦꯞꯈꯤꯕ
loki,ꯂꯣꯀꯤ
davidson,ꯗꯥꯚꯤꯁꯟꯗꯟ
infobeans,ꯏꯟꯕꯣꯕꯦꯁꯟ
napa,ꯅꯥꯄ
chaasi,ꯆꯥꯁꯤ
newark,ꯅ꯭ꯋꯥꯔꯛ
rivas,ꯔꯤꯚꯁ
combs,ꯀꯝꯕꯤꯁ
furuki,ꯐꯨꯔꯤꯀꯤ
chingshaang,ꯆꯤꯡꯁꯪ
kentwood,ꯀꯦꯟꯋꯨꯇꯣꯗ
chaorammi,ꯆꯥꯎꯔꯝꯃꯤ
houba,ꯍꯧꯕ
navkar,ꯅꯥꯢꯇꯔ
houi,ꯍꯧꯏ
yeithokkhi,ꯌꯩꯊꯣꯛꯈꯤ
faahanli,ꯐꯥꯍꯟꯂꯤ
chathallakpa,ꯆꯊꯜꯂꯛꯛ
gandharigi,ꯒꯥꯟꯙꯥꯔꯤꯒꯤ
mermaidsinggi,ꯃꯔꯃꯥꯔꯦꯁꯁꯡꯒꯤ
cigniti,ꯁꯤꯖꯤꯦꯇꯤ
taipangpal,ꯇꯥꯢꯄꯪꯄꯥꯜ
oracle,ꯑꯣꯔꯦꯂꯜ
shaji,ꯁꯥꯖꯤ
khanlaba,ꯈꯟꯂꯕ
nongchup,ꯅꯣꯡꯆꯨꯞ
famgi,ꯐꯝꯒꯤ
thamfamni,ꯊꯝꯐꯝꯅꯤ
singha,ꯁꯤꯡꯍ
rosemead,ꯔꯣꯁꯦꯌꯝꯗ
yengkhatpa,ꯌꯦꯡꯈꯠꯄ
kakwa,ꯀꯥꯛꯊꯥ
chada,ꯆꯥꯗ
winter,ꯋꯤꯟꯇꯦꯠ
waangkhi,ꯋꯥꯡꯈꯤ
laihuida,ꯂꯥꯢꯍꯨꯢꯗ
ayaambagi,ꯑꯌꯥꯝꯕꯒꯤ
agrahari,ꯑꯦꯒꯔꯋꯥꯔꯤ
saharan,ꯁꯍꯥꯔꯟ
phenix,ꯐꯦꯅꯤꯛ
falls,ꯐꯜꯜꯁ
amadani,ꯑꯃꯗꯅꯤ
pukhrambam,ꯄꯨꯈ꯭ꯔꯥꯝꯕꯝ
priyadarshini,ꯄ꯭ꯔꯤꯌꯥꯔꯁꯁꯇꯅꯤ
vikram,ꯚꯤꯀ꯭꯭ꯔꯥꯝ
israel,ꯏꯁꯤꯔꯦꯜ
meesingni,ꯃꯤꯁꯤꯡꯅꯤ
hdfc,ꯍꯥꯞꯆ
laibakki,ꯂꯥꯢꯕꯛꯀꯤ
siyang,ꯁꯤꯌꯥꯡ
nizamat,ꯅꯤꯌꯥꯇꯠ
gopal,ꯒꯣꯄꯥꯜ
klein,ꯀꯦꯂꯦꯟ
kanglupna,ꯀꯥꯡꯂꯨꯞꯅ
bismarck,ꯕꯤꯁꯃꯥꯔꯛ
betul,ꯕ꯭ꯇꯨꯜ
khong,ꯈꯣꯡ
barman,ꯕꯥꯔꯃꯟ
fampaalda,ꯐꯝꯄꯥꯜꯗ
singtamni,ꯁꯤꯡꯇꯝꯅꯤ
simulated,ꯁꯤꯃꯨꯂꯇꯦꯠ
eastvale,ꯑꯦꯖꯁꯇꯦꯜ
sovettagi,ꯁꯣꯚꯦꯇꯦꯒꯤ
freeman,ꯐ꯭ꯔꯦꯃꯟ
shakhenba,ꯁꯛꯍꯦꯟꯕ
ningthijana,ꯅꯤꯡꯊꯤꯖꯅ
kenner,ꯀꯦꯟꯅꯦꯔ
lake,ꯂꯥꯀꯦ
computerna,ꯀꯝꯄꯨꯇꯔ
waaheisingsigi,ꯋꯥꯍꯩꯁꯤꯡꯁꯤꯒꯤ
turkey,ꯇꯨꯔꯦꯀꯤ
ebada,ꯏꯕꯗ
hourakkhare,ꯍꯧꯔꯛꯈꯔꯦ
chandler,ꯆꯟꯂꯦꯗꯦ
ratlam,ꯔꯥꯠꯂꯝ
laiphamsing,ꯂꯥꯢꯐꯝꯁꯤꯡ
jose,ꯖꯣꯁꯦ
ghaziabad,ꯓꯍꯤꯌꯥꯕ
guwahati,ꯒꯨꯋꯥꯋꯇꯤ
aegis,ꯏꯏꯒꯤ
ngakthoki,ꯉꯥꯛꯊꯣꯛꯏ
galileo,ꯒꯦꯂꯤꯂꯦ
sinnakhi,ꯁꯤꯟꯅꯈꯤ
airtel,ꯑꯏꯢꯇꯦꯜ
dhuburi,ꯙꯨꯕꯨꯔꯤ
laanna,ꯂꯥꯟꯅ
khungi,ꯈꯨꯡꯏ
mapapu,ꯃꯄꯥꯄꯨ
eningthou,ꯏꯅꯤꯡꯊꯧ
marry,ꯃꯔꯔꯤ
burhanpur,ꯕꯨꯔꯟꯍꯄꯨꯔ
khundaba,ꯈꯨꯟꯗꯕ
pokhriyal,ꯄꯣꯛꯈ꯭ꯔꯤꯌꯥꯜ
kohima,ꯀꯣꯍꯤꯃꯥ
thellon,ꯊꯦꯜꯂꯣꯟ
purnia,ꯄꯨꯔꯤꯌꯥꯅ
apakngada,ꯑꯄꯛꯉꯗ
arena,ꯑꯔꯦꯅ
laipubam,ꯂꯥꯢꯄꯨꯕꯝ
chirang,ꯆꯤꯔꯥꯡ
adutani,ꯑꯗꯨꯇꯇꯅꯤ
mariphumanga,ꯃꯔꯤꯐꯨꯃꯉꯥ
outage,ꯑꯧꯇꯒꯦ
tinplate,ꯇꯤꯟꯄꯥꯂꯦꯠ
chinggi,ꯆꯤꯡꯒꯤ
lainupa,ꯂꯥꯢꯅꯨꯄꯥ
nucleus,ꯅ꯭ꯌꯨꯀꯤꯁꯁ
laanmeena,ꯂꯥꯟꯃꯤꯅ
asengbadi,ꯑꯁꯦꯡꯕꯗꯤ
quintero,ꯀ꯭ꯢꯦꯦꯇꯇ
springfield,ꯁ꯭ꯄꯦꯟꯕꯤꯉꯦꯗ
tayde,ꯇꯥꯗꯦꯠ
bass,ꯕꯥꯁ
sada,ꯁꯥꯗ
wamang,ꯋꯥꯃꯥꯡ
lakpham,ꯂꯥꯛꯐꯝ
thaangbadi,ꯊꯥꯡꯕꯗꯤ
montebello,ꯃꯣꯟꯇꯦꯕꯣꯂꯣꯜ
sathiraba,ꯁꯥꯊꯤꯔꯕ
mandadi,ꯃꯥꯟꯗꯗꯤ
jain,ꯖꯥꯢꯟ
warahi,ꯋꯥꯔꯥꯍꯤ
dhanbad,ꯙꯟꯕꯗ
paaba,ꯄꯥꯕ
sadrisibo,ꯁꯥꯗ꯭ꯔꯤꯁꯤꯕꯣ
somany,ꯁꯣꯃꯥꯟ
oiringei,ꯑꯣꯢꯔꯤꯉꯩ
sellers,ꯁꯦꯜꯂꯦꯔ
luchingduna,ꯂꯨꯆꯤꯡꯗꯨꯅ
yangoijam,ꯌꯥꯡꯉꯣꯖꯝ
yotlina,ꯌꯣꯠꯂꯤꯅ
frederick,ꯐ꯭ꯔꯦꯗꯦꯔꯇꯤꯛ
funggawarising,ꯐꯨꯡꯒꯥꯋꯥꯔꯤꯁꯤꯡ
bhawaani,ꯚꯋꯥꯅꯤ
khandelwal,ꯈꯟꯗꯦꯜꯍꯜ
euro,ꯏꯌꯨꯔꯣ
potlamsinggi,ꯄꯣꯠꯂꯝꯁꯤꯡꯒꯤ
shaknari,ꯁꯛꯅꯔꯤ
maheshwar,ꯃꯍꯦꯁ꯭ꯋꯔ
foro,ꯐꯣꯔꯣ
kangleipakpu,ꯀꯪꯂꯩꯄꯥꯛꯄꯨ
chase,ꯆꯥꯁꯦ
kramer,ꯀ꯭ꯔꯥꯃꯦ
nandinagari,ꯅꯥꯟꯗꯤꯅꯔꯥꯔꯤ
sheopur,ꯁꯤꯑꯣꯄꯨ
tamlibasing,ꯇꯝꯂꯤꯕꯁꯤꯡ
balrampur,ꯕꯥꯂꯥꯔꯐꯄꯔ
skipper,ꯁꯤꯀꯨꯄꯦꯔ
dwevedi,ꯗ꯭ꯋꯦꯚꯗꯤ
fou,ꯐꯧ
mariphumaapan,ꯃꯔꯤꯐꯨꯃꯥꯄꯟꯟ
thaapham,ꯊꯥꯐꯝ
taohuireng,ꯇꯥꯍꯧꯔꯣꯢꯤꯡ
howe,ꯍꯧꯋꯦ
shaaphu,ꯁꯥꯐꯨ
pamjaba,ꯄꯥꯝꯖꯕ
indiabulls,ꯏꯟꯗꯤꯌꯥꯜꯕꯁꯁ
honeywell,ꯍꯣꯅꯤꯌꯦꯂꯦꯜ
thaadoklamlaga,ꯊꯥꯗꯣꯛꯂꯝꯂꯒ
sagatlammi,ꯁꯥꯒꯠꯂꯝꯃꯤ
pong,ꯄꯣꯡ
babur,ꯕꯥꯕꯨꯔ
bareli,ꯕꯦꯔꯦꯂꯤ
cheiraochingda,ꯆꯩꯔꯥꯎꯆꯪꯡꯗ
ingraj,ꯏꯪꯔꯖꯦ
punge,ꯄꯨꯡꯑꯦ
paanari,ꯄꯥꯅꯔꯤ
neal,ꯅꯦꯌꯜ
yaangkheinipaan,ꯌꯥꯡꯈꯩꯅꯤꯟꯄꯥꯟ
balaji,ꯕꯥꯖꯥꯂꯤ
chayetnagalli,ꯆꯌꯦꯠꯅꯂꯜꯂꯤ
rancho,ꯔꯥꯟꯆꯣ
tumbada,ꯇꯨꯝꯕꯗ
waaheina,ꯋꯥꯍꯩꯅ
ion,ꯑꯌꯣꯟ
emaalonbu,ꯏꯃꯥꯂꯣꯟꯕꯨ
waterloo,ꯋꯥꯇꯦꯔꯣꯂꯣ
uthokchaba,ꯎꯊꯣꯛꯆꯕ
cerebra,ꯁꯦꯔꯤꯕ
amar,ꯑꯃꯔ
angelo,ꯑꯪꯖꯦꯂꯣ
mayekna,ꯃꯌꯦꯛꯅ
tate,ꯇꯇꯦ
paomi,ꯄꯥꯎꯃꯤ
sangrur,ꯁꯪꯗ꯭ꯔꯨ
kaanglupsigi,ꯀꯥꯡꯂꯨꯞꯁꯤꯒꯤ
latpaki,ꯂꯥꯠꯄꯀꯤ
khammam,ꯈꯝꯃꯝ
sikar,ꯁꯤꯀꯔ
madina,ꯃꯥꯗꯤꯅ
darbhanga,ꯗꯔꯙꯍꯟꯒ
pletoga,ꯄ꯭ꯂꯦꯇꯣꯒ
summerville,ꯁꯨꯝꯁꯦꯚꯣꯔꯤꯂꯦ
waco,ꯋꯥꯑꯣꯁ
waakat,ꯋꯥꯀꯠ
khatri,ꯈꯥꯇ꯭ꯔꯤ
asamiya,ꯑꯁꯥꯃꯤꯌꯥ
phahoubagi,ꯐꯍꯧꯕꯒꯤ
semsaaba,ꯁꯦꯝꯁꯥꯕ
iribasingsidagi,ꯏꯔꯤꯕꯁꯤꯡꯗꯒꯤꯗꯤ
hollywood,ꯍꯣꯜꯌꯨꯇꯣꯚ
pothaahallu,ꯄꯣꯊꯥꯂꯂꯨꯨ
cheni,ꯀꯦꯅꯤ
adkins,ꯑꯥꯛꯁꯤꯟ
garcia,ꯒꯦꯔꯤꯌꯥ
lindsey,ꯂꯤꯟꯁꯦꯁ
sumter,ꯁꯨꯝꯇꯔꯦ
makhel,ꯃꯈꯦꯜ
kampleks,ꯀꯝꯄ꯭ꯂꯦꯛꯁ
leipakna,ꯂꯩꯄꯥꯛꯅ
koukhi,ꯀꯧꯈꯤ
styrolution,ꯁ꯭ꯌ꯭ꯇꯣꯖꯣꯖꯟꯔꯤꯌꯟ
samaddar,ꯁꯃꯗꯗꯔ
ellison,ꯏꯂꯦꯁꯌꯣꯟ
meetana,ꯃꯤꯇꯅ
stafford,ꯁ꯭ꯇꯦꯐꯣꯔꯗ
kuantum,ꯀꯨꯟꯇꯨꯝ
raiganj,ꯔꯥꯢꯑꯦꯟ
huntsville,ꯍꯨꯟꯆꯤꯜꯆ꯭ꯂꯤ
lup,ꯂꯨꯞ
budge,ꯕꯨꯗꯦ
tekhao,ꯇꯦꯈꯥꯎ
pharaba,ꯐꯥꯔꯕ
cambridge,ꯀꯦꯝꯕ꯭ꯔꯤꯗꯦ
dearborn,ꯗꯦꯔꯦꯕꯣꯔꯟ
vijayapura,ꯕꯤꯖꯥꯖꯌꯋꯥꯔ
sadu,ꯁꯥꯗꯨ
faridabad,ꯐꯔꯤꯗꯕꯗ
kek,ꯀꯦꯛ
tyres,ꯇꯥꯢꯔꯦꯁ
silchar,ꯁꯤꯜꯆꯔ
clarita,ꯀ꯭ꯂꯥꯢꯔ
lishang,ꯂꯤꯁꯪ
placentia,ꯄ꯭ꯂꯦꯁꯦꯟꯤꯌꯥꯇ
ningonbu,ꯅꯤꯉꯣꯟꯕꯨ
waa,ꯋꯥ
corona,ꯀꯣꯔꯣꯅꯥ
mittranggi,ꯃꯤꯠꯇ꯭ꯔꯥꯟꯒꯤ
telivijan,ꯇꯦꯂꯤꯚꯦꯟꯟ
asokpa,ꯑꯁꯣꯛꯄ
bellingham,ꯕꯦꯜꯂꯤꯡꯐꯝ
koraput,ꯀꯣꯔꯥꯄꯨꯠ
oricon,ꯑꯣꯔꯤꯀꯣꯟ
changbabu,ꯆꯪꯕꯕꯨ
bengaluru,ꯕꯦꯡꯒꯂꯨꯔꯨ
khullakpani,ꯈꯨꯜꯂꯥꯛꯄꯅꯤ
nupisingbu,ꯅꯨꯄꯤꯁꯤꯡꯕꯨ
echu,ꯏꯆꯥꯎ
surfactants,ꯁꯨꯄꯦꯋꯥꯟꯁꯟ
saabinaba,ꯁꯥꯕꯤꯅꯕ
prometheus,ꯄ꯭ꯔꯤꯃꯦꯊꯤꯌꯁ
intarnesanel,ꯏꯟꯇꯥꯅꯁꯦꯁꯤꯖꯦꯜ
nongthaktagi,ꯅꯣꯡꯊꯛꯇꯒꯤ
saru,ꯁꯥꯔꯨ
mahawidya,ꯃꯍꯥꯋꯤꯌꯥ
titansinggidamak,ꯇꯥꯢꯇꯪꯁꯤꯕꯤꯗꯃꯛ
niphu,ꯅꯤꯐꯨ
malaysia,ꯃꯥꯂꯤꯌꯥꯁꯌꯥ
wiley,ꯋꯤꯂꯤ
nongcheng,ꯅꯣꯡꯆꯦꯡ
giridih,ꯒꯤꯔꯤꯗꯤ
huerta,ꯍꯨꯔꯦꯠꯇ
huber,ꯍꯐꯦꯕꯦ
delhi,ꯗꯦꯜꯍꯤ
braunfels,ꯕ꯭ꯔꯥꯟꯕꯦꯜꯁ
epaakachouba,ꯏꯄꯥꯛꯆꯧꯕ
bharadwaj,ꯚꯔꯥꯗ꯭ꯋꯥ
singbulbu,ꯁꯤꯡꯕꯨꯜꯕꯨ
foureima,ꯐꯧꯔꯩꯃ
oaks,ꯑꯣꯀꯥꯁ
parma,ꯄꯔꯃ
lanngamduna,ꯂꯥꯟꯒꯝꯗꯨꯅ
kashyap,ꯀꯁꯥꯥꯠ
vatakara,ꯚꯇꯇꯔ
ali,ꯑꯂꯤ
cheisu,ꯆꯩꯁꯨ
aurangabad,ꯑꯔꯔꯕꯟꯟ
umang,ꯎꯃꯪ
khaplamlaga,ꯈꯞꯂꯝꯂꯒ
mcdaniel,ꯃꯦꯛꯀꯥꯗꯤꯜ
itou,ꯏꯇꯧ
sayongi,ꯁꯌꯣꯟꯒꯤ
vishwakarma,ꯚꯤꯒꯠꯃꯥꯔꯃ
laiphao,ꯂꯥꯢꯐꯥꯎ
khambhat,ꯈꯝꯐꯠ
fertilizers,ꯐꯦꯔꯤꯇꯤꯌꯔꯁꯁ
saamu,ꯁꯥꯃꯨ
clifton,ꯀꯤꯄꯣꯠꯣꯟ
longsen,ꯂꯣꯡꯁꯦꯟ
mishak,ꯃꯤꯁꯛ
sanghvi,ꯁꯪꯍꯤꯢ
hanson,ꯍꯟꯟꯁꯟ
tainu,ꯇꯥꯢꯅꯨ
yelhoumisingbu,ꯌꯦꯜꯍꯧꯂꯤꯕꯁꯤꯕꯨ
yatra,ꯌꯥꯇ꯭ꯔ
puraa,ꯄꯨꯔꯥ
jeffersonville,ꯖꯦꯐꯦꯁꯇꯦꯕꯣꯂꯤꯌꯜ
tanbada,ꯇꯥꯕꯗ
piraku,ꯄꯤꯔꯛꯎ
salangthem,ꯁꯂꯥꯡꯊꯦꯝ
khak,ꯈꯥꯛ
nongshaamei,ꯅꯣꯡꯁꯥꯃꯩ
taphamsang,ꯇꯐꯝꯁꯪ
nongsamei,ꯅꯣꯡꯁꯥꯃꯩ
nagalandna,ꯅꯒꯂꯥꯟꯟꯗ
osmanabad,ꯑꯣꯁꯝꯅꯕꯗ
ircon,ꯏꯔꯣꯑꯣꯟ
paambagi,ꯄꯥꯝꯕꯒꯤ
hackensack,ꯍꯥꯀꯦꯟꯀꯦꯁꯛ
pradeshki,ꯄ꯭ꯔꯦꯦꯁꯁꯀꯤ
organik,ꯑꯣꯔꯒꯥꯌꯤꯛ
jagtap,ꯖꯒꯠꯄ
konsillo,ꯀꯣꯟꯁꯤꯜꯂꯣ
chakmom,ꯆꯥꯃꯣꯝ
rajouri,ꯔꯥꯖꯧꯔꯤ
hendricks,ꯍꯦꯟꯗ꯭ꯔꯤꯁꯁꯛ
madudagi,ꯃꯗꯨꯗꯒꯤ
calhoun,ꯀꯜꯍꯧꯟ
shrivas,ꯁ꯭ꯔꯤꯚꯁ
hantharakpadagi,ꯍꯟꯊꯔꯛꯄꯗꯒꯤ
kaachin,ꯀꯥꯆꯤꯟ
suzlon,ꯁꯨꯖꯣꯟꯟ
monte,ꯃꯣꯟꯇꯦ
placental,ꯄ꯭ꯂꯥꯟꯦꯦꯁ
mechanism,ꯃꯦꯆꯥꯁꯤꯝ
panari,ꯄꯅꯔꯤ
naakanlomda,ꯅꯥꯀꯝꯂꯣꯟꯗ
herbaceous,ꯍꯦꯔꯥꯕꯁꯁꯁ
yenglammi,ꯌꯦꯡꯂꯝꯃꯤ
indianapolis,ꯏꯟꯗꯤꯌꯥꯔꯦꯁꯟꯁꯤ
singam,ꯁꯤꯡꯒꯝ
nungshi,ꯅꯨꯡꯁꯤ
sinloi,ꯁꯤꯟꯂꯣꯢ
pearson,ꯄꯦꯌꯣꯔꯁꯟ
otpi,ꯑꯣꯠꯄꯤ
koilang,ꯀꯣꯢꯂꯪ
lembi,ꯂꯦꯝꯕꯤ
zydus,ꯓꯤꯗꯁ
esing,ꯏꯁꯤꯡ
surungni,ꯁꯨꯨꯔꯡꯅꯤ
atom,ꯑꯇꯣꯝ
gill,ꯒꯤꯜ
sharuksing,ꯁꯥꯨꯛꯁꯤꯡ
rajasthan,ꯔꯥꯖꯆꯟꯟ
covina,ꯀꯣꯚꯤꯅꯥ
alipore,ꯑꯂꯤꯄꯣꯔꯔ
mckenzie,ꯃꯦꯛꯀꯦꯕꯅꯤ
panesar,ꯄꯅꯦꯁ꯭ꯔ
taaklamba,ꯇꯥꯛꯂꯝꯕ
leijadaba,ꯂꯩꯖꯗꯕ
textiles,ꯇꯦꯛꯇꯤꯁꯂꯁ
phamdengba,ꯐꯝꯗꯦꯡꯕ
mahiga,ꯃꯍꯤꯒ
apisaa,ꯑꯄꯤꯁꯥ
meditarreniyan,ꯃꯦꯗꯤꯇꯔꯌꯤꯔꯤꯌꯥꯟ
faba,ꯐꯥꯕ
logistics,ꯂꯣꯒꯤꯁꯇꯁꯁ
langbi,ꯂꯥꯡꯕꯤ
spirits,ꯁ꯭ꯄꯤꯇꯔꯁ
fahoubagi,ꯐꯍꯧꯕꯒꯤ
atkinson,ꯑꯦꯛꯇꯤꯟꯂꯣꯟ
industries,ꯏꯟꯗꯁ꯭ꯌꯤꯁꯔꯁ
israni,ꯏꯁꯔꯅꯅꯤ
natureview,ꯅꯇꯨꯔꯦꯚꯋꯋ
senjeng,ꯁꯦꯟꯖꯦꯡ
chatpagi,ꯆꯠꯄꯒꯤ
jaunpur,ꯖꯥꯟꯄꯨꯔ
taramna,ꯇꯥꯔꯝꯅ
chalei,ꯆꯥꯂꯩ
ibirammi,ꯏꯕꯤꯔꯝꯃꯤ
haapchillaga,ꯍꯥꯞꯆꯤꯜꯂꯒ
grover,ꯒ꯭ꯔꯚꯔꯔ
utthokpa,ꯎꯊꯣꯛꯇꯄ
konnabadagi,ꯀꯣꯟꯅꯕꯗꯒꯤ
riverside,ꯔꯤꯚꯦꯔꯦꯁꯗꯤ
tinley,ꯇꯤꯟꯂꯦ
meeyaamna,ꯃꯤꯌꯥꯝꯅ
algeriagi,ꯑꯜꯒꯦꯔꯤꯌꯥꯒꯤ
park,ꯄꯥꯛꯛ
vatakara,ꯚꯇꯇꯔ
khulda,ꯈꯨꯜꯗ
shamjetsabam,ꯁꯝꯖꯦꯠꯂꯥꯕꯝ
jodha,ꯖꯣꯙꯥ
monsang,ꯃꯣꯟꯁꯪ
thana,ꯊꯥꯅ
macau,ꯃꯇꯥꯎ
baliga,ꯕꯤꯂꯤꯒ
latamni,ꯂꯥꯇꯝꯅꯤ
nakanlomda,ꯅꯥꯀꯣꯜꯟꯝꯗ
khetnei,ꯈꯦꯠꯅꯩ
willis,ꯋꯤꯂꯤꯁꯤ
nielsen,ꯅꯤꯌꯦꯁꯟꯟ
sipaigi,ꯁꯤꯄꯥꯢꯒꯤ
englandgi,ꯏꯪꯂꯥꯟꯗꯤ
chingngu,ꯆꯤꯡꯉꯨ
pheesa,ꯐꯤꯁꯥ
paso,ꯄꯥꯁ
tatenen,ꯇꯇꯦꯦꯦꯟ
kasera,ꯀꯁꯦꯔ
chinminnasite,ꯆꯤꯟꯃꯤꯅꯦꯁꯇꯁꯦꯠ
pheichom,ꯐꯩꯆꯣꯝ
shrirampur,ꯁ꯭ꯔꯤꯄꯔꯥꯄꯨꯔ
piksinkhi,ꯄꯤꯛꯁꯤꯟꯈꯤ
kungsinba,ꯀꯨꯡꯁꯤꯟꯕ
oibi,ꯑꯣꯢꯕꯤ
leipakpu,ꯂꯩꯄꯥꯛꯄꯨ
lairik,ꯂꯥꯢꯔꯤꯛ
haoreima,ꯍꯥꯎꯔꯩꯃ
kayana,ꯀꯌꯥꯅ
vasuki,ꯚꯁꯨꯀꯤ
imaalonbu,ꯏꯃꯥꯂꯣꯟꯕꯨ
samdharshni,ꯁꯝꯚꯔꯦꯁꯅꯤ
mayekki,ꯃꯌꯦꯛꯀꯤ
laanlou,ꯂꯥꯟꯂꯧ
leandro,ꯂꯦꯟꯅ꯭ꯔꯣ
khaada,ꯈꯥꯗ
ifci,ꯏꯝꯁꯤ
sheboygan,ꯁꯦꯕꯣꯌꯟꯟ
maphamsu,ꯃꯐꯝꯁꯨ
noble,ꯅꯣꯜꯕꯦ
athouba,ꯑꯊꯧꯕ
sitaram,ꯁꯤꯇꯔꯥꯝ
narwar,ꯅꯔ꯭ꯋꯥꯔ
intelligence,ꯏꯟꯀꯦꯜꯇꯤꯅꯤꯁꯟ
laannaduna,ꯂꯥꯟꯅꯗꯨꯅ
perth,ꯄꯦꯠꯠ
nongchuptana,ꯅꯣꯡꯆꯨꯞꯇꯅ
sara,ꯁꯥꯔ
leiribani,ꯂꯩꯔꯤꯕꯅꯤ
saharsa,ꯁꯍꯥꯁꯁ
jhindal,ꯖꯤꯟꯗꯥꯜ
palmer,ꯄꯥꯜꯃꯦ
madgaon,ꯃꯗꯥꯒꯟꯟ
finserv,ꯐꯤꯟꯁꯦꯋ
nambol,ꯅꯝꯕꯣꯜ
lainingthou,ꯂꯥꯢꯅꯣꯡꯍꯧ
awangbagi,ꯑꯋꯥꯡꯕꯒꯤ
allsec,ꯑꯜꯜꯁꯦꯛ
stop,ꯁ꯭ꯇꯣꯞ
mckay,ꯃꯦꯛꯀꯥꯢ
machaki,ꯃꯆꯥꯀꯤ
sanareina,ꯁꯅꯥꯔꯩꯅ
dhaka,ꯙꯥꯀ
baleshwar,ꯕꯦꯁꯦ꯭ꯋꯋꯔ
shangleichaa,ꯁꯪꯂꯩꯆꯥ
square,ꯁ꯭꯭ꯌꯔꯦ
panthoibini,ꯄꯥꯟꯊꯣꯢꯕꯤꯅꯤ
blair,ꯕ꯭ꯂꯥꯢ
kolar,ꯀꯣꯂꯥꯔ
nekhbet,ꯅꯦꯛꯕꯦꯠ
castro,ꯀꯥꯁꯇꯇꯣ
lunghar,ꯂꯨꯡꯍꯔ
subex,ꯁꯨꯕꯦꯛ
ross,ꯔꯣꯁ
mayaamga,ꯃꯌꯥꯝꯒ
saunders,ꯁꯥꯟꯗꯦꯁ꯭
gati,ꯒꯥꯇꯤ
changlakkhi,ꯆꯪꯂꯛꯈꯤ
electricity,ꯏꯂꯦꯁꯇ꯭ꯔꯤꯔꯇꯤꯤ
niraj,ꯅꯤꯔꯥꯖ
leisupi,ꯂꯩꯁꯨꯄꯤ
balmer,ꯕꯥꯜꯃꯔ
shashan,ꯁꯥꯁꯟ
atlantic,ꯑꯦꯠꯂꯥꯟꯇꯤꯛ
woodbury,ꯋꯣꯑꯣꯗꯥꯋꯣ
bellflower,ꯕꯦꯜꯂꯣꯕꯣꯇꯔ
ningsing,ꯅꯤꯡꯁꯤꯡ
paringni,ꯄꯔꯤꯡꯅꯤ
haraobanachingbada,ꯍꯔꯥꯎꯅꯆꯤꯡꯕꯗ
phaaraba,ꯐꯥꯔꯕ
saluja,ꯁꯥꯖꯖ
porompatni,ꯄꯣꯔꯣꯝꯄꯥꯠꯅꯤ
paakee,ꯄꯥꯀꯦ
kangbu,ꯀꯥꯡꯕꯨ
kumpaapada,ꯀꯨꯝꯄꯥꯗꯗ
mountain,ꯃꯧꯅꯇꯇꯟ
colorado,ꯀꯣꯂꯥꯦꯗꯣ
loupham,ꯂꯧꯐꯝ
coconut,ꯀꯣꯀꯨꯟꯟ
gentry,ꯖꯦꯟꯇ꯭ꯔꯤ
avondale,ꯑꯚꯣꯟꯂꯦꯜ
enka,ꯏꯟꯀ
kun,ꯀꯨꯟ
khongthang,ꯈꯣꯡꯊꯪ
chakkouba,ꯆꯥꯛꯀꯧꯕ
paanggansinggi,ꯄꯥꯡꯒꯟꯁꯤꯡꯒꯤ
siddiqui,ꯁꯤꯗꯤꯗꯄꯨꯤ
finserv,ꯐꯤꯟꯁꯦꯋ
uppal,ꯎꯞꯂꯥꯜ
khuntaalakkhi,ꯈꯨꯟꯇꯥꯛꯂꯛꯈꯤ
surprise,ꯁꯨꯄ꯭ꯔꯤꯁꯦ
varun,ꯚꯔꯨꯟ
goutam,ꯒꯧꯇꯝ
senbagi,ꯁꯦꯟꯕꯒꯤ
tangkhaida,ꯇꯪꯈꯈꯤꯗ
taiba,ꯇꯥꯢꯕ
chitradurga,ꯆꯤꯇ꯭ꯇꯔꯒꯔ
laanda,ꯂꯥꯟꯗ
palatine,ꯄꯂꯥꯇꯤꯅꯦꯠ
pasupuleti,ꯄꯁꯨꯨꯄꯨꯇꯇꯤ
nbcc,ꯅꯤꯛꯆ
teleservices,ꯇꯦꯂꯤꯁꯦꯌꯦꯔꯁꯤꯁ
jeykumaran,ꯖꯦꯌꯨꯀ꯭ꯃꯥꯔꯟ
awaangda,ꯑꯋꯥꯡꯗ
bend,ꯕꯦꯟꯗ
holloway,ꯍꯣꯜꯌꯣꯋꯥ
fineotex,ꯐꯤꯅꯤꯌꯦꯇꯣꯠ
kupthana,ꯀꯨꯞꯊꯅ
tide,ꯇꯤꯗꯦ
dillon,ꯗꯤꯜꯂꯣꯟ
afreen,ꯑꯦꯇ꯭ꯔꯦꯟ
phisa,ꯐꯤꯁꯥ
patiala,ꯄꯇꯤꯂꯂꯥ
aviation,ꯑꯚꯤꯌꯌꯇꯁꯟ
bismarck,ꯕꯤꯁꯃꯥꯔꯛ
rosario,ꯔꯣꯁꯥꯌꯤꯑꯣ
khunnung,ꯈꯨꯟꯅꯨꯡꯡ
tenawa,ꯇꯦꯅꯋ
ingkhonda,ꯏꯪꯈꯣꯟꯗ
ema,ꯏꯃꯥ
yoknaba,ꯌꯣꯛꯅꯕ
fairfield,ꯐꯥꯢꯔꯦꯈꯦꯐ
maynard,ꯃꯥꯟꯔꯗ
lowell,ꯂ꯭ꯋꯦꯜꯂꯦ
laguna,ꯂꯥꯒꯨꯅ
puraki,ꯄꯨꯔꯛꯏ
phouoibi,ꯐꯧꯑꯣꯢꯕꯤ
awaatapaa,ꯑꯋꯥꯇꯄꯥ
chaipanita,ꯆꯥꯢꯄꯥꯟꯇ
toubsingnasu,ꯇꯧꯕꯤꯁꯤꯡꯅꯨ
ngaobadouna,ꯉꯥꯎꯕꯧꯗꯅ
murshidabad,ꯃꯨꯔꯤꯁꯤꯕꯗ
dominguez,ꯗꯣꯃꯤꯡꯍꯨꯖ
pugh,ꯄꯨꯒ
koktong,ꯀꯣꯛꯇꯣꯡ
khangda,ꯈꯪꯗ
charamde,ꯆꯥꯃꯗ꯭ꯔꯦ
samjetshabam,ꯁꯝꯖꯦꯠꯁꯥꯕꯝ
heihei,ꯍꯩꯍꯩ
langjaa,ꯂꯪꯖꯥ
thabaksing,ꯊꯥꯕꯛꯁꯤꯡ
foseco,ꯐꯣꯁꯤꯖꯣ
madhya,ꯃꯥꯚ꯭ꯌꯥ
khngle,ꯈꯦꯡꯂꯦ
maanna,ꯃꯥꯟꯅ
yong,ꯌꯣꯡ
sangareddi,ꯁꯪꯒꯥꯔꯗꯗꯤ
chaada,ꯆꯥꯗ
tamlaba,ꯇꯝꯂꯕ
pebet,ꯄꯦꯕꯦꯠ
colton,ꯀꯣꯜꯇꯟ
khubak,ꯈꯨꯕꯥꯛ
awasthi,ꯑꯋꯥꯠꯁꯤ
nadaf,ꯅꯥꯗꯠ
tamjakhibadugi,ꯇꯝꯖꯈꯤꯕꯨꯗꯒꯤ
kanbiheiba,ꯀꯟꯕꯤꯕꯩꯩ
paangdaba,ꯄꯥꯡꯗꯕ
shrivastava,ꯁ꯭ꯔꯤꯚ꯭ꯋ꯭ꯋ
complex,ꯀꯝꯄ꯭ꯂꯦꯜ
begum,ꯕꯦꯒꯨꯝ
heikru,ꯍꯩꯀ꯭ꯔꯨ
lupagi,ꯂꯨꯄꯥꯒꯤ
madala,ꯃꯥꯗꯥ
machaakhaiba,ꯃꯆꯥꯈꯥꯢꯕ
texmaco,ꯇꯦꯛꯃꯥꯣꯣ
jharkhand,ꯔꯥꯛꯍꯟꯗ
supply,ꯁꯨꯞꯄꯤꯂꯤ
takpiramba,ꯇꯥꯛꯄꯤꯔꯝꯕ
beard,ꯕꯦꯔꯦꯗ
ngareima,ꯉꯥꯔꯩꯃ
behura,ꯕꯦꯍꯨꯔꯥ
kangpa,ꯀꯥꯡꯄ
machilipatnam,ꯃꯆꯤꯂꯇꯦꯟꯄꯥꯥ
bonilla,ꯕꯣꯖꯤꯂꯂꯥ
lakhimpur,ꯂꯥꯈꯤꯝꯄ꯭ꯔ
masingdagi,ꯃꯁꯤꯡꯗꯒꯤ
datacom,ꯗꯥꯇꯣꯛ
larson,ꯂꯥꯔꯣꯟꯟ
kolhapur,ꯀꯣꯜꯍꯄꯨꯔ
souza,ꯁꯧꯓꯥ
randall,ꯔꯥꯟꯗꯥꯜꯜ
panaana,ꯄꯅꯅꯅ
chouhan,ꯆꯧꯍꯥꯟ
knoxville,ꯀ꯭ꯀꯣꯜꯀꯣꯜ
kumhou,ꯀꯨꯝꯍꯧ
rawlani,ꯔꯥꯠꯂꯅꯤ
paalli,ꯄꯥꯜꯂꯤ
shingh,ꯁꯤꯡꯍ
kanaanasu,ꯀꯅꯥꯅꯁꯨ
lousing,ꯂꯧꯁꯤꯡ
kadapa,ꯀꯥꯗ
shaktuna,ꯁꯛꯇꯇꯨꯅ
arvada,ꯑꯔꯥꯥꯥ
keshri,ꯀꯦꯁ꯭ꯔꯤ
khundaaba,ꯈꯨꯟꯗꯥꯕ
thaajanabigi,ꯊꯥꯖꯅꯕꯤꯒꯤ
aying,ꯑꯌꯤꯡ
taraamangaa,ꯇꯔꯥꯃꯉꯥ
kerala,ꯀꯦꯔꯥꯂꯥ
mahabaleshwar,ꯃꯍꯥꯕꯥꯁ꯭ꯋ꯭ꯔꯠ
toledo,ꯇꯣꯂꯦꯗꯣ
magana,ꯃꯥꯒꯅ
kaangbagi,ꯀꯥꯡꯕꯒꯤ
denver,ꯗꯦꯟꯚꯦꯠ
chathang,ꯆꯊꯪ
amunet,ꯑꯃꯨꯅꯦꯠ
muthoot,ꯃꯨꯊꯣꯣꯠ
phurit,ꯐꯨꯔꯤꯠ
giri,ꯒꯤꯔꯤ
panglubadagi,ꯄꯥꯡꯂꯕꯗꯒꯤ
lappa,ꯂꯥꯞꯄ
wockhardt,ꯋꯣꯛꯆꯔꯗꯠ
pumnamakpu,ꯄꯨꯝꯅꯄꯛꯄꯨ
laiyamsingni,ꯂꯥꯢꯌꯥꯝꯁꯤꯡꯅꯤ
manga,ꯃꯉꯥ
pheesaa,ꯐꯤꯁꯥ
laiyon,ꯂꯥꯢꯌꯣꯟ
phongba,ꯐꯣꯡꯕ
paangli,ꯄꯥꯡꯂꯤ
vaishnavi,ꯚꯥꯢꯁꯥꯅꯤ
nipaal,ꯅꯤꯄꯥꯜ
farabani,ꯐꯔꯕꯕꯅꯤ
jharia,ꯖꯔꯤꯌꯥ
victorville,ꯚꯤꯢꯇ꯭ꯔꯣꯕꯆꯦꯜ
phaogatlakliba,ꯐꯥꯎꯒꯠꯂꯛꯂꯤꯕ
pompi,ꯄꯣꯝꯄꯤ
joliet,ꯖꯣꯂꯤꯠ
meriden,ꯃꯦꯔꯤꯗꯦꯟ
simon,ꯁꯤꯃꯣꯟ
hotnari,ꯍꯣꯠꯅꯔꯤ
para,ꯄꯥꯔ
yaobagi,ꯌꯥꯎꯕꯒꯤ
maannari,ꯃꯥꯟꯅꯔꯤ
pangthokkhiba,ꯄꯥꯡꯊꯣꯛꯈꯤꯕ
tonk,ꯇꯣꯟ
misou,ꯃꯤꯁꯧ
linde,ꯂꯤꯟꯗꯦ
keithel,ꯀꯩꯊꯦꯜ
negi,ꯅꯦꯒꯤ
kainakhibasi,ꯀꯥꯢꯅꯈꯤꯕꯁꯤ
kubi,ꯀꯨꯕꯤ
everest,ꯏꯖꯦꯦꯦꯁꯠ
christensen,ꯀ꯭ꯔꯤꯁꯇꯦꯟꯁꯟꯟ
tamkhi,ꯇꯝꯈꯤ
cook,ꯀꯣꯀꯣꯛ
bistagond,ꯕꯤꯁꯇꯥꯗꯟꯗ
mexico,ꯃꯦꯛꯀꯤꯌꯣ
engines,ꯏꯪꯅꯤꯁꯦ
lugo,ꯂꯨꯒꯣ
huinao,ꯍꯨꯢꯅꯥꯎ
kuina,ꯀꯨꯢꯅ
junction,ꯖꯨꯟꯇꯤꯁꯟ
territorysing,ꯇꯦꯔꯤꯇꯔꯔꯤꯁꯤꯡ
ngasishu,ꯉꯁꯤꯁꯨ
neon,ꯅꯤꯌꯟ
duke,ꯗꯨꯀꯦ
waatkani,ꯋꯥꯠꯀꯅꯤ
meeyaanchaa,ꯃꯤꯌꯥꯟꯆꯥ
bannari,ꯕꯟꯅꯔꯤꯤ
paokhum,ꯄꯥꯎꯈꯨꯝ
enunglon,ꯏꯅꯨꯡꯂꯣꯟ
lakeland,ꯂꯥꯀꯦꯜꯟꯟ
polang,ꯄꯣꯂꯥꯡ
failen,ꯐꯥꯢꯂꯦꯟ
laatnaba,ꯂꯥꯠꯅꯕ
khullakpi,ꯈꯨꯜꯂꯥꯛꯄꯤ
machaaduna,ꯃꯆꯥꯗꯨꯅ
veraval,ꯚꯦꯔꯥꯓꯜ
kodaikanal,ꯀꯣꯗꯥꯀꯥꯂꯀꯥꯟ
warwick,ꯋꯥꯔꯤꯌꯛꯛ
haapnaba,ꯍꯥꯞꯅꯕ
seilon,ꯁꯩꯂꯣꯟ
tangirala,ꯇꯥꯡꯏꯔꯥꯂꯥ
yade,ꯌꯥꯗꯦ
cheisingkanglon,ꯆꯩꯁꯤꯡꯀꯥꯡꯂꯣꯟ
fertilisers,ꯐꯤꯔꯤꯇꯤꯁꯇꯔꯁ
ethoi,ꯏꯊꯣꯢ
bhubaneshwari,ꯕꯨꯕꯅꯥꯁ꯭ꯋꯔꯤ
vaishnavi,ꯚꯥꯢꯁꯥꯅꯤ
bullhead,ꯕꯦꯜꯍꯦꯖ
karnataka,ꯀꯔꯅꯅꯇ
bramha,ꯕ꯭ꯔꯥꯃꯍꯥ
poklakkani,ꯄꯣꯛꯂꯛꯀꯅꯤ
schaeffler,ꯁ꯭ꯍꯨꯝꯄꯨꯇꯔ
datia,ꯗꯇꯤꯌꯥ
meihouloldagi,ꯃꯩꯍꯧꯂꯣꯜꯗꯒꯤ
kaanaba,ꯀꯥꯅꯕ
investments,ꯏꯟꯚꯦꯃꯦꯁꯟꯁꯁꯠ
cunningham,ꯀꯨꯟꯅꯤꯡꯍꯝ
patan,ꯄꯥꯇꯟ
houdabani,ꯍꯧꯗꯕꯅꯤ
sabinaba,ꯁꯥꯕꯤꯅꯕ
fitzgerald,ꯐꯤꯠꯋꯥꯒꯣꯗ
thaadorakpa,ꯊꯥꯗꯣꯔꯥꯄ
leiramba,ꯂꯩꯔꯝꯕ
russo,ꯔꯁꯑꯣꯁ
lynch,ꯂ꯭ꯟꯆꯦ
mapuk,ꯃꯄꯨꯛ
matungdadi,ꯃꯇꯨꯡꯗꯗꯤ
mapuki,ꯃꯄꯨꯀꯤ
yenba,ꯌꯦꯟꯕ
nipal,ꯅꯤꯄꯥꯜ
visaka,ꯚꯤꯁꯥꯀ
paokhong,ꯄꯥꯎꯈꯣꯡ
laanthoklaga,ꯂꯥꯟꯊꯣꯛꯂꯒ
uraki,ꯎꯔꯀꯤ
samjinnabasu,ꯁꯝꯖꯤꯟꯅꯕꯁꯨ
thafam,ꯊꯥꯐꯝ
urikhinbam,ꯎꯔꯤꯛꯈꯤꯕꯝ
somerville,ꯁꯣꯝꯔꯦꯚꯜꯂꯤ
suven,ꯁꯨꯚꯦꯟ
indusind,ꯏꯟꯗꯁꯤꯗꯁꯟ
sheppard,ꯁꯦꯞꯄꯔꯗ
bluffs,ꯕ꯭ꯂꯨꯐꯤꯁ
sintaakhansingna,ꯁꯤꯟꯇꯥꯛꯆꯆꯤꯡꯅ
yaobara,ꯌꯥꯎꯕꯔ
leining,ꯂꯩꯅꯤꯡ
krishnanagar,ꯀ꯭ꯔꯤꯁꯇꯅꯥꯔ
apaakpa,ꯑꯄꯥꯛꯄ
pudukkottai,ꯄꯨꯗꯨꯛꯇꯨꯛꯇꯤ
beavercreek,ꯕꯦꯚꯦꯋꯦꯁ꯭ꯔꯤꯛ
meeoisinggi,ꯃꯤꯑꯣꯢꯁꯤꯡꯒꯤ
sinlon,ꯁꯤꯟꯂꯣꯟ
houdri,ꯍꯧꯗ꯭ꯔꯤ
matamduda,ꯃꯇꯝꯗꯨꯗ
phaaba,ꯐꯥꯕ
khongthaangda,ꯈꯣꯡꯊꯪꯗ
roberts,ꯔꯣꯕꯦꯔꯁ
maanglubadagi,ꯃꯥꯡꯂꯨꯕꯗꯒꯤ
areinu,ꯑꯔꯩꯅꯨ
stevenson,ꯁ꯭ꯌꯦꯟꯖꯦꯟꯁꯟ
sura,ꯁꯨꯔ
matamchuppa,ꯃꯇꯝꯆꯨꯞꯇ
doda,ꯗꯣꯗ
aribini,ꯑꯔꯤꯕꯤꯅꯤ
ningthousing,ꯅꯤꯡꯊꯧꯁꯤꯡ
banki,ꯕꯥꯟꯀꯤ
paints,ꯄꯥꯟꯇꯣꯛ
gulf,ꯒꯨꯜꯐ
ataher,ꯑꯊꯥꯦꯔ
lanpung,ꯂꯥꯟꯄꯨꯡ
finley,ꯐꯤꯟꯂꯦ
nagercoil,ꯅꯒꯩꯔꯦꯜꯀꯣꯜ
chelsea,ꯆꯦꯜꯂꯥꯁ
bandhan,ꯕꯟꯙꯥꯟ
microscopetagi,ꯃꯤꯢꯀ꯭ꯔꯣꯇꯔꯥꯂꯇꯒꯤ
leijaba,ꯂꯩꯖꯕ
lupaagi,ꯂꯨꯄꯥꯒꯤ
historyda,ꯍꯤꯁꯇ꯭ꯔꯣꯗ
fimuna,ꯐꯤꯃꯨꯅ
young,ꯌꯧꯡ
ion,ꯑꯌꯣꯟ
hairadi,ꯍꯥꯢꯔꯗꯤ
ayaambada,ꯑꯌꯥꯝꯕꯗ
laison,ꯂꯥꯢꯁꯣꯟ
solara,ꯁꯣꯂꯔ
nahanbani,ꯅꯍꯟꯕꯤꯅꯤ
suresh,ꯁꯨꯔꯦꯁ
cheinap,ꯆꯩꯅꯞ
thourangsingda,ꯊꯧꯔꯥꯡꯁꯤꯡꯗ
handokpagi,ꯍꯟꯗꯣꯛꯄꯒꯤ
ngakpa,ꯉꯥꯛꯄ
waangu,ꯋꯥꯉꯎ
apakmaa,ꯑꯄꯛꯃꯥ
chawla,ꯆꯥꯂꯥ
nepit,ꯅꯦꯄꯤꯠ
forest,ꯐꯣꯔꯤꯁꯠ
kuna,ꯀꯨꯅ
srivastava,ꯁ꯭ꯔꯤꯚ꯭ꯋ꯭ꯌ
shaffer,ꯁꯐꯐꯦꯔ
parween,ꯄꯥꯔꯦꯌꯟ
sanaaleipaak,ꯁꯅꯥꯂꯩꯄꯥꯛ
ekhaa,ꯏꯈꯥ
frenchki,ꯐ꯭ꯔꯦꯟꯁꯀꯤ
saathina,ꯁꯥꯊꯤꯅ
indiaga,ꯏꯟꯗꯤꯌꯥ
mayekpu,ꯃꯌꯦꯛꯄꯨ
omaxe,ꯑꯣꯃꯥꯔꯦ
annapolis,ꯑꯟꯅꯥꯄꯦꯂꯤꯁ
thiruvananthapuram,ꯊꯤꯔꯥꯚꯅꯥꯟꯆꯐꯄꯨ
machaanipaa,ꯃꯆꯥꯅꯤꯄꯥ
greene,ꯒ꯭ꯔꯤꯅꯦ
hourakphamni,ꯍꯧꯔꯛꯐꯝꯅꯤ
perses,ꯄꯔꯁꯌꯁ
kahenna,ꯀꯥꯍꯦꯟꯅ
bano,ꯕꯥꯅꯣ
coleman,ꯀꯣꯂꯦꯟꯟ
himadri,ꯍꯤꯃꯥꯗ꯭ꯔꯤ
pattnaik,ꯄꯥꯠꯇꯥꯟꯇ
skuldagi,ꯁꯨꯀꯨꯜꯗꯒꯤ
kaagi,ꯀꯥꯒꯤ
yekkhotpa,ꯌꯦꯛꯈꯣꯠꯄ
uriba,ꯎꯔꯤꯕ
ningthamgi,ꯅꯤꯡꯊꯥꯝꯒꯤ
veda,ꯚꯦꯗꯥ
just,ꯖꯤꯖꯠ
houtokpikhipa,ꯍꯧꯇꯣꯛꯄꯤꯄꯤꯛꯄ
chaoraba,ꯆꯥꯎꯔꯕ
naosekpam,ꯅꯥꯎꯁꯦꯛꯄꯝ
phaba,ꯐꯥꯕ
birbahugi,ꯕꯤꯔꯥꯕꯨꯒꯤ
kashmir,ꯀꯥꯃꯤꯔ
glendale,ꯒ꯭ꯂꯦꯟꯗꯦꯜ
calumet,ꯀꯥꯂꯃꯦꯠ
kwaa,ꯀ꯭ꯋꯥ
sat,ꯁꯥꯠ
mingchat,ꯃꯤꯡꯆꯠ
seattle,ꯁꯤꯠꯇꯠꯂꯦ
clair,ꯀ꯭ꯂꯥꯢꯔ
cuttack,ꯀ꯭ꯠꯇꯇꯤꯛ
kollam,ꯀꯣꯜꯂꯝ
badami,ꯕꯥꯗꯃꯤ
changnaba,ꯆꯪꯪꯪꯪꯅꯅꯅꯕꯅ
balaghat,ꯕꯥꯂꯥꯒꯠ
lilagi,ꯂꯤꯂꯥꯒꯤ
taibangjam,ꯇꯥꯢꯕꯪꯃꯐꯝ
nongthak,ꯅꯣꯡꯈꯛ
khunggang,ꯈꯨꯡꯉꯪ
nagari,ꯅꯒꯔꯤ
kalaburagi,ꯀꯥꯂꯕꯨꯋꯥꯒꯤ
navadurga,ꯅꯕꯨꯨꯗꯔ
keina,ꯀꯩꯅ
varma,ꯚꯥꯔꯃ
olympic,ꯑꯣꯂꯤꯝꯄ꯭ꯛ
zavala,ꯓꯒꯂꯥ
burch,ꯕ꯭ꯔꯦꯆ
pakhangbagi,ꯄꯥꯈꯪꯕꯒꯤ
laishangda,ꯂꯥꯢꯁꯪꯗ
petra,ꯄꯦꯇꯔ
tanla,ꯇꯥꯟꯥ
boca,ꯕꯣꯂꯥ
uzbeki,ꯎꯕꯦꯛꯈꯤ
massey,ꯃꯁꯁꯦ
sagar,ꯁꯥꯒꯔ
nganna,ꯉꯥꯟꯅ
thengnabagi,ꯊꯦꯡꯅꯕꯒꯤ
hornbill,ꯍꯣꯔꯤꯟꯕꯜꯜ
sangli,ꯁꯪꯂꯤ
mumbai,ꯃꯨꯝꯕꯥꯢ
atri,ꯑꯇ꯭ꯔꯤ
yenakhaa,ꯌꯦꯅꯀꯥ
yannanaba,ꯌꯥꯟꯅꯅꯕ
loinaduna,ꯂꯣꯢꯅꯗꯨꯅ
poway,ꯄꯣꯋꯥꯢ
sonipat,ꯁꯣꯅꯤꯄꯥꯠ
anakpa,ꯑꯅꯛꯄ
muniswara,ꯃꯨꯅꯤꯁ꯭ꯋꯔ
panaani,ꯄꯅꯥꯅꯤ
chingsaangsingna,ꯆꯤꯡꯁꯪꯁꯤꯡꯅ
mirza,ꯃꯤꯔꯓ
paandam,ꯄꯥꯟꯗꯝ
onhanduna,ꯑꯣꯟꯍꯟꯗꯨꯅ
kumsinba,ꯀꯨꯝꯁꯤꯟꯕ
hermitagegi,ꯍꯥꯔꯤꯃꯦꯖꯒꯤ
dublin,ꯗꯨꯕꯤꯜꯟ
state,ꯁ꯭ꯇꯦꯠ
wathore,ꯋꯥꯊꯣꯔꯦ
tumhanbagi,ꯇꯨꯝꯍꯟꯕꯒꯤ
waangbadu,ꯋꯥꯡꯕꯗꯨ
samjetsabam,ꯁꯝꯖꯦꯠꯁꯥꯕꯝ
huhtamaki,ꯍꯨꯝꯠꯃꯀꯤ
sundram,ꯁꯨꯟꯗ꯭ꯔꯥꯝ
meenungsi,ꯃꯤꯅꯨꯡꯁꯤ
pullaba,ꯄꯨꯜꯂꯕ
mangaluru,ꯃꯉꯥꯂꯔꯨꯨ
dohrey,ꯗꯣꯍꯔꯦ
pal,ꯄꯥꯜ
sakminnabagi,ꯁꯛꯃꯤꯟꯅꯕꯒꯤ
chhateja,ꯆꯥꯇꯦꯖ
raykar,ꯔꯥꯀꯀꯔ
hajipur,ꯍꯖꯤꯤꯄꯨ
haappaga,ꯍꯥꯞꯄꯒ
vakrangee,ꯚꯥꯀ꯭ꯔꯦꯟꯍꯦ
suffolk,ꯁꯨꯐꯣꯛꯇꯤꯛ
sheisak,ꯁꯩꯁꯛ
refractories,ꯔꯤꯐꯦꯇꯔꯁꯌꯦꯁ
naothingkhong,ꯅꯥꯎꯊꯤꯡꯈꯣꯡ
homerna,ꯍꯣꯃꯦꯔꯥꯅ
saafu,ꯁꯥꯐꯨ
seide,ꯁꯩꯗꯦ
samu,ꯁꯃꯨ
yenthokpagi,ꯌꯦꯟꯊꯣꯛꯄꯒꯤ
salaichasingga,ꯁꯂꯥꯢꯆꯪꯁꯤꯡꯒ
gangte,ꯒꯪꯇꯦ
prakash,ꯄ꯭ꯔꯥꯀꯜꯁ
lee,ꯂꯤ
benitez,ꯕꯦꯅꯤꯖꯊ
yukren,ꯌꯨꯀ꯭ꯔꯦꯟ
salt,ꯁꯥꯜꯠ
amangsang,ꯑꯃꯪꯡꯪ
iningthou,ꯏꯅꯤꯡꯊꯧ
baharampur,ꯕꯒꯔꯥꯃꯔꯨꯔ
touminnabagi,ꯇꯧꯃꯤꯟꯅꯕꯒꯤ
tangadabani,ꯇꯥꯒꯗꯕꯅꯤ
lio,ꯂꯤꯑꯣ
hangchit,ꯍꯥꯡꯆꯤꯠ
dalhousie,ꯗꯜꯍꯧꯁꯤꯤ
sinthaa,ꯁꯤꯟꯊꯥ
thi,ꯊꯤ
paamnakhiba,ꯄꯥꯝꯅꯈꯤꯕ
udhampur,ꯎꯐꯝꯄꯨꯔ
maangpa,ꯃꯥꯡꯄ
santana,ꯁꯥꯟꯇꯅ
ayambagi,ꯑꯌꯥꯝꯕꯒꯤ
patterson,ꯄꯥꯠꯇ꯭ꯔꯣꯁꯟ
chenhanba,ꯆꯦꯟꯍꯟꯕ
kailashahar,ꯀꯥꯢꯂꯠꯥꯍ꯭ꯔ
balmiki,ꯕꯤꯃꯤꯀꯤ
saathiraba,ꯁꯥꯊꯤꯔꯕ
organ,ꯑꯣꯔꯒꯟ
punjab,ꯄꯨꯟꯖꯕ
headquarter,ꯍꯦꯗꯀ꯭ꯋꯥꯇꯔꯔ
meeyamna,ꯃꯤꯌꯥꯝꯅ
belkoni,ꯕꯦꯜꯂꯣꯅꯤ
potpham,ꯄꯣꯠꯐꯝ
wasif,ꯋꯥꯁꯤꯠ
kouraba,ꯀꯧꯔꯕ
pope,ꯄꯣꯄꯦ
choudhary,ꯆꯧꯗꯔꯤ
kangleipaakpu,ꯀꯪꯂꯩꯄꯥꯛꯄꯨ
soto,ꯁꯣꯇꯣ
sanaareina,ꯁꯅꯥꯔꯩꯅ
pambigi,ꯄꯥꯝꯕꯤꯒꯤ
underwood,ꯎꯟꯗꯣꯚꯣꯇꯣꯗ
primate,ꯄ꯭ꯔꯤꯃꯃꯦꯠ
laknage,ꯂꯥꯛꯅꯒꯦ
isuzu,ꯏꯁꯨꯎꯊꯨ
hakki,ꯍꯥꯛꯀꯤ
pambisingna,ꯄꯥꯝꯕꯤꯁꯤꯡꯅ
irvine,ꯏꯔꯤꯕꯦꯠ
meishaa,ꯃꯩꯁꯥ
parrish,ꯄꯔꯤꯌꯁ
romda,ꯔꯣꯝꯗ
ashley,ꯑꯁꯦꯦ
mamaangngeigi,ꯃꯃꯥꯡꯉꯩꯒꯤ
lawrie,ꯂꯥꯇꯤꯔꯤ
bhushan,ꯚꯨꯁꯥꯟ
special,ꯁ꯭ꯄꯦꯁꯤꯖꯦꯜ
seamec,ꯁꯤꯌꯃꯦꯛ
niwajgi,ꯅꯤꯌꯥꯒꯤ
gaikwad,ꯒꯥꯢꯀꯥꯗ
fare,ꯐꯔꯦ
tingthoktuna,ꯇꯤꯡꯊꯣꯛꯇꯨꯅ
jersey,ꯖꯦꯁꯦꯦ
laiyek,ꯂꯥꯢꯌꯦꯛ
dhatu,ꯓꯇꯨ
artifact,ꯑꯥꯔꯇꯤꯐꯦꯠ
costa,ꯀꯣꯠꯁ
ngashishu,ꯉꯁꯤꯁꯨ
bhagalpur,ꯚꯒꯒꯥꯄꯨꯔ
lansinggi,ꯂꯥꯟꯁꯤꯡꯒꯤ
rameswaram,ꯔꯥꯃꯦꯁ꯭ꯋꯥꯥꯝ
dev,ꯗꯦꯚ
ahuja,ꯑꯍꯨꯖꯥ
semlakpa,ꯁꯦꯝꯂꯛꯄ
global,ꯒ꯭ꯂꯣꯕꯜ
ningthourelni,ꯅꯤꯡꯊꯧꯀꯦꯜꯅꯤ
dart,ꯗꯥꯔꯠ
samtharaktanaba,ꯁꯝꯊꯇꯇꯆꯅꯕ
amuksu,ꯑꯃꯨꯛꯁꯨ
chaurasiya,ꯆꯥꯔꯥꯁꯤꯌꯥ
panana,ꯄꯅꯅ
sandorakpadagi,ꯁꯟꯗꯣꯔꯛꯄꯄꯒꯤ
konlaga,ꯀꯣꯟꯂꯒ
europeki,ꯏꯌꯨꯔꯣꯞꯀꯤ
buxar,ꯕꯨꯀꯥꯔ
narsinghgarh,ꯅꯥꯁꯤꯌꯦꯗꯤꯋ
feichom,ꯐꯩꯆꯣꯝ
giles,ꯒꯤꯂꯦꯁ
dialect,ꯗꯤꯖꯦꯁꯇꯠ
sathina,ꯁꯥꯊꯤꯅ
uttar,ꯎꯠꯇꯔ
amazon,ꯑꯃꯇꯣꯟ
leiminnahankhi,ꯂꯩꯃꯤꯟꯅꯍꯟꯈꯤꯤ
chanipanga,ꯆꯅꯤꯄꯥꯟꯒ
dadra,ꯗꯥꯗ꯭ꯔ
waheina,ꯋꯥꯍꯩꯅ
debita,ꯗꯦꯕꯤꯇꯥ
sophia,ꯁꯣꯐꯤꯌꯥ
mishra,ꯃꯤꯁꯔ
heal,ꯍꯤꯌꯜ
thaina,ꯊꯥꯢꯅ
hourakpa,ꯍꯧꯔꯛꯄ
ireland,ꯏꯔꯦꯜꯟꯟ
enid,ꯏꯅꯤꯗ
naiba,ꯅꯥꯢꯕ
fluorine,ꯐ꯭ꯂꯣꯔꯤꯟꯟ
hoshangabad,ꯍꯣꯁꯥꯕꯟꯕ
sayreville,ꯁꯥꯌꯦꯖꯔꯦꯜꯜ
dispur,ꯗꯤꯁꯄꯨꯔ
virani,ꯚꯤꯔꯥꯅꯤ
serrano,ꯁꯦꯔꯥꯔꯣꯟ
seishak,ꯁꯩꯁꯛ
floyd,ꯐ꯭ꯂꯣꯗ
kokfaigi,ꯀꯣꯛꯄꯥꯥꯒꯤ
sakolpan,ꯁꯥꯀꯣꯜꯄꯟ
waatli,ꯋꯥꯠꯂꯤ
meenungshi,ꯃꯤꯅꯨꯡꯁꯤ
melton,ꯃꯦꯜꯇꯣꯟ
paaraa,ꯄꯥꯔꯥ
turelni,ꯇꯨꯔꯦꯜꯅꯤ
kushwaha,ꯀꯨꯁꯋꯋ
ngashepam,ꯉꯁꯥꯃꯄ
lanlou,ꯂꯟꯂꯧ
hurley,ꯍꯨꯔꯦꯂꯤ
maheshwari,ꯃꯍꯦꯁ꯭ꯋꯥꯔꯤ
jamshedpur,ꯖꯝꯁꯦꯗꯨꯄꯨ
maun,ꯃꯥꯎꯟ
tamfamshang,ꯇꯝꯐꯝꯁꯡ
poly,ꯄꯣꯂꯤ
weymouth,ꯋꯦꯌꯋꯇꯧ
agarawal,ꯑꯥꯒꯥꯔꯥꯜ
cotton,ꯀꯣꯠꯇꯣꯟ
centro,ꯁꯦꯟꯇ꯭ꯔꯣ
zinc,ꯓꯤꯅ
corp,ꯀꯣꯔꯞ
kanaba,ꯀꯥꯅꯕ
tilakpur,ꯇꯤꯂꯛꯄꯄꯔ
phaaktoklaga,ꯐꯥꯛꯇꯣꯛꯂꯒ
keshari,ꯀꯦꯁꯔꯤ
desabathula,ꯗꯦꯁꯥꯍꯍꯂ
lirammi,ꯂꯤꯔꯝꯃꯤ
gaya,ꯒꯌꯥ
thongbasingna,ꯊꯣꯡꯕꯁꯤꯡꯅ
jelly,ꯖꯦꯜꯂꯤ
krishna,ꯀ꯭ꯔꯤꯁꯅ
prasad,ꯄ꯭ꯔꯥꯟꯗ
nagpur,ꯅꯥꯄꯨꯔ
saadrisibo,ꯁꯥꯗ꯭ꯔꯤꯁꯤꯕꯤ
shruti,ꯁ꯭ꯔꯨꯇꯤ
leimajam,ꯂꯩꯃꯂꯥꯝ
gonda,ꯒꯣꯟꯗ
touri,ꯇꯧꯔꯤ
beaverton,ꯕꯦꯚꯋꯣꯇ꯭ꯔꯟ
johns,ꯖꯣꯟꯤꯟ
nabha,ꯅꯥꯚꯥ
yaoriba,ꯌꯥꯎꯔꯤꯕ
kaanglupki,ꯀꯥꯡꯂꯨꯞꯀꯤ
toudana,ꯇꯧꯗꯅ
douglas,ꯗꯧꯒꯀꯁ
meeshak,ꯃꯤꯁꯛ
jarvis,ꯖꯥꯚꯤꯁ
barai,ꯕꯥꯔꯥꯢ
collierville,ꯀꯣꯜꯂꯤꯚꯦꯔꯤꯌꯦ
glycols,ꯒ꯭ꯂꯤꯀꯣꯜꯁ
electrosteel,ꯏꯂꯦꯛꯇ꯭ꯁꯣꯚꯦꯌꯦꯜ
wachetmanbi,ꯋꯥꯆꯦꯠꯟꯦꯕꯤ
yuba,ꯌꯨꯕ
leikhidaba,ꯂꯩꯈꯤꯗꯕ
mayamsigi,ꯃꯌꯥꯝꯁꯤꯒꯤ
shantiniketan,ꯁꯟꯇꯤꯅꯇꯤꯁꯇꯦꯟꯟ
veda,ꯚꯦꯗꯥ
lane,ꯂꯥꯅꯦ
centum,ꯁꯦꯟꯇꯨꯝ
asini,ꯑꯁꯤꯅꯤ
patel,ꯄꯥꯇꯦꯜ
aeronautics,ꯏꯔꯣꯅꯦꯌꯥꯌꯁꯁ
khumaang,ꯈꯨꯃꯥꯡ
africa,ꯑꯦ꯭ꯔꯤꯀꯥ
siwan,ꯁꯤꯋꯥꯟ
mamingdagi,ꯃꯃꯤꯡꯗꯒꯤ
haannagi,ꯍꯥꯟꯅꯒꯤ
suri,ꯁꯨꯔꯤ
potsangpam,ꯄꯣꯠꯁꯪꯄꯝ
machida,ꯃꯆꯤꯗ
maagi,ꯃꯥꯒꯤ
macias,ꯃꯥꯁꯤꯌꯦꯁ
guha,ꯒꯓꯥ
nakhutna,ꯅꯈꯨꯠꯅ
ayaangpa,ꯑꯌꯥꯡꯄ
laikhulempi,ꯂꯥꯢꯈꯨꯝꯄꯦꯄꯤ
autometa,ꯑꯇꯨꯃꯣꯠꯇ
randhawa,ꯔꯥꯟꯙꯋ
gravita,ꯒ꯭ꯔꯥꯚꯤꯇꯥ
sakpa,ꯁꯛꯄ
waangngi,ꯋꯥꯡꯉꯤ
tiwari,ꯇꯤꯋꯥꯔꯤ
lacey,ꯂꯥꯀꯦ
yotngou,ꯌꯣꯝꯍꯧ
gangadas,ꯒꯪꯒꯗꯁ
charity,ꯆꯔꯤꯇꯤ
worldwide,ꯋ꯭ꯔꯣꯗꯗ꯭ꯔꯤ
yeningthaa,ꯌꯦꯅꯤꯡꯊꯥ
chatnalammi,ꯆꯠꯅꯂꯝꯃꯤ
peck,ꯄꯦꯛꯀ
oibani,ꯑꯣꯢꯕꯅꯤ
thongnaba,ꯊꯣꯡꯅꯕ
kikipedia,ꯀꯤꯀꯤꯄꯦꯗꯤꯌꯥ
pulempa,ꯄꯨꯂꯦꯝꯄ
pithari,ꯄꯤꯊꯔꯤ
laangon,ꯂꯥꯉꯣꯟ
prasath,ꯄ꯭ꯔꯥꯆꯠ
maurya,ꯃꯥꯔꯦꯌꯥ
taagi,ꯇꯥꯒꯤ
moreno,ꯃꯣꯔꯦꯅꯣ
pleasant,ꯄ꯭ꯂꯦꯁꯟꯁꯟ
kunmari,ꯀꯨꯟꯃꯥꯔꯤ
asasi,ꯑꯁꯥꯁꯤ
bodh,ꯕꯣꯙ
nakhong,ꯅꯈꯣꯡ
jambavan,ꯖꯝꯕꯥꯟꯕ
yaraba,ꯌꯥꯔꯕ
frisco,ꯐ꯭ꯔꯤꯁꯇꯣ
satin,ꯁꯥꯇꯤꯟ
neinalonbu,ꯅꯩꯅꯂꯣꯜꯕꯨ
everest,ꯏꯖꯦꯦꯦꯁꯠ
jhunjhunu,ꯖꯨꯟꯆꯨꯅꯨ
murrieta,ꯃꯨꯔꯤꯄꯦꯔ
jennings,ꯖꯦꯟꯅꯤꯡꯁ
little,ꯂꯤꯠꯇꯦꯜ
miss,ꯃꯤꯁ
thajanaba,ꯊꯥꯖꯅꯕ
thambagi,ꯊꯝꯕꯒꯤ
river,ꯔꯤꯚꯦꯠ
marok,ꯃꯔꯣꯛ
maria,ꯃꯔꯤꯌꯥ
phaarabani,ꯐꯥꯔꯕꯅꯤ
crawford,ꯀ꯭ꯔꯥꯐꯣꯔꯗ
darshan,ꯗꯥꯁꯁꯟ
tamthiba,ꯇꯝꯊꯤꯕ
guevara,ꯒ꯭ꯋꯔꯥꯔ
beasley,ꯕꯦꯖꯦꯁ꯭
leifamna,ꯂꯩꯐꯝꯅ
lourakpham,ꯂꯧꯔꯛꯐꯝ
silvassa,ꯁꯤꯜꯠꯁꯁ
sevagram,ꯁꯦꯋꯥꯔꯝ
moran,ꯃꯣꯔꯥꯟ
priya,ꯄ꯭ꯔꯤꯌꯥ
saageirel,ꯁꯥꯒꯩꯔꯦꯜ
panpaki,ꯄꯥꯟꯄꯀꯤ
kangbuni,ꯀꯥꯡꯕꯨꯅꯤ
phijam,ꯐꯤꯖꯝ
vishnuna,ꯚꯤꯁꯅꯨꯅ
epak,ꯏꯄꯥꯛ
tanbagi,ꯇꯥꯕꯒꯤ
greenfield,ꯒ꯭ꯔꯤꯟꯐꯦꯜ
ghaziabad,ꯓꯍꯤꯌꯥꯕ
cera,ꯁꯦꯔ
ngaaksennanaba,ꯉꯥꯛꯁꯦꯟꯅꯅꯕ
berg,ꯕꯦꯔꯣ
puwarida,ꯄꯨꯋꯥꯔꯤꯗ
safari,ꯁꯥꯔꯥꯤ
matonsi,ꯃꯇꯣꯟꯁꯤ
rivas,ꯔꯤꯚꯁ
merlion,ꯃꯦꯔꯤꯂꯣꯟ
chanu,ꯆꯥꯅꯨ
panaraga,ꯄꯅꯔꯒ
district,ꯗꯤꯁꯇ꯭ꯔꯤꯛ
kayam,ꯀꯌꯥꯝ
khare,ꯈꯔꯦ
behar,ꯕꯦꯍꯔ
conway,ꯀꯣꯟꯋꯥꯢ
chaadana,ꯆꯥꯗꯅ
shrivastav,ꯁ꯭ꯔꯤꯚ꯭ꯋ꯭ꯌ
mehta,ꯃꯦꯠꯇ
grover,ꯒ꯭ꯔꯚꯔꯔ
punsinduna,ꯄꯨꯟꯁꯤꯟꯗꯨꯅ
upada,ꯎꯄꯥꯗ
castaneda,ꯀꯁꯇꯅꯦꯌꯟꯗ
patra,ꯄꯥꯇ꯭ꯔ
taneja,ꯇꯅꯖꯖꯥ
natei,ꯅꯇꯩ
kayaatsingna,ꯀꯌꯥꯠꯁꯤꯡꯅ
hopkins,ꯍꯣꯞꯁꯤꯟꯁ
saktaakkhi,ꯁꯛꯇꯥꯛꯈꯤ
khanjaraba,ꯈꯟꯖꯔꯕ
essel,ꯏꯁꯦꯜ
himachal,ꯍꯤꯃꯆꯆꯦ
judiens,ꯖꯨꯗꯤꯌꯦꯟ
alwadhi,ꯑꯜꯋꯥꯗ꯭ꯋꯤ
kanniyakumari,ꯀꯟꯅꯤꯅꯥꯃꯔꯨꯃꯤ
stokes,ꯁ꯭ꯇꯣꯀꯦꯁ
vincent,ꯚꯤꯟꯁꯦꯟꯠ
religare,ꯔꯤꯂꯤꯌꯔ
bharatiya,ꯚꯥꯔꯥꯇꯤꯌꯥ
littleton,ꯂꯤꯠꯇꯣꯜꯇꯟꯟ
thaanaa,ꯊꯥꯅꯥ
yumsalon,ꯌꯨꯝꯁꯥꯂꯣꯟ
burch,ꯕ꯭ꯔꯦꯆ
centennial,ꯁꯦꯟꯇꯦꯟꯤꯤꯌꯦꯜ
vilas,ꯚꯤꯂꯥꯁ
thomas,ꯊꯣꯃꯥꯁ
kokpiba,ꯀꯣꯛꯄꯤꯕ
katihar,ꯀꯇꯥꯍ꯭ꯔ
chengalpattu,ꯆꯦꯡꯒꯂꯄꯛꯇꯨ
aristotle,ꯑꯔꯤꯁꯇꯣꯠꯂꯦ
jivani,ꯖꯤꯚꯅꯤ
changdamnaba,ꯆꯪꯡꯗꯝꯅꯕ
kokphaigi,ꯀꯣꯛꯐꯥꯢꯒꯤ
bethlehem,ꯕꯦꯊꯦꯠꯂꯦꯝ
dwevedi,ꯗ꯭ꯋꯦꯚꯗꯤ
bedford,ꯕꯦꯗꯐꯣꯔꯗ
baranwal,ꯕꯔꯥꯟꯓꯜ
aggrawal,ꯑꯒ꯭ꯋꯥꯔꯥꯜ
londaada,ꯂꯣꯟꯗꯥꯗ
vaasudeva,ꯚꯁꯁꯨꯗꯋꯋ
rupa,ꯔꯨꯄꯥ
view,ꯚꯤꯌꯥꯋ
wendt,ꯋꯦꯟꯇꯦꯠ
shak,ꯁꯥꯛ
nabadurgaa,ꯅꯕꯨꯗꯋꯥ
maheiloisingna,ꯃꯍꯩꯂꯣꯜꯁꯤꯡꯅ
ruminant,ꯔꯨꯃꯤꯅꯦꯟꯠ
khasia,ꯈꯥꯁꯤꯌꯥ
programmingna,ꯄ꯭ꯔꯣꯝꯒꯔꯟꯁꯤꯡꯅ
taakli,ꯇꯥꯛꯂꯤ
spartanburg,ꯁ꯭ꯄꯦꯟꯐꯔꯦꯕꯒ
nahan,ꯅꯍꯥꯟ
waadu,ꯋꯥꯗꯨ
eyao,ꯏꯌꯥꯎ
machunachingbada,ꯃꯆꯥꯅꯆꯤꯡꯕꯗ
heisingbu,ꯍꯩꯁꯤꯡꯕꯨ
saatkanli,ꯁꯥꯠꯅꯦꯜꯏ
financial,ꯐꯤꯅꯥꯁꯤꯖꯦꯂ
january,ꯖꯅꯨꯔꯥ
ahluwalia,ꯑꯜꯍꯨꯋꯥꯂꯤꯌꯥ
jodhpur,ꯖꯣꯐꯨꯄꯔ
thaleima,ꯊꯥꯂꯩꯃ
chaibasa,ꯆꯥꯢꯕꯁ
cincinnati,ꯁꯤꯟꯀꯤꯟꯇꯇꯤꯅꯤ
digvijay,ꯗꯤꯚꯤꯌꯒꯤ
icici,ꯏꯁꯤꯁꯤ
nemty,ꯅꯦꯝꯇꯤ
chembond,ꯀꯦꯝꯕꯣꯟꯗ
innovation,ꯏꯟꯅꯣꯏꯌꯥꯌꯣꯟ
berlin,ꯕꯦꯔꯤꯟ
lamjing,ꯂꯝꯖꯤꯡ
daman,ꯗꯃꯟ
hounaba,ꯍꯧꯅꯕ
khurailaakpa,ꯈꯨꯔꯥꯜꯂꯥꯛꯄ
jammu,ꯖꯝꯃꯨ
sanghi,ꯁꯪꯍꯤ
aurobindo,ꯑꯔꯣꯔꯣꯕꯣꯟꯗꯣ
conner,ꯀꯣꯟꯦꯔ
singsu,ꯁꯤꯡꯁꯨ
sah,ꯁꯥꯍ
herrera,ꯍꯦꯔꯦꯔꯦ
nongin,ꯅꯣꯡꯉꯟ
danbury,ꯗꯥꯟꯕꯨ꯭ꯔꯤ
cheihiki,ꯆꯩꯍꯤꯀꯤ
olsen,ꯑꯣꯜꯁꯦꯟ
amabuni,ꯑꯃꯥꯨꯕꯅꯤ
eisu,ꯑꯩꯁꯨ
lingkhatkhibani,ꯂꯤꯡꯈꯠꯈꯤꯕꯅꯤ
idea,ꯏꯗꯦꯌꯥ
shakpa,ꯁꯛꯄ
manghanba,ꯃꯪꯍꯟꯕ
protection,ꯄ꯭ꯔꯦꯇꯇꯣꯁꯟ
normal,ꯅꯣꯔꯃꯥꯜ
amamba,ꯑꯃꯝꯕ
maheising,ꯃꯍꯩꯁꯤꯡ
khurailakpa,ꯈꯨꯔꯥꯜꯂꯥꯛ
leifam,ꯂꯩꯐꯝ
figueroa,ꯐꯤꯒꯦꯇꯧꯗ
statesingga,ꯁ꯭ꯇꯦꯠꯁꯟꯁꯤꯡꯒ
thapi,ꯊꯥꯄꯤ
dailek,ꯗꯥꯢꯂꯦꯛ
coon,ꯀꯣꯑꯣꯟ
kangleichasingna,ꯀꯪꯂꯩꯆꯁꯤꯡꯡꯅ
alembic,ꯑꯂꯦꯝꯕꯤꯤ
rasayan,ꯔꯁꯥꯌꯟ
naatampa,ꯅꯥꯇꯝꯄ
mcguire,ꯃꯨꯡꯀꯨꯋꯦ
luhongkhi,ꯂꯨꯍꯣꯡꯈꯤ
ngallingeidagi,ꯉꯥꯜꯂꯤꯉꯩꯗꯒꯤ
andhra,ꯑꯟꯙ꯭ꯔꯥ
chandragiri,ꯆꯟꯗ꯭ꯔꯤꯤꯔꯤ
matungdagina,ꯃꯇꯨꯡꯗꯒꯤꯅ
lembani,ꯂꯦꯝꯕꯅꯤ
toujaribani,ꯇꯧꯖꯔꯤꯕꯅꯤ
pathapki,ꯄꯊꯥꯄꯀꯤ
luna,ꯂꯨꯅ
urbana,ꯎꯔꯕꯅ
thankhre,ꯊꯟꯈ꯭ꯔꯦ
teja,ꯇꯦꯖꯥ
chakpasinggi,ꯆꯥꯛꯄꯁꯤꯡꯒꯤ
ranchi,ꯔꯥꯟꯆꯤ
moil,ꯃꯣꯢꯜ
latnaduna,ꯂꯥꯠꯅꯗꯨꯅ
panihati,ꯄꯅꯤꯍꯠꯇꯤ
tripathi,ꯇ꯭ꯔꯤꯐꯐꯤ
vargas,ꯚꯥꯋꯥꯁ
leitenglaba,ꯂꯩꯇꯦꯡꯂꯕ
mizoram,ꯃꯤꯓꯣꯔꯝ
orlando,ꯑꯣꯔꯥꯟꯖꯣ
potlam,ꯄꯣꯠꯂꯝ
nungsiruba,ꯅꯨꯡꯁꯤꯖꯨꯕ
jarvis,ꯖꯥꯚꯤꯁ
chittaurgarh,ꯆꯤꯠꯇꯔꯨꯇꯔꯍ
ollakkhiba,ꯑꯣꯜꯂꯛꯈꯤꯕ
pangthei,ꯄꯥꯡꯊꯩ
kok,ꯀꯣꯛ
altamonte,ꯑꯜꯇꯥꯃꯥꯟꯇ
linaba,ꯂꯤꯅꯕ
leihou,ꯂꯩꯍꯧ
binodini,ꯕꯤꯅꯣꯗꯤꯅꯤ
thapigi,ꯊꯥꯄꯤꯒꯤ
walls,ꯋꯥꯜꯛꯁ
thaadoktuna,ꯊꯥꯗꯣꯛꯇꯨꯅ
akron,ꯑꯀꯣꯔꯣꯟ
chennai,ꯆꯦꯟꯅꯥꯢ
harmon,ꯍꯥꯔꯣꯣꯟ
paaktuna,ꯄꯥꯛꯇꯨꯅ
plano,ꯄ꯭ꯂꯥꯟꯣ
engkhonda,ꯏꯪꯈꯣꯟꯗ
thenjin,ꯊꯦꯟꯖꯤꯟ
hayainugi,ꯍꯌꯥꯢꯅꯨꯒꯤ
taakpani,ꯇꯥꯛꯄꯅꯤ
nmdc,ꯅꯦꯛ꯭
amuba,ꯑꯃꯨꯕ
leisingbu,ꯂꯩꯁꯤꯡꯕꯨ
charlotte,ꯆꯥꯔꯂꯦꯠꯇ
linden,ꯂꯤꯟꯗꯦꯟ
delano,ꯗꯦꯂꯥꯅꯣ
chahao,ꯆꯍꯥꯎ
nareng,ꯅꯔꯦꯡ
chinglembi,ꯆꯤꯡꯂꯦꯝꯕꯤ
robbins,ꯔꯣꯕꯦꯟꯁꯤ
tayaamna,ꯇꯌꯥꯝꯅ
nemle,ꯅꯦꯝꯂꯦ
wangkhem,ꯋꯥꯡꯈꯦꯝ
pharmaceuticals,ꯐꯔꯃꯤꯇꯥꯂꯤꯀꯦꯁꯁ
phanggani,ꯐꯪꯒꯅꯤ
haryana,ꯍꯥꯔꯌꯅ
texas,ꯇꯦꯛꯀꯥ
palisetti,ꯄꯂꯤꯁꯇꯦꯠꯇꯤ
lafu,ꯂꯥꯐꯨ
bhatt,ꯚꯠꯠ
fernandez,ꯐꯦꯔꯦꯟꯟꯗꯋ
hutchinson,ꯍꯨꯠꯆꯤꯟꯁꯣꯟ
bhattacharjee,ꯚꯠꯇꯆꯆ꯭ꯤꯌꯦ
taitansinggidamak,ꯇꯥꯢꯇꯪꯅꯤꯁꯤꯗꯃꯃꯛ
thar,ꯊꯔ
puthokkhi,ꯄꯨꯊꯣꯛꯈꯤ
phare,ꯐꯔꯦ
paabunggi,ꯄꯥꯕꯨꯡꯒꯤ
elizabeth,ꯏꯂꯤꯌꯥꯕꯊꯊ
rutherfordium,ꯔꯨꯊꯦꯔꯚꯔꯤꯌꯝꯗꯨ
panna,ꯄꯟꯅ
trivedi,ꯇ꯭ꯔꯤꯚꯦꯔꯤ
sangleicha,ꯁꯪꯂꯩꯆꯥ
leipaakpu,ꯂꯩꯄꯥꯛꯄꯨ
nitrite,ꯅꯤꯇꯇ꯭ꯇꯤꯢꯠ
phunnabada,ꯐꯨꯟꯅꯕꯗ
manaana,ꯃꯅꯥꯅ
cooper,ꯀꯣꯑꯦꯗꯔ
lourakfam,ꯂꯧꯔꯛꯐꯝ
awangda,ꯑꯋꯥꯡꯗ
chattharakkhiba,ꯆꯠꯊꯔꯛꯈꯤꯕ
leptrimakhei,ꯂꯦꯞꯇ꯭ꯔꯤꯊꯩꯈꯤ
deleon,ꯗꯦꯂꯤꯌꯟ
kaanglupsingbu,ꯀꯥꯡꯂꯨꯞꯁꯤꯡꯕꯨ
wasudev,ꯋꯥꯁꯨꯗꯦꯋ
kangleicha,ꯀꯪꯂꯩꯆꯥ
mahesana,ꯃꯍꯩꯁꯅ
pusa,ꯄꯨꯁꯥ
mapugi,ꯃꯄꯨꯒꯤ
sidabi,ꯁꯤꯗꯕꯤ
ahumnu,ꯑꯍꯨꯝꯅꯨ
thaajanabiga,ꯊꯥꯖꯅꯕꯤꯒ
dharmapuri,ꯙꯔꯃꯄꯨꯔꯤ
ngak,ꯉꯥꯛ
khangde,ꯈꯪꯗꯦ
sijinnaphamsi,ꯁꯤꯖꯤꯟꯐꯐꯝꯁꯤ
febulas,ꯐꯦꯕꯨꯁꯥꯜ
yokpa,ꯌꯣꯛꯄ
manipurising,ꯃꯅꯤꯄꯨꯔꯤꯁꯤꯡ
hanul,ꯍꯅꯨꯜ
blue,ꯕ꯭ꯂꯦ
longmont,ꯂꯣꯡꯃꯣꯟꯠ
thaasi,ꯊꯥꯁꯤ
beverages,ꯕꯦꯚꯔꯦꯁꯦꯁ
dhaabi,ꯙꯥꯕꯤ
delray,ꯗꯦꯂꯔꯥꯋ
machaduna,ꯃꯆꯥꯗꯨꯅ
lanmeena,ꯂꯥꯟꯃꯤꯅ
wells,ꯋꯦꯜꯂꯦ
bhilai,ꯚꯤꯂꯥꯢ
english,ꯏꯪꯂꯤꯁ
harvey,ꯍꯥꯔꯚꯦ
saaphagadaba,ꯁꯥꯐꯒꯗꯕ
apollo,ꯑꯄꯣꯛꯂꯣ
sabi,ꯁꯥꯕꯤ
oibagini,ꯑꯣꯢꯕꯒꯤꯅꯤ
nungsi,ꯅꯨꯡꯁꯤ
awangdagi,ꯑꯋꯥꯡꯗꯒꯤ
wadu,ꯋꯥꯗꯨ
guna,ꯒꯨꯅ
strongsville,ꯁ꯭ꯇꯣꯔꯆꯦꯟꯜꯤꯜꯤ
moirangthem,ꯃꯣꯢꯔꯥꯡꯊꯦꯝ
robles,ꯔꯣꯕꯦꯂꯦ
yadav,ꯌꯥꯗꯋ
chingnaba,ꯆꯤꯡꯅꯕ
thagonnaba,ꯊꯥꯒꯣꯟꯅꯕ
thompson,ꯊꯣꯝꯄꯣꯟ
chaturvedi,ꯆ꯭ꯍꯨꯋꯔꯗ꯭
bowie,ꯕꯣꯋꯤ
chaubey,ꯆꯥꯕꯦꯍꯦ
phou,ꯐꯧ
cutural,ꯀꯨꯇꯨꯔꯦꯜ
pakhet,ꯄꯥꯈꯦꯠ
pithoragarh,ꯄꯤꯊꯣꯔꯥꯒ꯭ꯔ
touriba,ꯇꯧꯔꯤꯕ
ahanba,ꯑꯍꯥꯟꯕ
titan,ꯇꯤꯇꯟ
paba,ꯄꯥꯕ
safaba,ꯁꯥꯐꯕ
yaahalli,ꯌꯥꯍꯜꯂꯤ
yakhibi,ꯌꯥꯈꯤꯕꯤ
taakhanba,ꯇꯥꯛꯍꯟꯕ
nahaasing,ꯅꯍꯥꯁꯤꯡ
mamani,ꯃꯃꯥꯟꯟꯤ
ngaseppam,ꯉꯁꯦꯝꯄꯄ
khagembagi,ꯈꯥꯒꯦꯝꯕꯒꯤ
pfaudler,ꯄꯨ꯭ꯨꯜꯗꯔ
yahalli,ꯌꯥꯍꯜꯂꯤ
hestia,ꯍꯦꯁꯇꯤꯌꯥ
kouduna,ꯀꯧꯗꯨꯅ
mahalka,ꯃꯍꯜꯀ
molina,ꯃꯣꯂꯤꯅ
mayekshi,ꯃꯌꯦꯛꯁꯤ
pune,ꯄꯨꯅꯦ
madikeri,ꯃꯗꯤꯀꯦꯔꯤ
hinggathannaduna,ꯍꯤꯡꯒꯠꯍꯟꯅꯗꯨꯅ
friendswood,ꯐ꯭ꯔꯤꯟꯇꯦꯟꯌꯟꯗꯣ
investments,ꯏꯟꯚꯦꯃꯦꯁꯟꯁꯁꯠ
kaapsinba,ꯀꯥꯞꯁꯤꯟꯕ
sandokkhi,ꯁꯟꯗꯣꯛꯈꯤ
beavercreek,ꯕꯦꯚꯦꯋꯦꯁ꯭ꯔꯤꯛ
asija,ꯑꯁꯤꯖ
trivedi,ꯇ꯭ꯔꯤꯚꯦꯔꯤ
faaba,ꯐꯥꯕ
laalpichaa,ꯂꯥꯢꯄꯤꯆꯥ
poirei,ꯄꯣꯢꯔꯩ
lairampu,ꯂꯥꯢꯔꯥꯝꯄꯨ
construction,ꯀꯣꯟꯇ꯭ꯔꯤꯁꯟ꯭ꯁꯟ
nongkhal,ꯅꯣꯡꯈꯜ
jaitley,ꯖꯥꯢꯇꯦꯠ
mamaida,ꯃꯃꯥꯢꯗ
yabirammi,ꯌꯥꯕꯤꯃꯔꯝ
kachin,ꯀꯥꯆꯤꯟ
sandagi,ꯁꯥꯗꯗꯒꯤ
marana,ꯃꯔꯥꯅ
schooldagi,ꯁ꯭ꯍꯣꯜꯗꯒꯤ
petaluma,ꯄꯦꯇꯂꯂꯃ
tyrannosaurus,ꯇ꯭ꯌꯥꯟꯅꯔꯥꯋꯥꯔꯁ
dehri,ꯗꯦꯍꯔꯤ
eris,ꯏꯔꯤꯁ
kanglei,ꯀꯪꯂꯩ
ambedkar,ꯑꯦꯝꯕ꯭꯭ꯔꯥ
anant,ꯑꯅꯟꯠꯠ
khullaakpi,ꯈꯨꯜꯂꯥꯛꯄꯤ
germanygi,ꯒꯦꯔꯃꯥꯟꯒꯤ
indoaryan,ꯏꯟꯗꯣꯏꯌꯥꯔꯟ
khunsingda,ꯈꯨꯟꯁꯤꯡꯗ
mangda,ꯃꯥꯗ
daulatabad,ꯗꯨꯂꯇꯕꯗ
motherson,ꯃꯣꯊꯦꯇꯔꯁꯟ
nandanwar,ꯅꯥꯟꯗꯥꯋ꯭ꯔ
vysya,ꯚꯤꯖꯥꯌꯥ
pura,ꯄꯨꯔ
thebes,ꯊꯦꯕꯦꯁ
pokliba,ꯄꯣꯛꯂꯤꯕ
engraji,ꯏꯪꯔꯖꯦ
asinachingbasingbu,ꯑꯁꯤꯅꯆꯤꯡꯕꯁꯤꯡꯕꯨ
flowers,ꯐ꯭ꯂꯦꯚꯦꯁ
odom,ꯑꯣꯗꯣꯝ
khanongpokta,ꯈꯥꯅꯣꯡꯄꯣꯛꯇ
lisaang,ꯂꯤꯁꯥꯡ
bhalla,ꯚꯜꯂꯥ
mapal,ꯃꯄꯥꯜ
shaknairaba,ꯁꯛꯅꯥꯢꯔꯕ
minerals,ꯃꯤꯅꯦꯔꯦꯁ
brock,ꯕ꯭ꯔꯣꯛꯛ
pricol,ꯄ꯭ꯔꯤꯀꯣꯜ
tinsinnaraba,ꯇꯤꯟꯁꯤꯟꯅꯔꯕ
kaatu,ꯀꯥꯇꯨ
mamangngeigi,ꯃꯃꯥꯡꯉꯩꯒꯤ
khunnaigi,ꯈꯨꯟꯅꯥꯄꯤꯤ
mahapatra,ꯃꯍꯥꯄꯥꯇꯥ
breweries,ꯕ꯭ꯔꯦꯋꯦꯔꯤꯁ
sougrakpam,ꯁꯧꯒ꯭ꯔꯥꯛꯄꯝ
makhouri,ꯃꯈꯧꯔꯤ
satle,ꯁꯠꯂꯦ
khomduna,ꯈꯣꯝꯗꯨꯅ
webster,ꯋꯦꯕꯦꯠꯇꯔ
longview,ꯂꯣꯡꯍꯤꯌꯨ
korounu,ꯀꯣꯔꯧꯅꯨ
bheda,ꯕꯦꯗ
phailen,ꯐꯥꯢꯂꯦꯟ
moroccan,ꯃꯣꯔꯣꯀꯦꯟ
roach,ꯔꯣꯑꯦꯛ
leingaakta,ꯂꯩꯉꯥꯛꯇ
thokliba,ꯊꯣꯛꯂꯤꯕ
delta,ꯗꯦꯠꯇ
anubis,ꯑꯅꯨꯕꯤꯁ
ventures,ꯚꯦꯟꯇꯨꯇꯤꯁ
cherrapunji,ꯀꯦꯔꯥꯟꯄꯦꯔꯥꯢ
gilmore,ꯒꯤꯜꯃꯣꯔꯦ
hathras,ꯍꯥꯊ꯭ꯔꯁ
torrance,ꯇꯣꯔꯥꯟꯦꯁ
lanmisingna,ꯂꯥꯟꯃꯤꯁꯤꯡꯅ
shangleicha,ꯁꯪꯂꯩꯆꯥ
peifam,ꯄꯩꯐꯝ
satkanli,ꯁꯥꯠꯅꯜꯂꯤ
sitapur,ꯁꯤꯇꯄꯨꯔ
khangjinba,ꯈꯪꯖꯤꯟꯕ
houdoklamba,ꯍꯧꯗꯣꯛꯂꯝꯕ
faobagidi,ꯐꯥꯎꯕꯒꯤꯗꯤ
khangnakhiba,ꯈꯪꯪꯈꯈꯤꯕ
lepnaduna,ꯂꯦꯞꯅꯗꯨꯅ
nu,ꯅꯨ
yoder,ꯌꯣꯗꯦꯔ
peipham,ꯄꯩꯐꯝ
yot,ꯌꯣꯠ
pharabani,ꯐꯔꯕꯕꯅꯤ
khaangda,ꯈꯥꯡꯗ
nowgong,ꯅꯧꯋꯣꯡ
heinei,ꯍꯩꯅꯩ
kathua,ꯀꯥꯊꯨ
matheran,ꯃꯊꯦꯔꯟ
manungdasu,ꯃꯅꯨꯡꯗꯁꯨ
phungawarising,ꯐꯨꯡꯒꯥꯋꯥꯔꯤꯁꯤꯡ
varghese,ꯚꯥꯒꯦꯁꯦꯁ
toubi,ꯇꯧꯕꯤ
leirabini,ꯂꯩꯔꯥꯕꯤꯅꯤ
ngasepam,ꯉꯁꯃꯦꯄꯝ
steele,ꯁꯤꯇꯦꯂꯦ
vishwakarma,ꯚꯤꯒꯠꯃꯥꯔꯃ
ningba,ꯅꯤꯡꯕ
chingjel,ꯆꯤꯡꯖꯦꯜ
mehrotra,ꯃꯦꯍꯣꯔ꯭ꯇ
asiadana,ꯑꯁꯤꯌꯥꯗꯅ
juned,ꯖꯨꯅꯦꯗ
tulshidas,ꯇꯨꯜꯁꯤꯗꯁ
enzyme,ꯏꯟꯟꯃꯤꯠ
tagetes,ꯇꯥꯒꯦꯇꯁ
phibham,ꯐꯤꯚꯝ
nextgen,ꯅꯦꯛꯇꯦꯟ
longanga,ꯂꯣꯉꯉꯥ
phamlongi,ꯐꯝꯂꯣꯟꯒꯤ
victorville,ꯚꯤꯢꯇ꯭ꯔꯣꯕꯆꯦꯜ
roseville,ꯔꯣꯒꯦꯖꯤꯜꯂꯦ
mythology,ꯃ꯭ꯊꯣꯂꯣꯂꯤꯒꯤ
mannana,ꯃꯥꯟꯅꯅ
renewables,ꯔꯦꯅꯦꯋꯦꯕꯁꯁ
anand,ꯑꯅꯟꯟ
pasco,ꯄꯥꯁꯣꯣ
pirammi,ꯄꯤꯔꯝꯃꯤ
humputaraa,ꯍꯨꯝꯄꯨꯇꯔꯥ
laiphamdagi,ꯂꯥꯢꯐꯝꯗꯒꯤ
khunthokpaga,ꯈꯨꯟꯊꯣꯛꯄꯒ
kshetrimayum,ꯀ꯭ꯇꯦꯠꯇꯤꯌꯝ
shahid,ꯁꯥꯍꯤꯗ
mayur,ꯃꯌꯨꯔ
kanglupki,ꯀꯥꯡꯂꯨꯞꯀꯤ
ningthousinggi,ꯅꯤꯡꯊꯧꯁꯤꯡꯒꯤ
juarez,ꯖ꯭ꯔꯦꯖ
jyothy,ꯖ꯭ꯌꯣꯇꯤ
meidingu,ꯃꯩꯗꯤꯡꯎ
kaanglupna,ꯀꯥꯡꯂꯨꯞꯅ
sanders,ꯁꯟꯗꯦꯁ
saanglaba,ꯁꯥꯡꯂꯕ
loibada,ꯂꯣꯢꯕꯗ
araappada,ꯑꯔꯥꯞꯄꯗ
yallaga,ꯌꯥꯂꯂꯒ
distriparks,ꯗꯤꯁꯇ꯭ꯔꯤꯟꯇꯤꯛꯁ
binoranjan,ꯕꯤꯅꯔꯣꯖꯖꯟ
saangba,ꯁꯥꯡꯕ
katu,ꯀꯇꯨ
lakpadagi,ꯂꯥꯛꯄꯗꯒꯤ
palemdi,ꯄꯂꯦꯝꯗꯤ
laanchao,ꯂꯥꯟꯆꯥꯎ
natraaj,ꯅꯠꯇꯥꯖ
chuchaak,ꯆꯨꯆꯥꯛ
moiranggi,ꯃꯣꯢꯔꯥꯟꯒꯤ
paotak,ꯄꯥꯎꯇꯥꯛ
laatnaduna,ꯂꯥꯠꯅꯗꯨꯅ
rizwan,ꯔꯤꯓꯋꯟ
yaddanapudi,ꯌꯥꯗꯗꯥꯟꯄꯨꯗꯤ
kagi,ꯀꯥꯒꯤ
sintakhansingna,ꯁꯤꯟꯇꯥꯛꯆꯆꯤꯡꯅ
niyog,ꯅꯤꯌꯣꯒ
chei,ꯆꯩ
evans,ꯏꯕꯥꯟꯁ
ambikapur,ꯑꯦꯕꯤꯀꯥꯄꯨꯔ
saphu,ꯁꯥꯐꯨ
tissue,ꯇꯤꯁꯨ
schultz,ꯁꯨꯆꯨꯜꯊ
aluminium,ꯑꯂꯨꯃꯤꯅꯤꯌꯝ
manhattan,ꯃꯥꯡꯅꯇꯥꯟ
kolkata,ꯀꯣꯜꯀꯇ
lanmina,ꯂꯥꯟꯃꯤꯅ
barasat,ꯕꯥꯔꯁꯠ
atul,ꯑꯇꯨꯜ
kumhei,ꯀꯨꯝꯍꯩ
yumlingi,ꯌꯨꯝꯂꯤꯟꯒꯤ
dwivedi,ꯗ꯭ꯋꯤꯚꯔꯗꯤ
bruno,ꯕ꯭ꯔꯣꯅꯣ
spokane,ꯁ꯭ꯄꯣꯀꯅꯦ
noblesville,ꯅꯣꯕꯦꯂꯦꯂꯤꯂꯤꯟ
manchikanti,ꯃꯟꯆꯤꯅꯥꯛꯇꯤ
phiral,ꯐꯤꯔꯜ
asaba,ꯑꯁꯥꯕ
tamilpetromarine,ꯇꯦꯃꯤꯜꯄꯨꯔꯔꯣꯇꯔꯃꯟꯟ
hung,ꯍꯨꯡ
pot,ꯄꯣꯠ
chaakkouba,ꯆꯥꯛꯀꯧꯕ
rajkot,ꯔꯥꯢꯀꯣꯠ
nupada,ꯅꯨꯄꯥꯗ
exchange,ꯏꯛꯆꯆꯪ
ispat,ꯏꯖꯥꯠꯠ
kumbakarna,ꯀꯨꯝꯕꯀꯔꯅ
khongchat,ꯈꯣꯡꯆꯠ
telheiba,ꯇꯦꯜꯍꯩꯕ
surya,ꯁꯨꯔꯌ
akoibada,ꯑꯀꯣꯢꯕꯗ
seiraangbani,ꯁꯩꯔꯥꯡꯕꯅꯤ
paomee,ꯄꯥꯎꯃꯤ
tewari,ꯇꯦꯋꯥꯔꯤ
radico,ꯔꯦꯗꯤꯀꯣ
hu,ꯍꯨ
waamang,ꯋꯥꯃꯪ
neeraj,ꯅꯤꯔꯥꯖ
hangchitla,ꯍꯥꯡꯆꯤꯠꯂ
paakchaobadagini,ꯄꯥꯛꯆꯥꯎꯕꯗꯒꯤꯅꯤ
thyrotechno,ꯇ꯭ꯌꯤꯇꯣꯇꯣꯅꯣ
gears,ꯖꯤꯑꯦꯁ
north,ꯅꯣꯠ꯭
terre,ꯇꯦꯔꯦ
luis,ꯂꯨꯢꯁ
leisou,ꯂꯩꯁꯧ
tingkhanggumna,ꯇꯤꯡꯈꯪꯈꯨꯝꯅ
raymond,ꯔꯥꯌꯣꯃꯟꯗ
kirk,ꯀꯤꯛꯀ
minneapolis,ꯃꯤꯟꯅꯖꯤꯤꯣꯂꯤꯁ
hercules,ꯍꯥꯔꯀ꯭ꯌꯨꯁ
lacedaemon,ꯂꯥꯁꯦꯗꯦꯃꯟꯟ
sei,ꯁꯩ
tinsinnaba,ꯇꯤꯟꯁꯤꯟꯅꯕ
kanniyakumari,ꯀꯟꯅꯤꯅꯥꯃꯔꯨꯃꯤ
vineland,ꯚꯤꯅꯦꯂꯦꯟ
watkani,ꯋꯥꯠꯀꯅꯤ
paki,ꯄꯥꯀꯤ
cranston,ꯀ꯭ꯗꯦꯟꯁꯟ
bryan,ꯕ꯭ꯔꯥꯌꯟ
khajuraho,ꯈꯖꯖꯔꯣꯊ
seshasayee,ꯁꯦꯁꯥꯁꯦꯋ
thammi,ꯊꯝꯃꯤ
algiers,ꯑꯜꯒꯤꯚꯦꯁ
kharagi,ꯈꯔꯥꯒꯤ
leelagi,ꯂꯤꯂꯂꯒꯤ
chamthaba,ꯆꯥꯝꯊꯕ
kasniya,ꯀꯥꯁꯤꯌꯥ
houkharaba,ꯍꯧꯈꯔꯕ
purakkhre,ꯄꯨꯔꯛꯈꯤꯔꯦ
vasudebagi,ꯚꯁꯨꯗꯦꯕꯒꯤ
chaanei,ꯆꯥꯅꯩ
iowa,ꯏꯌꯋꯥ
phangdriba,ꯐꯪꯗ꯭ꯔꯤꯕ
puthokli,ꯄꯨꯊꯣꯛꯂꯤ
seth,ꯁꯦꯊ
elenpung,ꯏꯂꯦꯟꯄꯨꯡ
mamaannabisingga,ꯃꯃꯥꯟꯅꯕꯤꯁꯤꯡꯒ
nayib,ꯅꯥꯤꯕ
bbc,ꯕꯤꯖ
cheiramsing,ꯆꯩꯔꯝꯁꯤꯡ
wangu,ꯋꯥꯉꯨ
mamingmathaa,ꯃꯃꯤꯡꯃꯆꯥ
lana,ꯂꯥꯅ
apokpasingni,ꯑꯄꯣꯛꯄꯁꯤꯡꯅꯤ
khongchatka,ꯈꯣꯡꯆꯠꯀ
seishakpa,ꯁꯩꯁꯛꯄꯤ
chatnabisinggi,ꯆꯠꯅꯕꯤꯁꯡꯒꯤ
pumnamaksi,ꯄꯨꯝꯅꯃꯛꯁꯤ
hisar,ꯍꯤꯁꯔ
ngambagi,ꯉꯝꯕꯒꯤ
aribam,ꯑꯔꯤꯕꯥꯝ
waaheibu,ꯋꯥꯍꯩꯕꯨ
kolounongpu,ꯀꯣꯂꯧꯅꯍꯨꯛꯄꯨ
angur,ꯑꯉꯨꯔ
mathur,ꯃꯊꯨꯔ
naina,ꯅꯥꯢꯅ
chingsindaba,ꯆꯤꯡꯁꯤꯟꯗꯕ
virbhadra,ꯕꯤꯔꯤꯙ꯭ꯔꯕ
veishnav,ꯚꯩꯁ꯭ꯊꯥꯕ
punsinaba,ꯄꯨꯟꯁꯤꯅꯕ
ratnagiri,ꯔꯥꯠꯅꯒꯤꯔꯤ
gadge,ꯒꯗꯒꯦ
heritage,ꯍꯤꯔꯤꯇꯔꯦꯖ
shenoy,ꯁꯦꯅꯣꯏ
khagemba,ꯈꯥꯒꯦꯝꯕ
findlay,ꯐꯤꯟꯗꯥꯂꯤ
lafoisi,ꯂꯥꯍꯣꯢꯁꯤ
maannaramde,ꯃꯥꯟꯅꯔꯝꯗꯦ
aster,ꯑꯁꯇꯦꯔ
pokchaba,ꯄꯣꯛꯆꯕ
ningthourolsing,ꯅꯤꯡꯊꯧꯔꯦꯜꯁꯤꯡ
palakkad,ꯄꯥꯀꯛꯀꯗ
bayonne,ꯕꯦꯖꯣꯅꯦ
asheville,ꯑꯁꯦꯚꯦꯜꯂꯦ
parbhani,ꯄꯥꯔꯍꯅꯤ
columbus,ꯀꯣꯂꯨꯝꯕꯁ
suven,ꯁꯨꯚꯦꯟ
thililda,ꯊꯤꯂꯤꯜꯗ
murfreesboro,ꯃꯨꯔꯦꯋꯦꯔꯣꯔꯄꯣꯢ
crosse,ꯀ꯭ꯑꯦꯁ꯭ꯁ
olympia,ꯑꯣꯂꯤꯝꯄ꯭ꯌꯥ
waseem,ꯋꯥꯁꯦꯝ
cipla,ꯁꯤꯞꯂꯥ
maalang,ꯃꯥꯂꯪ
emung,ꯏꯃꯨꯡ
burke,ꯕꯨꯀꯦ
jauhari,ꯖꯍꯍꯔꯤ
yaya,ꯌꯥꯌꯥ
bhal,ꯚꯜ
kharashu,ꯈꯔꯥꯁꯨ
wheeling,ꯋꯤꯍꯦꯜꯅꯤꯡ
dutt,ꯗꯨꯠꯠ
aloi,ꯑꯂꯣꯢ
insecticides,ꯏꯟꯁꯤꯇꯦꯔꯦꯁꯤꯗꯁ
sati,ꯁꯥꯇꯤ
virus,ꯚꯤꯔꯨꯁ
nungngaiba,ꯅꯨꯡꯉꯥꯢꯕ
phajaba,ꯐꯖꯕ
elgi,ꯏꯜꯒꯤ
paambigi,ꯄꯥꯝꯕꯤꯒꯤ
tandon,ꯇꯟꯗꯣꯟ
miramar,ꯃꯤꯔꯥꯃꯥꯔ
chadian,ꯆꯥꯗꯤꯌꯟ
loulok,ꯂꯧꯂꯣꯛ
phouda,ꯐꯧꯗ
chabun,ꯆꯥꯕꯨ
dhaulpur,ꯙꯥꯞꯄꯨꯔ
sanskritki,ꯁꯟꯁ꯭ꯁꯣꯔꯇꯤ
davangere,ꯗꯥꯡꯅꯍꯦꯔꯦ
sareen,ꯁꯥꯔꯦꯟ
florence,ꯐ꯭ꯂꯦꯅꯦꯁꯟ
flynn,ꯐ꯭ꯂꯦꯟ
mentor,ꯃꯦꯟꯇꯣꯔ
machangsing,ꯃꯆꯪꯁꯤꯡ
mammary,ꯃꯃꯔꯦꯤ
apisa,ꯑꯄꯤꯁꯥ
wahanbagidamak,ꯋꯥꯍꯟꯕꯒꯤꯗꯃꯛ
rajput,ꯔꯥꯖꯄꯨꯠ
khotthokpagi,ꯈꯣꯠꯊꯣꯛꯄꯒꯤ
loukrakpam,ꯂꯧꯀ꯭ꯀꯥꯢꯄꯝ
marak,ꯃꯔꯛꯛ
varanasi,ꯚꯥꯔꯥꯅꯁꯤ
ngaoduna,ꯉꯥꯎꯗꯨꯅ
garrison,ꯒꯔꯤꯔꯣꯁꯟ
chaudhary,ꯆꯥꯙꯥꯔꯤ
kangfalgi,ꯀꯪꯐꯥꯜꯒꯤ
madurai,ꯃꯗꯨꯔꯥꯢ
marifu,ꯃꯔꯤꯐꯨ
sangbannaba,ꯁꯥꯡꯕꯅꯟꯕ
tongbram,ꯇꯣꯡꯕ꯭ꯔꯥꯝ
yotleena,ꯌꯣꯠꯂꯤꯅ
biocon,ꯕꯤꯑꯣꯁꯣꯟ
rane,ꯔꯥꯅꯦ
mathunda,ꯃꯊꯨꯟꯗ
sheishak,ꯁꯩꯁꯛ
maikeigi,ꯃꯥꯢꯀꯩꯒꯤ
september,ꯁꯦꯞꯇꯦꯕꯔꯔ
lourakkhi,ꯂꯧꯔꯛꯈꯤ
lang,ꯂꯪ
saatpa,ꯁꯥꯠꯄ
hengatlak,ꯍꯦꯟꯒꯠꯂꯛ
ngada,ꯉꯥꯗ
kharagpur,ꯈꯔꯥꯢꯄꯨꯔ
yeknabada,ꯌꯦꯛꯅꯕꯗ
horn,ꯍꯣꯔꯟ
polyplex,ꯄꯣꯂꯤꯄꯦꯂꯦ
nanabagi,ꯅꯥꯅꯕꯒꯤ
yuropki,ꯌꯨꯔꯣꯛꯄꯤ
midnapore,ꯃꯤꯗꯅꯥꯢꯄꯦꯔ
pennington,ꯄꯦꯟꯅꯤꯡꯇꯣꯟ
thrissur,ꯇ꯭ꯔꯤꯁ꯭ꯔ
maheigi,ꯃꯍꯩꯒꯤ
gangwar,ꯒꯪꯋꯋ꯭ꯔ
numitkidamak,ꯅꯨꯃꯤꯠꯀꯥꯗꯤꯛ
latnaba,ꯂꯥꯠꯅꯕ
feeds,ꯐꯤꯢꯁ
mcdowell,ꯃꯦꯗ꯭꯭ꯍꯣꯜ
chhipa,ꯆꯤꯄ
tongnganba,ꯇꯣꯡꯍꯟꯕ
ngasisu,ꯉꯁꯤꯁꯨ
camarillo,ꯀꯥꯃꯤꯔꯣꯜ
chaanu,ꯆꯥꯅꯨ
taakpa,ꯇꯥꯛꯄ
madison,ꯃꯗꯣꯁꯣꯟ
lam,ꯂꯝ
tirana,ꯇꯤꯔꯥꯅ
novi,ꯅꯣꯚꯤ
thangbadi,ꯊꯪꯕꯗꯤ
thaakhare,ꯊꯥꯈꯔꯦ
ngashisu,ꯉꯁꯤꯁꯨ
lanna,ꯂꯟꯅ
dekalb,ꯗꯦꯀꯦꯜꯕ
khumde,ꯈꯨꯝꯗꯦ
kavi,ꯀꯥꯚꯤ
tomar,ꯇꯣꯃꯥꯔ
tyre,ꯇ꯭ꯔꯦꯠ
michamsingbu,ꯃꯤꯆꯝꯁꯤꯡꯕꯨ
weeks,ꯋꯤꯛꯁ
arabki,ꯑꯔꯥꯕꯤꯀꯤ
rochester,ꯔꯣꯆꯦꯁꯇꯔ
carlsbad,ꯀꯥꯜꯜꯜꯗ
leo,ꯂꯤꯑꯣ
chaorakkhi,ꯆꯥꯎꯔꯛꯈꯤ
taipangpaal,ꯇꯥꯢꯄꯪꯄꯥꯜ
maanghanba,ꯃꯥꯡꯍꯟꯕ
emalonbu,ꯏꯃꯥꯂꯣꯟꯕꯨ
yendrembam,ꯌꯦꯟꯗ꯭ꯔꯦꯝꯕꯝ
purakpa,ꯄꯨꯔꯛꯄ
chaoshaangba,ꯆꯥꯎꯁꯥꯡꯕ
cheihigi,ꯆꯩꯍꯤꯒꯤ
dasila,ꯗꯁꯤꯂꯥ
mayamda,ꯃꯌꯥꯝꯗ
sakkhangbidriba,ꯁꯛꯈꯪꯈꯤꯗꯕꯤꯕ
takpa,ꯇꯥꯛ
yengnabada,ꯌꯦꯡꯅꯕꯗ
ngaklongi,ꯉꯥꯛꯂꯣꯟꯒꯤ
kaalratri,ꯀꯥꯜꯔꯥ꯭꯭ꯋꯤ
acevedo,ꯑꯁꯦꯚꯦꯇꯣ
kotturu,ꯀꯣꯠꯇꯨꯔꯨ
digvijay,ꯗꯤꯚꯤꯌꯒꯤ
malang,ꯃꯥꯂꯪ
sehgal,ꯁꯦꯒꯜꯜ
rajgarh,ꯔꯥꯖꯒ꯭ꯔꯍ
uchan,ꯎꯆꯟ
meisa,ꯃꯩꯁꯥ
river,ꯔꯤꯚꯦꯠ
youngstown,ꯌꯧꯡꯁꯣꯡꯟꯟ
thapaalon,ꯊꯥꯄꯥꯣꯟ
ngamdaba,ꯉꯝꯗꯕ
mamallapuram,ꯃꯃꯜꯂꯥꯄꯨꯔꯝ
redeemer,ꯔꯤꯗꯦꯃꯦꯔ
gutti,ꯒꯨꯠꯇꯤ
mapulen,ꯃꯄꯨꯜꯦꯟ
lising,ꯂꯤꯁꯤꯡ
thaangchahanpa,ꯊꯥꯡꯆꯟꯈꯄ
yonnei,ꯌꯣꯟꯅꯩ
provo,ꯄ꯭ꯔꯣꯍꯣ
yaakhibi,ꯌꯥꯈꯤꯕꯤ
ebungngo,ꯏꯕꯨꯡꯉꯣ
laanleima,ꯂꯥꯟꯂꯩꯃ
yaaraba,ꯌꯥꯔꯕ
khutmaaba,ꯈꯨꯠꯃꯥꯕ
gandhimathi,ꯒꯥꯟꯙꯤꯃꯠꯈꯤ
hidakloisingsi,ꯍꯤꯗꯥꯂꯣꯜꯁꯤꯡꯁꯤ
life,ꯂꯤꯐꯦ
laisangsinggi,ꯂꯥꯢꯁꯪꯁꯤꯡꯒꯤ
panani,ꯄꯅꯥꯅꯤ
sarukki,ꯁꯔꯨꯛꯀꯤ
bhukya,ꯚꯨꯆꯤꯌꯥ
cerritos,ꯁꯦꯔꯤꯌꯣꯠꯁ
pokpagidamak,ꯄꯣꯛꯄꯒꯤꯗꯃꯛ
hassan,ꯍꯁꯠꯟ
kharasu,ꯈꯔꯥꯁꯨ
sharuk,ꯁꯔꯨꯛ
valdosta,ꯚꯦꯗꯣꯁꯇ
pukhi,ꯄꯨꯈꯤ
austin,ꯑꯣꯁꯇꯤꯟ
shandilya,ꯁꯟꯗꯤꯁꯥꯂꯥ
james,ꯖꯦꯃꯦ
piraduna,ꯄꯤꯔꯥꯗꯨꯅ
peru,ꯄꯦꯔꯨ
gaur,ꯒꯥꯔꯧ
foodworks,ꯐꯣꯗꯣꯋꯥꯣꯁꯁ
shaktaakkhi,ꯁꯛꯇꯥꯛꯈꯤ
higgins,ꯍꯥꯢꯒꯤꯁ
phimuna,ꯐꯤꯃꯨꯅ
mayamga,ꯃꯌꯥꯝꯒ
multimedia,ꯃꯨꯜꯇꯤꯝꯖꯔꯤꯗꯥ
stanton,ꯁ꯭ꯇꯦꯟꯇꯣꯟ
tambinaba,ꯇꯝꯕꯤꯅꯕ
rao,ꯔꯥꯎ
dhap,ꯓꯥꯞ
food,ꯐꯣꯗꯣ
affle,ꯑꯐꯦꯜ
graduate,ꯒ꯭ꯔꯥꯗꯇꯦꯠ
ngantuleng,ꯉꯥꯟꯇꯨꯜꯁꯡ
araambai,ꯑꯔꯥꯝꯕꯥꯢ
jhabua,ꯓꯕꯐ
tamphamshang,ꯇꯝꯐꯝꯁꯤꯡ
mariphumapan,ꯃꯔꯤꯐꯨꯃꯥꯄꯟ
palanpur,ꯄꯥꯅꯥꯄꯨꯔ
konungdagi,ꯀꯣꯅꯨꯡꯗꯒꯤ
mafamsu,ꯃꯐꯝꯁꯨ
hankhibana,ꯍꯟꯈꯤꯕꯅ
pusa,ꯄꯨꯁꯥ
shivagauri,ꯁꯤꯒꯥꯋꯥꯔꯤ
wokha,ꯋꯣꯈꯥ
mayaamsigi,ꯃꯌꯥꯝꯁꯤꯒꯤ
quess,ꯀ꯭ꯌꯦꯁ
chaokhatnaba,ꯆꯥꯎꯈꯠꯅꯕ
rosales,ꯔꯣꯁꯥꯦꯁ
ata,ꯑꯇꯥ
infraconstruction,ꯏꯟꯟꯇ꯭ꯔꯤꯁꯟꯇ꯭ꯔꯣꯁꯟ
lynchburg,ꯂꯤꯟꯆꯦꯡꯕꯒ
warisinggi,ꯋꯥꯔꯤꯁꯤꯡꯒꯤ
utlaba,ꯎꯠꯂꯕ
laatamni,ꯂꯥꯇꯝꯅꯤ
diamond,ꯗꯤꯑꯥꯃꯟꯟ
amaangsang,ꯑꯃꯥꯡꯁꯪ
thakna,ꯊꯥꯛꯅ
pidilite,ꯄꯤꯗꯤꯁꯦꯠ
anggurmuk,ꯑꯪꯒꯨꯃꯇꯨꯛ
bengal,ꯕꯦꯡꯒꯜ
echaada,ꯏꯆꯥꯗ
nongshamei,ꯅꯣꯡꯁꯥꯃꯩ
laisinggi,ꯂꯥꯢꯁꯤꯡꯒꯤ
bhopal,ꯕꯣꯂꯥꯜ
aleem,ꯑꯂꯤꯦꯝ
ilat,ꯏꯂꯥꯠ
mangte,ꯃꯥꯡꯇꯦ
indora,ꯏꯟꯗꯣꯔꯥ
indus,ꯏꯟꯗꯁꯁ
sorus,ꯁꯣꯔꯁ
waheisingsigi,ꯋꯥꯍꯩꯁꯤꯡꯁꯤꯒꯤ
taraq,ꯇꯔꯥꯛ
wangbadu,ꯋꯥꯡꯕꯗꯨ
khallo,ꯈꯜꯂꯣ
bentonville,ꯕꯦꯟꯇꯣꯕꯤꯂꯂꯂꯦ
arunachal,ꯑꯔꯨꯅꯆꯜ
paangduna,ꯄꯥꯡꯗꯨꯅ
moupwaada,ꯃꯧꯄꯥꯋꯥꯗ
srichakra,ꯁ꯭ꯔꯤꯆꯆꯔ
tumit,ꯇꯨꯃꯤꯠ
sandilya,ꯁꯟꯗꯤꯁ꯭ꯂꯥ
stanley,ꯁ꯭ꯇꯦꯟꯠꯂꯤ
arya,ꯑꯔꯥꯌꯥ
mobile,ꯃꯣꯕꯤꯂꯦ
ashaba,ꯑꯁꯥꯕ
kanchan,ꯀꯟꯆꯥꯟ
lilium,ꯂꯤꯂꯤꯌꯝ
fani,ꯐꯥꯅꯤ
natureview,ꯅꯇꯨꯔꯦꯚꯋꯋ
vikram,ꯚꯤꯀ꯭꯭ꯔꯥꯝ
khanbadagi,ꯈꯟꯕꯗꯒꯤ
riverside,ꯔꯤꯚꯦꯔꯦꯁꯗꯤ
laishon,ꯂꯥꯢꯁꯣꯟ
mapokkasu,ꯃꯄꯣꯛꯂꯅꯁ
oakley,ꯑꯣꯀꯦꯜꯂꯤ
kaangbu,ꯀꯥꯡꯕꯨ
faahoubagi,ꯐꯥꯍꯧꯕꯒꯤ
gary,ꯒꯥꯔꯤ
bender,ꯕꯦꯟꯗꯦꯔ
yungba,ꯌꯨꯡꯕ
chairman,ꯆꯥꯢꯔꯝꯟ
axis,ꯑꯦꯁꯤ
manila,ꯃꯥꯅꯤꯂꯥ
haveli,ꯍꯥꯒꯂꯂꯤ
nulaa,ꯅꯨꯂꯥ
kansai,ꯀꯟꯁꯥꯢ
raza,ꯔꯥꯓꯥ
kapurthala,ꯀꯄꯨꯦꯆꯠꯥ
navas,ꯅꯥꯋꯁ
hapchinduna,ꯍꯥꯞꯆꯤꯟꯗꯨꯅ
anam,ꯑꯅꯝ
avenues,ꯑꯖꯤꯅꯨꯁ
pradesh,ꯄ꯭ꯔꯦꯗꯁ
authority,ꯑꯥꯎꯇꯣꯇ꯭ꯇꯤ
pennington,ꯄꯦꯟꯅꯤꯡꯇꯣꯟ
thongba,ꯊꯣꯡꯕ
indiadadi,ꯏꯟꯗꯤꯌꯥꯗꯤ
gables,ꯒꯦꯕꯦꯁ
khubaak,ꯈꯨꯕꯥꯛ
thasi,ꯊꯥꯁꯤ
apparels,ꯑꯄꯄꯦꯦꯦꯜꯁ
paalamba,ꯄꯥꯂꯝꯕ
fabada,ꯐꯥꯕꯗ
euclid,ꯏꯌꯨꯛꯂꯤꯗ
insurance,ꯏꯟꯁꯨꯗꯥꯔꯁꯦ
karimnagar,ꯀꯔꯤꯃꯅꯥꯔ
sansenbi,ꯁꯟꯁꯦꯟꯕꯤ
manggon,ꯃꯥꯡꯒꯣꯟ
baripada,ꯕꯤꯔꯤꯄꯥ
masam,ꯃꯁꯝ
yauhandana,ꯌꯥꯍꯟꯗꯅ
castalloy,ꯀꯁꯇꯦꯦꯂꯣꯟ
samjireigumna,ꯁꯝꯖꯤꯔꯔꯝꯔꯅ
deoria,ꯗꯤꯑꯣꯔꯤꯌꯥ
wikipediasi,ꯋꯤꯀꯤꯄꯦꯗꯤꯌꯥꯒꯤ
lisang,ꯂꯤꯁꯪ
georgetown,ꯖꯤꯑꯣꯔꯖꯨꯑꯣꯟꯟ
houfam,ꯍꯧꯐꯝ
laapthorakpada,ꯂꯥꯞꯊꯣꯔꯛꯄꯄ
music,ꯃ꯭ꯁꯨꯁꯤ
puyaane,ꯄꯨꯌꯥꯅꯦ
rapids,ꯔꯥꯄꯤꯗꯁ
ganesha,ꯒꯦꯁꯥꯁꯥ
kumpapada,ꯀꯨꯝꯄꯥꯗ
crosby,ꯀ꯭ꯔꯣꯁꯤꯖꯤ
kangfaalgi,ꯀꯪꯐꯥꯜꯒꯤ
paangthoklamba,ꯄꯥꯡꯊꯣꯛꯂꯝꯕ
pangdaba,ꯄꯥꯡꯗꯕ
jindal,ꯖꯤꯟꯗꯥꯜ
chapel,ꯆꯄꯦꯜ
porterville,ꯄꯣꯔꯇꯦꯖꯚꯤꯌꯦꯜ
nupaana,ꯅꯨꯄꯥꯅ
translesangi,ꯇ꯭ꯔꯦꯟꯁꯦꯁꯟꯒꯤ
tibetna,ꯇꯤꯕꯦꯠꯅ
tinkang,ꯇꯤꯟꯀꯥꯡ
tayamna,ꯇꯌꯥꯝꯅ
phattababu,ꯐꯠꯇꯕꯕꯨ
yaare,ꯌꯥꯔꯦ
madam,ꯃꯥꯝꯝ
nombagi,ꯅꯣꯝꯕꯒꯤ
natural,ꯅꯇꯨꯔꯦꯜ
bean,ꯕꯦꯌꯟ
leiraang,ꯂꯩꯔꯥꯡ
lamlaisingki,ꯂꯝꯂꯥꯢꯁꯤꯡꯀꯤ
inaak,ꯏꯅꯥꯛ
covalent,ꯀꯣꯋꯥꯦꯦꯟꯠ
ramanathapuram,ꯔꯥꯃꯥꯅꯌꯥꯐꯨ
testa,ꯇꯦꯁꯇ
nalla,ꯅꯜꯂꯥ
infraprojects,ꯏꯟꯄꯦꯔꯦꯟꯀꯥꯢꯁꯁ
assam,ꯑꯁꯥꯝ
ngaantuleng,ꯉꯥꯟꯇꯨꯜꯁꯡ
stevenson,ꯁ꯭ꯌꯦꯟꯖꯦꯟꯁꯟ
brigade,ꯕ꯭ꯔꯤꯗꯗꯦ
chaosaangba,ꯆꯥꯎꯁꯪꯕ
varshney,ꯚꯥꯁ꯭ꯅꯦ
ngaakpagi,ꯉꯥꯛꯄꯒꯤ
sudana,ꯁꯨꯗꯅ
brennan,ꯕ꯭ꯔꯦꯟꯅꯥꯟ
akola,ꯑꯀꯣꯂꯥ
shravanabelagola,ꯁ꯭ꯔꯥꯚꯖꯌꯜꯂꯂꯤꯒ
kokuyo,ꯀꯣꯀꯨꯌꯣ
namu,ꯅꯃꯨ
cooch,ꯀꯣꯆꯤ
phangkhibadugi,ꯐꯪꯈꯤꯕꯒꯤꯗꯤ
laishram,ꯂꯥꯢꯁ꯭꯭ꯥꯝ
mitchell,ꯃꯤꯠꯆꯦꯜ
carr,ꯀꯥꯔꯔ
emungni,ꯏꯃꯨꯡꯅꯤ
rectifiers,ꯔꯤꯛꯇꯤꯚꯤꯌꯁ
amagi,ꯑꯃꯥꯒꯤ
charles,ꯆꯥꯔꯦꯂ
nagappattinam,ꯅꯥꯒꯄꯄꯛꯇꯕꯨꯝ
mathis,ꯃꯊꯤꯁ
dehra,ꯗꯦꯍ꯭ꯔ
janesville,ꯖꯦꯟꯁꯦꯁꯍꯜ
laiphina,ꯂꯥꯢꯐꯤꯅ
oinaba,ꯑꯣꯢꯅꯕ
articlenachingba,ꯑꯥꯔꯤꯇꯦꯅꯤꯁꯤꯡꯕ
thoothukudi,ꯊꯣꯠꯍꯨꯇꯨꯗꯤ
cheion,ꯆꯩꯑꯣꯟ
shokeen,ꯁꯣꯀꯦꯟꯟ
panghal,ꯄꯥꯡꯍꯜ
plyboards,ꯄ꯭ꯖꯤꯕꯕꯁꯗꯁ
laija,ꯂꯥꯢꯖ
kayaamarumna,ꯀꯌꯥꯃꯔꯨꯝꯅ
apex,ꯑꯄꯦꯛ
dijastarni,ꯗꯤꯖꯥꯁꯇꯔꯅꯤ
davenport,ꯗꯦꯕꯦꯟꯇꯇ
maddipatla,ꯃꯥꯗꯗꯁꯐꯥꯠ
atkins,ꯑꯦꯛꯇꯤꯟ
yeklambadu,ꯌꯦꯛꯂꯝꯕꯗꯨ
cardenas,ꯀꯦꯗꯦꯁꯅ
saraa,ꯁꯔꯥ
thadokpagi,ꯊꯥꯗꯣꯛꯄꯒꯤ
bhansali,ꯚꯟꯁꯥꯂꯤ
pittsburgh,ꯄꯤꯠꯇ꯭ꯔꯨꯡꯒꯤ
tourism,ꯇꯧꯔꯤꯁꯝ
stephens,ꯁ꯭ꯄꯦꯊꯦꯟꯊꯁ
payment,ꯄꯥꯌꯦꯟꯠ
wardha,ꯋꯥꯔꯍ
brownsville,ꯕ꯭ꯔꯦꯟꯖꯦꯜꯟꯜꯤꯣꯜ
khaktani,ꯈꯥꯛꯇꯅꯤ
luwaopa,ꯂꯨꯋꯥꯎꯄ
naahanbani,ꯅꯥꯍꯟꯕꯅꯤ
takpagi,ꯇꯥꯛꯄꯒꯤ
meehutsing,ꯃꯤꯍꯨꯠꯁꯤꯡ
siwan,ꯁꯤꯋꯥꯟ
summerville,ꯁꯨꯝꯁꯦꯚꯣꯔꯤꯂꯦ
kunthrataret,ꯀꯨꯟꯊ꯭ꯇꯔꯤ꯭ꯠꯠ
mahawar,ꯃꯍꯥꯋꯔ
micham,ꯃꯤꯆꯝ
mapuroiba,ꯃꯄꯨꯔꯣꯢꯕ
kayaadu,ꯀꯌꯥꯗꯨ
apakpa,ꯑꯄꯛꯄ
alluminium,ꯑꯂꯂꯨꯝꯅꯤꯌꯝ
grove,ꯒ꯭ꯔꯚꯦ
barauni,ꯕꯔꯨꯥꯅꯤ
rockford,ꯔꯣꯛꯇ꯭ꯔꯣꯗ
khul,ꯈꯨꯜ
houkhibani,ꯍꯧꯈꯤꯕꯅꯤ
paakhangpana,ꯄꯥꯈꯪꯄꯅ
hantharakli,ꯍꯟꯊꯔꯛꯂꯤ
birmingham,ꯕꯤꯔꯃꯤꯡꯍꯝ
bruyn,ꯕ꯭ꯔꯨꯍꯟ
ethatsingda,ꯏꯊꯠꯁꯤꯡꯗ
khakna,ꯈꯥꯛꯅ
excel,ꯑꯦꯛꯀꯦꯜ
jeffersonville,ꯖꯦꯐꯦꯁꯇꯦꯕꯣꯂꯤꯌꯜ
kaamduna,ꯀꯥꯝꯗꯨꯅ
lanli,ꯂꯥꯟꯂꯤ
leitri,ꯂꯩꯇ꯭ꯔꯤ
ujakhi,ꯎꯖꯈꯤ
puyane,ꯄꯨꯌꯥꯅꯦ
menifee,ꯃꯦꯅꯤꯐꯨ
samjinnahanba,ꯁꯝꯖꯤꯟꯅꯍꯟꯕ
funggaawaarising,ꯐꯨꯡꯒꯥꯋꯥꯔꯤꯁꯤꯡ
sudanese,ꯁꯨꯗꯅꯁꯁꯦ
chingkhalbam,ꯆꯤꯡꯈꯥꯡꯕꯝ
tidagi,ꯇꯤꯗꯒꯤ
mongol,ꯃꯣꯉꯣꯜ
saanpa,ꯁꯥꯟꯄ
visaka,ꯚꯤꯁꯥꯀ
infratel,ꯏꯟꯟꯇꯦꯔꯦꯜ
shakopee,ꯁꯥꯀꯣꯄꯤ
maanggon,ꯃꯥꯡꯒꯣꯟ
crisil,ꯀ꯭ꯔꯤꯁꯦꯜ
yaayaa,ꯌꯥꯌꯥ
nongngin,ꯅꯣꯡꯉꯤꯟ
sankary,ꯁꯥꯟꯀꯔꯤ
keizer,ꯀꯩꯍꯦꯠ
clara,ꯀ꯭ꯂꯥꯔꯥ
peralta,ꯄꯦꯔꯥꯂ
scottsdale,ꯁ꯭ꯇꯣꯛꯇꯤꯜꯂꯦ
marakki,ꯃꯥꯔꯛꯀꯤ
kayamaromda,ꯀꯌꯥꯃꯔꯣꯝꯗ
reddy,ꯔꯦꯗꯦꯋꯤ
menhit,ꯃꯦꯟꯍꯤꯠ
haaktaktaki,ꯍꯥꯛꯇꯛꯇꯀꯤ
thapalon,ꯊꯥꯄꯂꯣꯟ
kumsinglon,ꯀꯨꯝꯁꯤꯡꯂꯣꯟ
wabag,ꯋꯥꯕꯥ
chahichada,ꯆꯍꯤꯆꯥꯗ
binghamton,ꯕꯤꯡꯍꯝꯇꯣꯟ
grapevine,ꯒ꯭ꯔꯦꯦꯄꯥꯌꯌꯦꯠ
onkhi,ꯑꯣꯟꯈꯤ
gaagaa,ꯒꯒꯥ
thabaktasu,ꯊꯥꯕꯛꯇꯁꯨ
chahichaada,ꯆꯍꯤꯆꯥꯗ
motihari,ꯃꯣꯊꯥꯔꯔꯤ
maayoknaba,ꯃꯥꯌꯣꯛꯅꯕ
thinliba,ꯊꯤꯟꯂꯤꯕ
haapchinduna,ꯍꯥꯞꯆꯤꯟꯗꯨꯅ
khongthangda,ꯈꯣꯡꯊꯪꯗ
brookfield,ꯕ꯭ꯔꯣꯛꯍꯣꯜꯣꯢꯛ
trenton,ꯇ꯭ꯔꯦꯟꯇꯣꯟ
ramayan,ꯔꯥꯃꯥꯌꯟ
heikat,ꯍꯩꯀꯠ
emaa,ꯏꯃꯥ
whitaker,ꯋꯤꯍꯤꯇꯇꯔ
burnsville,ꯕꯨꯟꯁꯦꯟꯈꯤꯁ
thaajanaba,ꯊꯥꯖꯅꯕ
yama,ꯌꯥꯃ
allium,ꯑꯜꯂꯤꯌꯝ
monuments,ꯃꯣꯅꯨꯃꯃꯦꯟꯁ
percygi,ꯄꯦꯔꯤꯌꯒꯤ
lopez,ꯂꯣꯄꯦꯓ
anaheim,ꯑꯅꯍꯩꯃ
gravita,ꯒ꯭ꯔꯥꯚꯤꯇꯥ
mindtree,ꯃꯤꯟꯇ꯭ꯇ꯭ꯔꯦ
killeen,ꯀꯤꯜꯂꯦꯟ
paakthokpa,ꯄꯥꯛꯊꯣꯛꯄ
sinha,ꯁꯤꯟꯍꯥ
laichat,ꯂꯥꯢꯆꯠ
marik,ꯃꯔꯤꯛ
nanglibani,ꯅꯪꯂꯤꯕꯅꯤ
khetrimayum,ꯈꯦꯇꯤꯀ꯭ꯌꯌꯝ
namnaba,ꯅꯝꯅꯕ
marel,ꯃꯔꯦꯜ
alipur,ꯑꯂꯤꯄꯨꯔ
le,ꯂꯦ
chatthok,ꯆꯥꯊꯣꯛ
kline,ꯀꯤꯂꯤꯅ
miyamna,ꯃꯤꯌꯥꯝꯅ
takhanba,ꯇꯥꯈꯟꯕ
hodges,ꯍꯣꯗꯒꯦꯁ
vernon,ꯚꯔꯌꯣꯟ
thakhare,ꯊꯥꯈꯔꯦ
misak,ꯃꯤꯁꯛ
cathedral,ꯀꯦꯊꯦꯗ꯭ꯔꯦꯜ
focus,ꯐꯣꯁꯁ
sachan,ꯁꯥꯆꯟ
chaanpipi,ꯆꯥꯟꯄꯤꯄꯤ
largo,ꯂꯔꯒꯣ
leiraba,ꯂꯩꯔꯕ
pitts,ꯄꯤꯠꯇꯁ
nguyen,ꯉꯨꯌꯦꯟ
frazier,ꯐ꯭ꯔꯥꯖ꯭ꯋꯔ
tucson,ꯇꯨꯑꯣꯁꯟ
sulung,ꯁꯨꯂꯨꯡ
keizer,ꯀꯩꯍꯦꯠ
ukraine,ꯌꯨꯀꯥꯔꯦꯟꯠ
sajik,ꯁꯥꯖꯤꯛ
dwivedi,ꯗ꯭ꯋꯤꯚꯔꯗꯤ
katiyar,ꯀꯇꯤꯌꯔ
natheiramle,ꯅꯊꯩꯃꯔꯦꯂꯦ
athokpam,ꯑꯊꯣꯛꯄꯝ
mcclain,ꯃꯦꯛꯂꯥꯢꯦꯟ
eurynome,ꯏꯌꯨꯔꯦꯟꯅꯤ
bhaagabat,ꯚꯥꯒꯥꯓꯠ
goodyear,ꯒꯣꯗꯤꯌꯋꯔ
solis,ꯁꯣꯂꯤꯁ
nikobar,ꯅꯤꯀꯣꯕꯔ
atonbidusu,ꯑꯇꯣꯟꯕꯤꯁꯨꯁꯨ
thinnaba,ꯊꯤꯟꯅꯕ
kananota,ꯀꯅꯥꯅꯣꯇ
tirunelveli,ꯇꯤꯔꯦꯟꯍꯦꯜꯂꯤ
samjinnari,ꯁꯝꯖꯤꯟꯅꯔꯤ
islam,ꯏꯁꯂꯥꯝ
chavan,ꯆꯥꯕꯟ
view,ꯚꯤꯌꯥꯋ
upadhyay,ꯎꯄꯥꯍꯤꯌꯦ
puyallup,ꯄꯨꯌꯥꯜꯂꯨꯞ
chaanipaanga,ꯆꯥꯅꯤꯄꯥꯟꯒ
fangdriba,ꯐꯪꯗ꯭ꯔꯤꯕ
silikongi,ꯁꯤꯂꯤꯌꯣꯟꯒꯤ
heiningjom,ꯍꯩꯅꯤꯡꯂꯣꯝ
batala,ꯕꯥꯇꯂꯥ
buena,ꯕꯦꯅ
mayollamgi,ꯃꯌꯣꯜꯂꯝꯒꯤ
aprajita,ꯑꯄꯔꯦꯦꯠꯇ
renton,ꯔꯦꯟꯇꯣꯟ
lanchao,ꯂꯥꯟꯥꯥꯎ
yumjao,ꯌꯨꯝꯖꯥꯎ
saaphu,ꯁꯥꯐꯨ
goyal,ꯒꯣꯌꯥꯜ
tripuraga,ꯇ꯭ꯔꯤꯄꯨꯔꯥꯒ
rowlett,ꯔꯣꯑꯦꯇꯦꯠ
thaangyikum,ꯊꯥꯡꯅꯤꯛꯃꯝ
nungshiraba,ꯅꯨꯡꯁꯤꯠꯕ
chakni,ꯆꯥꯛꯅꯤ
laappa,ꯂꯥꯞꯄ
fayetteville,ꯐꯌꯦꯠꯇꯦꯖꯤꯖꯦ
arthur,ꯑꯥꯔꯊꯔꯔ
carlo,ꯀꯦꯔꯣꯜ
buckley,ꯕꯤꯛꯁ꯭ꯇꯤ
takhellambam,ꯇꯈꯦꯜꯂꯥꯟꯕꯝ
land,ꯂꯥꯟꯗ
manchanda,ꯃꯥꯟꯆꯟꯗ
thaalon,ꯊꯥꯂꯣꯟ
lingkhatlamba,ꯂꯤꯡꯈꯠꯂꯝꯕ
churachanna,ꯆꯨꯔꯆꯟꯅ
itarsi,ꯏꯇꯔꯁꯤ
mapung,ꯃꯄꯨꯡ
waanghouba,ꯋꯥꯡꯍꯧꯕ
briggs,ꯕ꯭ꯔꯤꯒꯤꯁ
amaravati,ꯑꯃꯔꯥꯥꯠꯤ
chabada,ꯆꯥꯕꯗ
gaski,ꯒꯥꯛꯀꯤ
balkrishna,ꯕꯥꯁꯀ꯭ꯔꯤꯁꯅ
masood,ꯃꯁꯣꯑꯣ
guntur,ꯒꯨꯡꯇꯨꯔ
louis,ꯂꯣꯢꯁ
lainupini,ꯂꯥꯢꯅꯨꯄꯤꯅꯤ
ichu,ꯏꯆꯨ
escondido,ꯏꯁꯀꯣꯗꯦꯗꯟꯗꯣ
walters,ꯋꯦꯜꯇꯦꯁ
sind,ꯁꯤꯟꯗ
aishwary,ꯑꯏꯁꯋ꯭ꯋꯔꯤ
wolf,ꯋꯣꯜꯕ
slovakiya,ꯁ꯭ꯂꯣꯌꯌꯤꯌꯥ
sevagram,ꯁꯦꯋꯥꯔꯝ
tagi,ꯇꯥꯒꯤ
burke,ꯕꯨꯀꯦ
fampalda,ꯐꯝꯄꯥꯜꯗ
palmdale,ꯄꯥꯜꯗꯥꯜꯜ
leisubi,ꯂꯩꯁꯨꯕꯤ
founder,ꯐꯧꯗꯦꯇꯔ
erode,ꯏꯔꯣꯗꯦ
haokip,ꯍꯥꯎꯀꯤꯞ
gaandhaarigi,ꯒꯥꯟꯔꯥꯔꯤꯒꯤ
ipaakachouba,ꯏꯄꯥꯛꯆꯧꯕ
meiraa,ꯃꯩꯔꯥ
mayo,ꯃꯥꯣꯜ
path,ꯄꯥꯊ
pathaapki,ꯄꯊꯥꯄꯀꯤ
nunggarei,ꯅꯨꯡꯒꯥꯔꯩ
kansas,ꯀꯟꯁꯥꯁ
thakur,ꯊꯥꯀꯨꯔ
leipaakna,ꯂꯩꯄꯥꯛꯅ
sioux,ꯁꯤꯌꯣ
mayanglambam,ꯃꯌꯥꯡꯂꯝꯕꯝ
kangbagi,ꯀꯥꯡꯕꯒꯤ
holidays,ꯍꯣꯂꯤꯌꯥꯁ
nokningba,ꯅꯣꯛꯅꯤꯡꯕ
khundangbam,ꯈꯨꯟꯗꯥꯡꯕꯝ
houkhibagi,ꯍꯧꯈꯤꯕꯒꯤ
brake,ꯕ꯭ꯔꯦꯀ
faulkner,ꯐꯥꯞꯀꯦꯠꯔ
telangana,ꯇꯦꯂꯪꯅꯟꯒ
khargone,ꯈꯥꯔꯣꯒꯟ
rosas,ꯔꯣꯁꯥꯁ
thangamayil,ꯊꯥꯉꯥꯃꯃꯤ
chungsennubi,ꯆꯨꯡꯁꯦꯟꯍꯦꯕꯤ
francisco,ꯐ꯭ꯔꯥꯟꯁꯤꯌꯥꯁꯣ
humpu,ꯍꯨꯝꯄꯨ
king,ꯀꯤꯡ
thangal,ꯊꯥꯉꯥꯜ
laanmisingna,ꯂꯥꯟꯃꯤꯁꯤꯡꯅ
shajapur,ꯁꯥꯖꯄꯨꯔ
hiyanggei,ꯍꯤꯌꯥꯡꯒꯩ
poram,ꯄꯣꯔꯝ
ngaada,ꯉꯥꯗ
mapei,ꯃꯥꯩꯩ
afghanistan,ꯑꯐꯒꯥꯅꯁꯁꯟ
leimakhujam,ꯂꯩꯃꯛꯆꯨꯝ
chatcharo,ꯆꯠꯆꯥꯔꯣ
harvey,ꯍꯥꯔꯚꯦ
sequent,ꯁꯦꯅꯦꯠꯟꯟ
ningsingba,ꯅꯤꯡꯁꯤꯡꯕ
punna,ꯄꯨꯟꯅ
phylum,ꯐꯤꯂꯨꯝ
mahbubnagar,ꯃꯥꯕꯨꯕꯨꯂꯔ
pandava,ꯄꯟꯟꯥꯗ
harlingen,ꯍꯥꯔꯤꯌꯦꯟꯟ
ganganagar,ꯒꯪꯒꯅꯥꯔ
shakminnabagi,ꯁꯛꯃꯤꯟꯅꯕꯒꯤ
dewas,ꯗꯥꯋꯥꯁ
mangbara,ꯃꯥꯡꯕꯔꯥ
mamaangthakta,ꯃꯃꯥꯡꯊꯛꯇ
horton,ꯍꯣꯔꯇꯣꯟ
chatarukka,ꯆꯇꯔꯨꯛꯀ
bhasin,ꯚꯁꯤꯟ
miyambu,ꯃꯤꯌꯥꯝꯕꯨ
savita,ꯁꯥꯚꯤꯇ
faaraba,ꯐꯥꯔꯕ
burnett,ꯕ꯭ꯔꯦꯟꯇꯠ
ngangnarakliba,ꯉꯥꯡꯅꯔꯛꯂꯤꯕ
angangsingda,ꯑꯉꯥꯡꯁꯤꯡꯗ
ware,ꯋꯥꯔꯦ
banda,ꯕꯥꯟꯗ
saruksi,ꯁꯔꯨꯛꯁꯤ
mariphumangaa,ꯃꯔꯤꯐꯨꯃꯉꯥ
barbuda,ꯕꯥꯔꯕꯨꯗ
seed,ꯁꯤꯗ
oswal,ꯑꯣꯁ꯭ꯋꯦꯜ
kharadagi,ꯈꯔꯥꯗꯒꯤ
khudakki,ꯈꯨꯗꯥꯛꯀꯤ
ngangoi,ꯉꯥꯉꯣꯢ
thaafam,ꯊꯥꯐꯝ
chenthakhiba,ꯆꯦꯟꯊꯈꯈꯤ
mihutsing,ꯃꯤꯍꯨꯠꯁꯤꯡ
faare,ꯐꯥꯔꯦ
aizawl,ꯑꯏꯑꯥꯎꯜꯜ
inthokkhi,ꯏꯟꯊꯣꯛꯈꯤ
nung,ꯅꯨꯡ
fuentes,ꯐꯦꯟꯇꯦꯟꯁ
mercado,ꯃꯦꯔꯥꯀꯥꯗꯣ
hicks,ꯍꯤꯛꯀꯁ
lairenjam,ꯂꯥꯢꯔꯦꯟꯖꯝ
lampakka,ꯂꯝꯄꯥꯛꯀ
statesingda,ꯁ꯭ꯇꯦꯠꯁꯟꯁꯤꯗ
mangan,ꯃꯉꯥꯟ
sirca,ꯁꯤꯢꯔ
timken,ꯇꯤꯝꯀꯦꯟ
chingdongi,ꯆꯤꯡꯗꯣꯟꯒꯤ
mcmahon,ꯃꯦꯛꯃꯥꯟ
kaalraatri,ꯀꯥꯜꯔꯥꯇ꯭ꯔꯤ
thouramda,ꯊꯧꯔꯝꯗ
vegas,ꯚꯦꯒꯥꯁ
chingsinnaba,ꯆꯤꯡꯁꯤꯟꯅꯕ
reach,ꯔꯤꯑꯦꯆ
leach,ꯂꯤꯆꯆ
reed,ꯔꯤꯗ
wangngi,ꯋꯥꯡꯉꯤ
akzo,ꯑꯈꯣꯣ
kayaga,ꯀꯌꯥꯒ
imphaldagi,ꯏꯝꯐꯥꯜꯗꯒꯤ
chandrapur,ꯆꯟꯗ꯭ꯔꯔꯄꯔ
chaathaang,ꯆꯥꯊꯪ
pali,ꯄꯥꯂꯤ
aphaba,ꯑꯐꯥꯕ
yaannanaba,ꯌꯥꯟꯅꯅꯕ
sabha,ꯁꯥꯚ
saafaba,ꯁꯥꯐꯕ
mami,ꯃꯃꯤ
whittier,ꯋꯤꯍꯤꯇꯇꯔ
mayaamda,ꯃꯌꯥꯝꯗ
haynes,ꯍꯥꯟꯅꯁ
sembi,ꯁꯦꯝꯕꯤ
ridge,ꯔꯤꯗꯦ
gurnani,ꯒꯨꯔꯥꯟꯅꯤ
thangchahanpa,ꯊꯥꯡꯆꯟꯈꯄ
paoselnapa,ꯄꯥꯎꯁꯦꯜꯅꯄ
terry,ꯇꯦꯔꯤ
khongtekcham,ꯈꯣꯡꯇꯦꯛꯆꯝ
dejesus,ꯗꯖꯖꯦꯁꯁ
langthabal,ꯂꯥꯡꯥꯜꯕ
anidu,ꯑꯅꯤꯗꯨ
thaadokpagi,ꯊꯥꯗꯣꯛꯄꯒꯤ
ningshingba,ꯅꯤꯡꯁꯤꯡꯕ
thokkhibagini,ꯊꯣꯛꯈꯤꯕꯤꯒꯅꯤ
fasteners,ꯐꯁꯇꯤꯅꯦꯁ
islands,ꯏꯁꯂꯥꯟꯁꯦ
amreli,ꯑꯦ꯭ꯔꯦꯂꯤ
chakhanba,ꯆꯥꯈꯟꯕ
khada,ꯈꯥꯗ
raillambi,ꯔꯥꯢꯂꯝꯕꯤ
chakrida,ꯆꯥꯀꯤꯔꯗ
swaraj,ꯁ꯭ꯋꯋ꯭ꯔꯥ
kang,ꯀꯥꯡ
kokomo,ꯀꯣꯀꯣꯃꯣ
phalodi,ꯐꯂꯣꯗꯤ
orange,ꯑꯣꯔꯥꯟꯦꯜ
piramlaga,ꯄꯤꯔꯝꯂꯒ
gaines,ꯒꯥꯢꯅꯦꯁ
leipham,ꯂꯩꯐꯝ
kourabasinggi,ꯀꯧꯔꯥꯕꯤꯡꯒꯤ
chang,ꯆꯪ
saphagadaba,ꯁꯋꯥꯗꯕ
chaangdamnaba,ꯆꯥꯡꯗꯝꯅꯕ
bipin,ꯕꯤꯄꯤꯟ
gujarat,ꯒꯨꯖꯔꯥꯠ
tirupati,ꯇꯤꯔꯨꯄꯇꯤ
jagdalpur,ꯖꯒꯗꯥꯄꯄꯨꯔ
sciences,ꯁ꯭ꯁꯤꯅꯦꯁꯁ
cantu,ꯀꯥꯟꯇꯨ
knoxville,ꯀ꯭ꯀꯣꯜꯀꯣꯜ
nongthrei,ꯅꯣꯡꯊꯤꯔꯩ
missouri,ꯃꯤꯁꯣꯇꯔꯤ
pujaa,ꯄꯨꯖꯥ
tanglaba,ꯇꯪꯡꯥꯕ
adhaulia,ꯑꯙꯨꯂꯤꯌꯥ
yamala,ꯌꯃꯂꯥ
lamkoiba,ꯂꯝꯀꯣꯢꯕ
ipak,ꯏꯄꯥꯛ
crore,ꯀ꯭ꯔꯦꯔ
himatsingka,ꯍꯤꯃꯥꯠꯁꯤꯡꯀꯥ
semsaba,ꯁꯦꯝꯁꯕ
das,ꯗꯥꯁ
koktuna,ꯀꯣꯛꯇꯨꯅ
koina,ꯀꯣꯢꯅ
laappada,ꯂꯥꯞꯄꯗ
waangkhatpa,ꯋꯥꯡꯈꯠꯄ
hangnade,ꯍꯪꯅꯗꯦ
beaverton,ꯕꯦꯚꯋꯣꯇ꯭ꯔꯟ
saayongi,ꯁꯥꯌꯣꯟꯒꯤ
shekhar,ꯁꯦꯈꯔ
tel,ꯇꯦꯜ
ogden,ꯑꯣꯒꯗꯦꯟ
nambana,ꯅꯝꯕꯅ
ingpa,ꯏꯪꯄ
keisumsangda,ꯀꯩꯁꯥꯝꯁꯨꯡꯗ
chingna,ꯆꯤꯡꯅ
mastek,ꯃꯁꯇꯦꯛ
awatapa,ꯑꯋꯥꯄꯇ
sweden,ꯁ꯭ꯋꯦꯗꯗꯦꯟ
rawat,ꯔꯋꯥꯠ
nainital,ꯅꯥꯢꯅꯤꯇꯦꯜ
barnstable,ꯕꯦꯟꯁꯦꯟ꯭ꯔꯦ
mityengfam,ꯃꯤꯠꯌꯦꯡꯐꯝ
sangsalol,ꯁꯪꯁꯥꯂꯣꯜ
belarus,ꯕꯦꯂꯥꯌꯁ
pangli,ꯄꯥꯡꯂꯤ
habra,ꯍꯥꯗ꯭ꯌ
pakchaobadagini,ꯄꯥꯛꯆꯥꯗꯕꯒꯗꯅꯤ
silva,ꯁꯤꯜꯐꯥ
mosley,ꯃꯣꯁ꯭ꯌꯦ
yaoraktringeida,ꯌꯥꯎꯔꯦꯛꯇꯔꯤꯉꯩꯗ
waykos,ꯋꯥꯌꯣꯁꯁ
thadoklamlaga,ꯊꯥꯗꯣꯛꯂꯝꯂꯒ
development,ꯗꯦꯖꯦꯂꯃꯦꯟꯟꯠ
fry,ꯐ꯭ꯔꯤ
mariphu,ꯃꯔꯤꯐꯨ
resham,ꯔꯁꯝ
french,ꯐ꯭ꯔꯦꯟꯆ
nadiad,ꯅꯥꯗꯤꯌꯥꯗ
kabulna,ꯀꯕꯨꯜꯅ
kochi,ꯀꯣꯆꯤ
ashini,ꯑꯁꯤꯅꯤ
salaichaasingga,ꯁꯂꯥꯢꯆꯪꯁꯤꯡꯒ
eden,ꯏꯗꯦꯟ
petersburg,ꯄꯦꯇꯦꯁꯔꯕꯒꯤ
toubro,ꯇꯧꯕ꯭ꯔꯣ
shawnee,ꯁꯥꯦꯅꯦ
chaannana,ꯆꯥꯟꯅꯅ
bryant,ꯕ꯭ꯔꯥꯟꯥꯠ
shakei,ꯁꯥꯀꯩ
sultanpur,ꯁꯜꯆꯥꯟꯄꯨꯔ
ebadubu,ꯏꯕꯕꯨꯕꯨ
bhojpur,ꯚꯣꯖꯨꯄꯨ
kanna,ꯀꯟꯅ
cheriti,ꯀꯦꯔꯤꯇꯤ
fahanli,ꯐꯍꯟꯂꯤ
foley,ꯐꯣꯂꯤ
wood,ꯋꯣꯗꯣ
barbera,ꯕꯥꯔꯕꯦꯔ
nagaland,ꯅꯒꯒꯂꯥꯟ
eliad,ꯏꯂꯤꯌꯥ
machaaki,ꯃꯆꯥꯀꯤ
thouraba,ꯊꯧꯔꯕ
amamam,ꯑꯃꯃꯝ
gayatri,ꯒꯌꯥꯠꯇꯤ
sharu,ꯁꯥꯔꯨ
shada,ꯁꯥꯗ
anal,ꯑꯅꯥꯜ
forge,ꯐꯣꯔꯒꯦ
loktak,ꯂꯣꯛꯇꯛ
strongsville,ꯁ꯭ꯇꯣꯔꯆꯦꯟꯜꯤꯜꯤ
kane,ꯀꯥꯅꯦ
maheiroisingna,ꯃꯍꯩꯔꯣꯔꯤꯁꯤꯡ
minungshi,ꯃꯤꯅꯨꯡꯁꯤ
solanki,ꯁꯣꯂꯥꯟꯀꯤ
zunheboto,ꯎꯕꯣꯣꯊꯧꯇꯣ
pambagi,ꯄꯥꯝꯕꯒꯤ
apple,ꯑꯦꯄꯀꯦ
lenexa,ꯂꯦꯅꯦꯀ
phaare,ꯐꯥꯔꯦ
khurumjei,ꯈꯨꯔꯨꯝꯖꯩ
texarkana,ꯇꯦꯀꯀꯥꯔꯅ
mangkaa,ꯃꯪꯀꯥ
carroll,ꯀꯦꯔꯤꯂꯦꯜ
humphutaraataret,ꯍꯨꯝꯨꯨꯇꯇꯇꯇꯇꯦꯠ
budaun,ꯕꯨꯗꯥꯟ
atupu,ꯑꯇꯨꯨꯞ
mamingsingdudi,ꯃꯃꯤꯡꯁꯤꯡꯗꯨꯗꯤ
wagh,ꯋꯥꯒ
bhawani,ꯚꯥꯋꯥꯅꯤ
lusiyaa,ꯂꯨꯁꯤꯌꯥ
powers,ꯄꯣꯋꯦꯔꯁ
thougatpa,ꯊꯧꯒꯥꯄ
lonnachingba,ꯂꯣꯟꯅꯆꯤꯡꯕ
smart,ꯁ꯭ꯃꯥꯔꯠ
palladium,ꯄꯥꯜꯂꯥꯗꯨꯝ
maplewood,ꯃꯦꯄ꯭ꯌꯣꯖꯣꯗ
yavatmal,ꯌꯥꯋꯠꯃꯜ
ahmadnagar,ꯑꯍꯝꯅꯗ꯭ꯋꯔ
hills,ꯍꯤꯜꯂꯤ
angoubi,ꯑꯉꯧꯕꯤ
louthoklaga,ꯂꯧꯊꯣꯛꯂꯒ
balram,ꯕꯥꯂꯔꯝ
yengbada,ꯌꯦꯡꯕꯗ
kottayam,ꯀꯣꯠꯇꯥꯐꯝ
bennett,ꯕꯦꯟꯅꯦꯠꯠ
wanghouba,ꯋꯥꯡꯍꯧꯕ
sawyer,ꯁꯥꯋꯦꯔ
assembly,ꯑꯁꯦꯝꯦꯦꯕꯤ
jalor,ꯖꯦꯂꯣꯔ
yanam,ꯌꯥꯅꯝ
he,ꯍꯦ
akolkar,ꯑꯀꯣꯀꯥꯔꯥ
piklingeidagi,ꯄꯤꯛꯂꯤꯉꯩꯗꯒꯤ
potter,ꯄꯣꯠꯇꯔ
sintha,ꯁꯤꯟꯊ
jebina,ꯖꯦꯕꯤꯅ
control,ꯀꯣꯟꯇ꯭ꯔꯣꯜ
sugar,ꯁꯨꯒꯔ
lingkhatli,ꯂꯤꯡꯈꯠꯂꯤ
equipment,ꯏꯃꯨꯢꯄꯨꯠꯟ
twin,ꯇꯥꯢꯌꯟ
taanbada,ꯇꯥꯟꯕꯗ
nongchenpam,ꯅꯣꯡꯆꯦꯟꯐꯝ
meza,ꯃꯦꯓꯥ
pakthokpa,ꯄꯥꯛꯊꯣꯛꯄ
machani,ꯃꯆꯥꯅꯤ
charangpat,ꯆꯔꯥꯡꯄꯥꯠ
nahasing,ꯅꯍꯥꯁꯤꯡ
houjiksu,ꯍꯧꯖꯤꯛꯁꯨ
shoreline,ꯁꯣꯔꯦꯂꯤꯌꯟ
anganba,ꯑꯉꯟꯕ
ningthem,ꯅꯤꯡꯊꯦꯝ
rhodes,ꯔ꯭ꯍꯣꯁꯗ
feijom,ꯐꯩꯖꯣꯝ
behuria,ꯕꯦꯍꯨꯔꯤꯌꯥ
kar,ꯀꯥꯔ
ithel,ꯏꯊꯦꯜ
bernardino,ꯕꯦꯔꯦꯅꯦꯔꯗꯣꯟ
square,ꯁ꯭꯭ꯌꯔꯦ
movers,ꯃꯣꯚꯔꯁ
varun,ꯚꯔꯨꯟ
lairen,ꯂꯥꯢꯔꯦꯟ
madden,ꯃꯥꯗꯦꯟ
laifao,ꯂꯥꯢꯐꯥꯎ
matsya,ꯃꯠꯁꯥꯌꯥ
pandabha,ꯄꯥꯟꯗꯙ
bulandshahr,ꯕꯨꯂꯥꯟꯦꯦꯗꯔ
waithungminnakhi,ꯋꯥꯢꯊꯤꯡꯐꯝꯈꯤꯅꯤ
phangde,ꯐꯪꯗꯦ
charlottesville,ꯆꯥꯔꯀꯦꯇꯣꯂꯤꯣꯂꯤꯌꯦ
eros,ꯏꯔꯣꯁ
brentwood,ꯕ꯭ꯔꯦꯟꯇꯣꯗꯊ
fontana,ꯐꯣꯟꯇꯅ
kunthraataret,ꯀꯨꯟꯊ꯭ꯇꯥꯔ꯭ꯋꯦꯠ
sidokpa,ꯁꯤꯗꯣꯛꯄ
firal,ꯐꯤꯔꯜ
rohtak,ꯔꯣꯠꯍꯛ
thaajajaba,ꯊꯥꯖꯖꯕ
paak,ꯄꯥꯛ
laakpadagi,ꯂꯥꯛꯄꯗꯒꯤ
faoduna,ꯐꯥꯎꯗꯨꯅ
lonbu,ꯂꯣꯟꯕꯨ
gurdaspur,ꯒꯨꯔꯥꯗꯄꯄꯔ
kangleichaa,ꯀꯪꯂꯩꯆꯥ
anou,ꯑꯅꯧ
buildcon,ꯕꯤꯢꯗꯣꯜꯟ
ojha,ꯑꯣꯖꯥ
snow,ꯁ꯭ꯅꯣꯋ
kayaana,ꯀꯌꯥꯅ
navkar,ꯅꯥꯢꯇꯔ
artemis,ꯑꯥꯔꯇꯦꯝꯁꯤ
loubasu,ꯂꯧꯕꯁꯨ
bijandogi,ꯕꯤꯖꯥꯟꯣꯜꯒꯤ
oirakpa,ꯑꯣꯢꯔꯥꯄ
thalon,ꯊꯂꯣꯟ
anishuba,ꯑꯅꯤꯁꯨꯕ
fine,ꯐꯤꯅꯦ
laphoidagi,ꯂꯥꯐꯣꯢꯗꯒꯤ
dhaulakhandi,ꯙꯥꯜꯆꯠꯅꯕꯤ
kaang,ꯀꯥꯡ
ningthouja,ꯅꯤꯡꯊꯧꯖ
montclair,ꯃꯣꯟꯇ꯭ꯀ꯭ꯂꯤꯌꯔ
bhaskar,ꯚꯥꯁꯀ꯭ꯔ
sak,ꯁꯥꯛ
dronacharya,ꯗ꯭ꯔꯣꯕꯅꯥꯔꯌꯌꯥ
kayaamaromda,ꯀꯌꯥꯃꯔꯣꯝꯗ
mandal,ꯃꯥꯟꯗꯥꯜ
basirhat,ꯕꯤꯁꯤꯋꯠ
sayangsinggi,ꯁꯌꯥꯡꯁꯤꯡꯒꯤ
aggarwal,ꯑꯪꯒꯔꯥꯥꯜꯜ
hainadi,ꯍꯥꯢꯅꯗꯤ
novato,ꯅꯣꯚꯥꯇꯣ
saruktana,ꯁꯔꯨꯛꯇꯅ
hess,ꯍꯦꯁ
waangkhatlakkhi,ꯋꯥꯡꯈꯠꯂꯛꯈꯤ
madhubani,ꯃꯈꯨꯕꯅꯤ
ortiz,ꯑꯣꯔꯤꯇꯦ
baxter,ꯕꯥꯛꯇꯔ
midwest,ꯃꯤꯗ꯭ꯋꯦꯠ
vijayapura,ꯕꯤꯖꯥꯖꯌꯋꯥꯔ
nischal,ꯅꯤꯁꯆꯜ
naanabagi,ꯅꯥꯅꯕꯒꯤ
morgan,ꯃꯣꯔꯒꯟ
shanthi,ꯁꯟꯊꯤ
lalpicha,ꯂꯥꯞꯆꯆꯥ
yucaipa,ꯌꯨꯀꯥꯄ
medizensar,ꯃꯦꯗꯤꯟꯊꯔꯔꯔ
mairel,ꯃꯥꯢꯔꯦꯜ
awaafam,ꯑꯋꯥꯐꯝ
taplabadi,ꯇꯥꯄꯕꯗꯤ
romeda,ꯔꯣꯝꯗ
ngaakthoki,ꯉꯥꯛꯊꯣꯛꯏ
maangte,ꯃꯥꯡꯇꯦ
hayengla,ꯍꯌꯦꯡꯂ
lepte,ꯂꯦꯞꯇꯦ
romeoville,ꯔꯣꯃꯥꯌꯤꯚꯦꯂꯦ
jenon,ꯖꯦꯅꯣꯟ
gtpl,ꯒ꯭ꯠꯂꯤ
passaic,ꯄꯥꯁꯥꯁ
waarinachingbasinggi,ꯋꯥꯔꯤꯅꯆꯤꯡꯕꯤꯡꯒꯤ
sirohi,ꯁꯤꯔꯣꯢꯤ
mapaal,ꯃꯄꯥꯜ
kalki,ꯀꯜꯀꯤ
mainpuri,ꯃꯥꯢꯅꯨꯄꯥꯔꯤ
amblikani,ꯑꯦꯝꯕ꯭ꯂꯤꯌꯥꯅꯤ
alwar,ꯑꯜꯋꯥꯔ
khundaba,ꯈꯨꯟꯗꯕ
thiruvananthapuram,ꯊꯤꯔꯥꯚꯅꯥꯟꯆꯐꯄꯨ
sintaknabi,ꯁꯤꯟꯇꯥꯛꯅꯕꯤ
titagarh,ꯇꯤꯇꯥꯒꯋꯔ
mandarin,ꯃꯥꯟꯗꯥꯤꯟꯟ
pithaki,ꯄꯤꯊꯛꯏ
putta,ꯄꯨꯠꯇ
savita,ꯁꯥꯚꯤꯇ
ethel,ꯏꯊꯦꯜ
umba,ꯎꯝꯕ
lithiumgi,ꯂꯤꯊꯤꯌꯝꯒꯤ
maharashtra,ꯃꯍꯥꯁꯔ꯭ꯇ
pulap,ꯄꯨꯂꯞ
abkhaziada,ꯑꯈꯛꯇꯥꯤꯌꯥ
leitrabi,ꯂꯩꯇ꯭ꯔꯕꯤ
houjikna,ꯍꯧꯖꯤꯛꯅ
carpentersville,ꯀꯥꯔꯦꯟꯇ꯭ꯔꯤꯚꯦꯜꯣꯂꯜ
ayers,ꯑꯌꯦꯁ
nungsirei,ꯅꯨꯡꯁꯤꯌꯔ
puwarisi,ꯄꯨꯋꯥꯔꯤꯁꯤ
kayamarom,ꯀꯌꯥꯃꯔꯣꯝ
animak,ꯑꯅꯤꯃꯛ
dial,ꯗꯤꯑꯦꯜ
sangsaalol,ꯁꯪꯁꯥꯂꯣꯜ
waaheiparengsing,ꯋꯥꯍꯩꯄꯔꯦꯡꯁꯤꯡ
cortes,ꯀꯣꯔꯇꯦꯁ
uttarakhand,ꯎꯠꯇꯔꯈꯟꯗ
yaaduna,ꯌꯥꯗꯨꯅ
lewisville,ꯂ꯭ꯋꯤꯁꯤꯂꯤꯍꯜ
yaduna,ꯌꯥꯗꯨꯅ
paakthokpana,ꯄꯥꯛꯊꯣꯛꯄꯅ
halebid,ꯍꯥꯂꯤꯕꯗ
pannaraga,ꯄꯟꯟꯔꯒ
phylumni,ꯐꯤꯂꯨꯝꯅꯤ
ananki,ꯑꯅꯟꯀꯤ
palli,ꯄꯥꯜꯂꯤ
fangkhibadugi,ꯐꯪꯈꯤꯕꯗꯒꯤꯤ
manaonupi,ꯃꯅꯥꯎꯅꯨꯄꯤ
waheiparengsing,ꯋꯥꯍꯩꯄꯔꯦꯡꯁꯤꯡ
denver,ꯗꯦꯟꯚꯦꯠ
yaade,ꯌꯥꯗꯦ
leirang,ꯂꯩꯔꯥꯡ
shurungni,ꯁꯨꯔꯨꯡꯅꯤ
hiramda,ꯍꯤꯔꯝꯗ
silvassa,ꯁꯤꯜꯠꯁꯁ
palo,ꯄꯥꯂꯣ
linariba,ꯂꯤꯅꯔꯤꯕ
vizianagaram,ꯕꯤꯌꯤꯅꯌꯥꯃꯥꯥ
lonnabada,ꯂꯣꯟꯅꯕꯗ
ngaoraga,ꯉꯥꯎꯔꯒ
rusian,ꯔꯨꯖꯤꯌꯥꯟ
asahi,ꯑꯁꯥꯍꯤ
laichinglempigi,ꯂꯥꯢꯆꯤꯡꯂꯦꯝꯄꯤꯒꯤ
claire,ꯀꯦꯂꯥꯢꯔꯦ
booth,ꯕꯣꯊꯣ
contracts,ꯀꯣꯟꯇ꯭ꯔꯤꯛꯁ
sambhal,ꯁꯝꯍꯜꯜ
shoes,ꯁꯣꯑꯁ
taankhibana,ꯇꯥꯟꯈꯤꯕꯅ
thadoktuna,ꯊꯥꯗꯣꯛꯇꯨꯅ
pangduna,ꯄꯥꯡꯗꯨꯅ
damoh,ꯗꯃꯣꯍ
laatpaki,ꯂꯥꯠꯄꯥꯀꯤ
kavi,ꯀꯥꯚꯤ
moradabad,ꯃꯣꯔꯥꯗꯕꯗ
mandi,ꯃꯟꯗꯤ
nathdwara,ꯅꯊꯗꯋ꯭ꯔ
sasidharan,ꯁꯁꯤꯔꯋꯥꯟ
ongani,ꯑꯣꯉꯥꯟꯅꯤ
khuyum,ꯈꯨꯌꯨꯝ
communications,ꯀꯝꯅꯨꯏꯃꯥꯁꯟꯁꯟꯁ
chakma,ꯆꯥꯃ
chitranshi,ꯆꯤꯇꯔꯟꯁꯁ
panggalbagi,ꯄꯥꯡꯒꯜꯕꯒꯤ
haute,ꯍꯥꯇꯦꯠ
turen,ꯇꯨꯔꯦꯟ
haijei,ꯍꯥꯢꯖꯩ
tiruchchirappalli,ꯇꯤꯔꯤꯑꯆꯥꯔꯤꯜꯐꯂꯤ
jagaragallu,ꯖꯒꯒꯔꯥꯒꯂꯨ
novak,ꯅꯣꯕꯥꯛ
remains,ꯔꯤꯃꯥꯟꯁꯤ
ouria,ꯑꯧꯔꯤꯌꯥ
saknakhi,ꯁꯛꯅꯈꯤ
biotec,ꯕꯤꯑꯦꯇꯣ
dudeja,ꯗꯨꯖꯦꯖꯥ
porwal,ꯄꯣꯔꯥꯜ
eagan,ꯏꯒꯒꯟ
shores,ꯁꯣꯔꯤꯖ
mayoknaba,ꯃꯌꯣꯛꯅꯕ
gudepu,ꯒꯨꯗꯦꯄꯨ
kalidas,ꯀꯥꯂꯤꯗꯁ
khuman,ꯈꯨꯃꯟ
haor,ꯍꯥꯎꯔ
ekha,ꯏꯈꯥ
kayamarumna,ꯀꯌꯥꯃꯔꯨꯝꯅ
gould,ꯒꯣꯜꯗ
lonsingdudi,ꯂꯣꯟꯁꯤꯡꯗꯨꯗꯤ
hinton,ꯍꯤꯟꯇꯣꯟ
koubi,ꯀꯧꯕꯤ
epakachouba,ꯏꯄꯥꯛꯆꯧꯕ
kerr,ꯀꯦꯔꯦ
imarat,ꯏꯃꯥꯔꯠ
hankhibagi,ꯍꯟꯈꯤꯕꯒꯤ
thapaalongi,ꯊꯥꯄꯥꯂꯣꯟꯒꯤ
health,ꯍꯥꯟꯇꯦ
peel,ꯄꯤꯜ
hans,ꯍꯥꯟꯟꯁꯦ
neongi,ꯅ꯭ꯌꯣꯟꯒꯤ
felipe,ꯐꯦꯂꯤꯄꯦ
hourakliba,ꯍꯧꯔꯛꯂꯤꯕ
yektuna,ꯌꯦꯛꯇꯨꯅ
kansal,ꯀꯟꯁꯥꯜ
setpi,ꯁꯦꯠꯄꯤ
urbandale,ꯎꯔꯥꯕꯟꯜꯗꯦ
longganga,ꯂꯣꯡꯒꯪ
ishing,ꯏꯁꯤꯡ
manunggi,ꯃꯅꯨꯡꯒꯤ
morepen,ꯃꯣꯔꯦꯄꯦꯟ
nizamabad,ꯅꯤꯌꯝꯕꯗ
sahu,ꯁꯥꯍꯨ
ulhasnagar,ꯎꯪꯁꯅꯥꯒ꯭ꯔ
lusiya,ꯂꯨꯁꯤꯌꯥ
raichur,ꯔꯥꯢꯆꯔꯔ
rewari,ꯔꯦꯋꯥꯔꯤ
phabagi,ꯐꯥꯕꯒꯤ
sitising,ꯁꯤꯇꯤꯁꯁꯤꯡ
kelly,ꯀꯦꯜꯂꯤ
sebastian,ꯁꯦꯕꯁꯇꯤꯁꯟ
khullaakpani,ꯈꯨꯜꯂꯥꯛꯄꯅꯤ
solapur,ꯁꯣꯂꯥꯄꯨꯔ
madikeri,ꯃꯗꯤꯀꯦꯔꯤ
shivamogga,ꯁꯤꯚꯥꯝꯒꯒ
vaish,ꯚꯥꯢꯁ
sasan,ꯁꯥꯁꯟ
nashik,ꯅꯁꯤꯛ
yengsinba,ꯌꯦꯡꯁꯤꯟꯕ
labs,ꯂꯥꯕ
shalimar,ꯁꯥꯂꯤꯃꯥꯔ
ayodhya,ꯑꯌꯣꯑ꯭ꯌꯥ
rajapalayam,ꯔꯥꯖꯄꯥꯖꯐꯝ
jay,ꯖꯥꯖ
ngaohanbagi,ꯉꯥꯎꯍꯟꯕꯒꯤ
churaachaanna,ꯆꯨꯔꯥꯆꯆꯅ
etawah,ꯏꯇꯥꯋꯥ
lishaang,ꯂꯤꯁꯥꯡ
jadhav,ꯖꯥꯙꯠ
phoureima,ꯐꯧꯔꯩꯃ
mityengpham,ꯃꯤꯠꯌꯦꯡꯐꯝ
organic,ꯑꯣꯔꯒꯥꯌꯁꯟ
khagokpam,ꯈꯥꯒꯣꯛꯄꯝ
chicopee,ꯆꯤꯀꯣꯄꯤ
jambawan,ꯖꯝꯕꯋꯟ
agrada,ꯑꯦꯗ꯭ꯔꯥ
pradeshta,ꯄ꯭ꯔꯦꯗꯦꯁꯇ
ewanglon,ꯏꯋꯥꯡꯂꯣꯟ
vilas,ꯚꯤꯂꯥꯁ
thouninarammi,ꯊꯧꯅꯤꯌꯥꯃꯔꯝ
taklamba,ꯇꯥꯛꯂꯝꯕ
saknairaba,ꯁꯛꯅꯥꯢꯔꯕ
prince,ꯄ꯭ꯔꯤꯟꯁ
tyler,ꯇꯤꯖꯦꯔ
yanaba,ꯌꯥꯅꯕ
aartifek,ꯑꯥꯔꯇꯤꯐꯦꯛ
laishangsinggi,ꯂꯥꯢꯁꯪꯁꯤꯡꯒꯤ
paannaraga,ꯄꯥꯟꯅꯔꯒ
walnut,ꯋꯥꯜꯅꯨꯠ
nayak,ꯅꯥꯥꯛ
sikarwar,ꯁꯤꯀꯥꯔꯋꯠ
maikeigasu,ꯃꯥꯢꯀꯩꯁꯨꯨ
lappada,ꯂꯥꯞꯄꯗ
wangkhatpa,ꯋꯥꯡꯈꯠꯄ
nath,ꯅꯊꯊ
laphoisi,ꯂꯥꯍꯣꯢꯁꯤ
moody,ꯃꯣꯑꯣꯢ
mahavidya,ꯃꯍꯥꯚꯤꯌꯥꯗ
lunglei,ꯂꯨꯡꯂꯩ
hawthorne,ꯍꯥꯊꯣꯔꯅꯦ
priyadarshi,ꯄ꯭ꯔꯤꯌꯥꯗꯁꯁꯤ
tools,ꯇꯣꯑꯣꯜꯁ
saruksingda,ꯁꯔꯨꯛꯁꯤꯡꯗ
infotech,ꯏꯟꯄꯣꯠꯂꯩ
bharat,ꯚꯥꯔꯠ
thaajanabi,ꯊꯥꯖꯅꯕꯤ
lily,ꯂꯤꯂꯤ
merta,ꯃꯦꯔꯇ
ising,ꯏꯁꯤꯡ
maxina,ꯃꯃꯤꯅ
channana,ꯆꯟꯅꯅ
syngene,ꯁꯤꯖꯦꯟꯦ
santa,ꯁꯥꯟꯇ
thingkhiba,ꯊꯤꯡꯈꯤꯕ
carpentersville,ꯀꯥꯔꯦꯟꯇ꯭ꯔꯤꯚꯦꯜꯣꯂꯜ
egypt,ꯏꯖꯨꯞ
luhonggadouribina,ꯂꯨꯍꯣꯡꯗꯔꯤꯤꯕꯤꯌꯅ
purinaraga,ꯄꯨꯔꯤꯅꯔꯒ
sacramento,ꯁꯦꯁꯥꯔꯦꯟꯇꯣꯠ
khunsigi,ꯈꯨꯟꯁꯤꯒꯤ
naoriya,ꯅꯥꯎꯔꯤꯌꯥ
sudanga,ꯁꯨꯗꯥꯟꯒ
charong,ꯆꯥꯔꯣꯡ
khongchangloi,ꯈꯣꯡꯆꯪꯂꯣꯢ
sennaba,ꯁꯦꯟꯅꯕ
wipro,ꯋꯤꯄꯣꯔ
wa,ꯋꯥ
ngaangkhaleima,ꯉꯥꯡꯈꯠꯩꯩꯃ
kharada,ꯈꯔꯗ
pallamba,ꯄꯥꯜꯂꯝꯕ
gowa,ꯒ꯭ꯋꯥ
haktaktaki,ꯍꯥꯛꯇꯛꯇꯀꯤ
khenchonglongi,ꯈꯦꯟꯆꯣꯡꯂꯣꯟꯒꯤ
hamirpur,ꯍꯥꯃꯤꯄ꯭ꯔꯨ
archaeological,ꯑꯥꯔꯤꯀꯣꯑꯣꯂꯣꯖꯖꯀꯦꯜ
garud,ꯒꯔꯨꯗ
technoplast,ꯇꯦꯛꯅꯣꯞꯁꯛ
ahanpa,ꯑꯍꯥꯟꯄ
paabadani,ꯄꯥꯕꯗꯅꯤ
singh,ꯁꯤꯡꯍ
kalamazoo,ꯀꯂꯥꯃꯃꯧꯣ
linda,ꯂꯤꯟꯗ
yoimongba,ꯌꯣꯢꯃꯣꯡꯕ
kheipik,ꯈꯩꯄꯤꯛ
dharmshala,ꯙꯔꯁꯃꯂꯥ
moines,ꯃꯣꯢꯅꯦꯁ
leingakta,ꯂꯩꯉꯥꯛꯇ
konthoucham,ꯀꯣꯟꯊꯥꯡꯐꯝ
chaobasi,ꯆꯥꯎꯕꯁꯤ
kolte,ꯀꯣꯜꯇꯦ
paamchate,ꯄꯥꯝꯆꯠꯠ
avery,ꯑꯚꯤꯔꯦ
phaorabadi,ꯐꯥꯎꯔꯕꯗꯤ
kappa,ꯀꯥꯞ
lirambadagi,ꯂꯤꯔꯝꯕꯗꯒꯤ
sarangpur,ꯁꯔꯥꯡꯄꯨꯔ
nizamat,ꯅꯤꯌꯥꯇꯠ
napa,ꯅꯥꯄ
coimbatore,ꯀꯣꯢꯗꯥꯚꯤꯌꯦꯠ
phaahanli,ꯐꯥꯍꯟꯂꯤ
hapnaba,ꯍꯥꯞꯅꯕ
montgomery,ꯃꯣꯟꯇꯣꯃꯤꯃꯔꯤ
phoenix,ꯐꯣꯅꯤꯅꯦ
haangdokkhi,ꯍꯥꯡꯗꯣꯛꯈꯤ
worth,ꯋꯣ꯭ꯔꯊ
apcotex,ꯑꯦꯀꯀꯣꯇꯣꯠ
waachetmaanbi,ꯋꯥꯆꯦꯠꯅꯐꯝꯕꯤ
paamjaba,ꯄꯥꯝꯖꯕ
wangkhi,ꯋꯥꯡꯈꯤ
sikkimese,ꯁꯤꯀꯤꯀꯦꯝꯁꯦ
fabulous,ꯐꯕꯨꯂꯨꯁ
mcmillan,ꯃꯦꯛꯂꯤꯂꯥꯟ
lanleima,ꯂꯥꯟꯂꯩꯃ
saluk,ꯁꯥꯂꯨꯛ
utlammi,ꯎꯠꯂꯝꯃꯤ
bush,ꯕꯤꯁ
movers,ꯃꯣꯚꯔꯁ
innovation,ꯏꯟꯅꯣꯏꯌꯥꯌꯣꯟ
kulkarni,ꯀꯨꯜꯀꯥꯔꯅꯤ
shadai,ꯁꯥꯗꯤ
new,ꯅꯦꯋ
barry,ꯕ꯭ꯔꯤ
khatoon,ꯈꯥꯇꯣꯟ
kullu,ꯀꯨꯜꯂꯨ
mclaughlin,ꯃꯦꯛꯂꯥꯏꯍꯜꯟ
yumsaalon,ꯌꯨꯝꯁꯥꯂꯣꯟ
thengnabani,ꯊꯦꯡꯅꯕꯅꯤ
samarjit,ꯁꯃꯔꯣꯖꯤꯠ
manana,ꯃꯅꯥꯅ
aromatics,ꯑꯔꯔꯃꯃꯦꯁꯛ
sarath,ꯁꯥꯔꯠ
rock,ꯔꯣꯛꯛ
singjamei,ꯁꯤꯡꯖꯥꯃꯩ
dabur,ꯗꯥꯕꯨꯔ
kuppa,ꯀꯨꯞꯄ
pakhouba,ꯄꯥꯈꯧꯕ
lainingda,ꯂꯥꯢꯅꯤꯡꯗ
leinaotaabi,ꯂꯩꯅꯥꯎꯇꯥꯕꯤ
praveenchand,ꯄ꯭ꯔꯥꯖꯍꯟꯆꯤꯗ
pembroke,ꯄꯦꯝꯕꯣꯔꯣꯠ
blackburn,ꯕ꯭ꯂꯤꯛꯕꯟ
kumon,ꯀꯨꯃꯣꯟ
leinaotabi,ꯂꯩꯅꯥꯎꯇꯥꯕꯤ
duncanville,ꯗꯨꯟꯁꯥꯕꯤꯜꯂꯦ
lengsinbiraksi,ꯂꯦꯡꯁꯤꯟꯕꯤꯔꯛꯁꯤ
salazar,ꯁꯂꯥꯥꯔ
cables,ꯀꯥꯜꯦꯁ
eshing,ꯏꯁꯤꯡ
laanpung,ꯂꯥꯟꯄꯨꯡ
bhadauriya,ꯚꯗꯔꯨꯌꯥꯔ
malegaon,ꯃꯥꯂꯩꯒꯟ
ramon,ꯔꯥꯃꯣꯟ
rakhecha,ꯔꯥꯈꯦꯆꯥ
awaangdagi,ꯑꯋꯥꯡꯗꯒꯤ
amangshang,ꯑꯃꯥꯡꯪ
ahaanba,ꯑꯍꯥꯟꯕ
gepelina,ꯒꯦꯄꯦꯂꯤꯅꯥ
aloibada,ꯑꯂꯣꯢꯕꯗ
covina,ꯀꯣꯚꯤꯅꯥ
sreeleathers,ꯁ꯭ꯌꯦꯁꯦꯇꯔꯌꯦꯁ
adugei,ꯑꯗꯨꯒꯩ
duncanville,ꯗꯨꯟꯁꯥꯕꯤꯜꯂꯦ
dinu,ꯗꯤꯅꯨ
brooklyn,ꯕ꯭ꯔꯣꯜꯂꯤꯟ
rampur,ꯔꯥꯝꯄꯨ
imung,ꯏꯃꯨꯡ
aventura,ꯑꯍꯦꯟꯇꯔ
thaakhraba,ꯊꯥꯈ꯭ꯔꯕ
richardson,ꯔꯤꯆꯔꯁꯗꯗꯣꯟ
grapevine,ꯒ꯭ꯔꯦꯦꯄꯥꯌꯌꯦꯠ
khanaona,ꯈꯅꯥꯎꯅ
miyengkhaada,ꯃꯤꯌꯦꯡꯈꯥꯗ
alameda,ꯑꯂꯥꯃꯦꯗ
maong,ꯃꯑꯣꯡ
iqbal,ꯏꯜꯕꯜ
gardner,ꯒꯔꯗꯦꯦꯔ
hines,ꯍꯤꯅꯤꯁ
kipgen,ꯀꯤꯡꯄꯦꯟ
yellam,ꯌꯦꯜꯂꯝ
deerfield,ꯗꯤꯔꯦꯄꯦꯦ
leingaklamba,ꯂꯩꯉꯥꯛꯂꯝꯕ
chopra,ꯀꯣꯄ꯭ꯔꯥ
hanglabadi,ꯍꯪꯂꯕꯗꯤ
hades,ꯍꯥꯗꯦꯁ
russell,ꯔꯁꯑꯦꯜꯜꯜ
purana,ꯄꯨꯔꯥꯅ
burnsville,ꯕꯨꯟꯁꯦꯟꯈꯤꯁ
takli,ꯇꯥꯛꯂꯤ
soma,ꯁꯣꯃꯥ
latli,ꯂꯥꯠꯂꯤ
pidolhalli,ꯄꯤꯗꯣꯜꯍꯜꯂꯤ
golden,ꯒꯣꯜꯗꯦꯟ
miramar,ꯃꯤꯔꯥꯃꯥꯔ
development,ꯗꯦꯖꯦꯂꯃꯦꯟꯟꯠ
kanojia,ꯀꯅꯣꯖꯤꯌꯥ
inunglon,ꯏꯅꯨꯡꯂꯣꯟ
khakempagi,ꯈꯥꯀꯦꯝꯄꯒꯤ
nagoria,ꯅꯒꯣꯔꯤꯌꯥ
hunduna,ꯍꯨꯟꯗꯨꯅ
chada,ꯆꯥꯗ
chandigarh,ꯆꯟꯗꯤꯤꯋꯔ
potshangpam,ꯄꯣꯠꯁꯪꯄꯝ
mamangthakta,ꯃꯃꯥꯡꯈꯛꯇ
rabon,ꯔꯥꯕꯣꯟ
jabalpur,ꯖꯕꯕꯨꯨꯄꯨ
lucie,ꯂꯨꯢꯤꯦ
thoujaldagi,ꯊꯧꯖꯥꯜꯗꯒꯤ
narayan,ꯅꯥꯔꯌꯟ
makhoina,ꯃꯈꯣꯢꯅ
bristol,ꯕ꯭ꯔꯤꯁꯇꯣꯜ
patil,ꯄꯇꯤꯜ
maiba,ꯃꯥꯢꯕ
humfunipan,ꯍꯨꯝꯐꯨꯅꯤꯄꯥꯟ
ngaangnarakliba,ꯉꯥꯡꯅꯔꯛꯂꯤꯕ
suman,ꯁꯨꯃꯥꯟ
tubi,ꯇꯨꯕꯤ
aster,ꯑꯁꯇꯦꯔ
puyaasingdadi,ꯄꯨꯌꯥꯁꯤꯡꯗꯗꯤ
stephens,ꯁ꯭ꯄꯦꯊꯦꯟꯊꯁ
registration,ꯔꯤꯒꯤꯁꯇꯁꯟ
ahaanpa,ꯑꯍꯥꯟꯄ
yelhoungeigi,ꯌꯦꯜꯍꯧꯉꯩꯒꯤ
nagarjuna,ꯅꯒꯒꯔꯨꯕꯅ
agarwal,ꯑꯥꯒꯔꯥꯜꯜ
udaipur,ꯎꯗꯥꯢꯄꯨꯔ
artemis,ꯑꯥꯔꯇꯦꯝꯁꯤ
hill,ꯍꯤꯜ
mathews,ꯃꯊꯦꯁꯁ
tougumbasung,ꯇꯧꯒꯨꯝꯕꯁꯨꯡ
thajanabigi,ꯊꯥꯖꯅꯕꯤꯒꯤ
seithai,ꯁꯩꯊꯥꯢ
marumsu,ꯃꯔꯨꯝꯁꯨ
etou,ꯏꯇꯧ
patrick,ꯄꯥꯇꯤꯀꯤꯛ
meghwal,ꯃꯦꯘꯋꯦꯜ
lemlei,ꯂꯦꯝꯂꯩ
lehi,ꯂꯦꯍꯤ
chingshang,ꯆꯤꯡꯆꯪ
khaoda,ꯈꯥꯎꯗ
kaangbuni,ꯀꯥꯡꯕꯨꯅꯤ
saaphaba,ꯁꯥꯐꯕ
sutlej,ꯁꯨꯠꯂꯦꯞ
chaturvedi,ꯆ꯭ꯍꯨꯋꯔꯗ꯭
miraibai,ꯃꯤꯔꯥꯢꯕꯥꯢ
malik,ꯃꯥꯂꯤꯛ
pham,ꯐꯝ
hakchaangdagi,ꯍꯛꯆꯥꯡꯗꯒꯤ
barwani,ꯕ꯭ꯋꯥꯥꯅꯤ
fatehpur,ꯐꯇꯊꯨꯄꯨ
phone,ꯐꯣꯅꯦ
