heidelbergceat,ꯍꯩꯗꯦꯜꯕꯔꯣꯖꯤꯁꯟ
pakhangpana,ꯄꯥꯈꯪꯄꯅ
likla,ꯂꯤꯛꯂꯥ
famdengba,ꯐꯝꯗꯦꯡꯕ
primavera,ꯄ꯭ꯔꯤꯃꯥꯚꯔꯔ
reading,ꯔꯤꯗꯗꯤꯡ
vista,ꯚꯤꯁꯇ
shamjetshabam,ꯁꯝꯖꯦꯠꯁꯥꯕꯝ
watts,ꯋꯥꯠꯁꯠ
financiers,ꯐꯤꯅꯥꯟꯁꯤꯑꯁ
ngangkhaleima,ꯉꯥꯡꯈꯜꯩꯃ
waterbury,ꯋꯥꯇꯦꯔꯕꯔꯨ
ray,ꯔꯥꯌꯨ
phampalda,ꯐꯝꯄꯥꯜꯗ
pollabatungdana,ꯄꯣꯜꯂꯕꯇꯨꯡꯗꯅ
tumukhong,ꯇꯨꯃꯨꯈꯣꯡ
shillong,ꯁꯤꯜꯂꯣꯡ
hillsboro,ꯍꯤꯜꯁꯨꯜꯔꯣ
londada,ꯂꯣꯟꯗꯥꯗ
dubey,ꯗꯨꯕꯦ
dikshit,ꯗꯤꯛꯁꯤꯠ
mut,ꯃꯨꯠ
hengatlakpa,ꯍꯦꯟꯒꯠꯂꯛꯄ
collins,ꯀꯣꯂꯤꯟꯁ
sanpa,ꯁꯟꯄ
zehra,ꯓꯦꯔ꯭ꯔ
chahichaadadi,ꯆꯍꯤꯆꯥꯗꯗꯤ
quraishi,ꯀꯨꯔꯥꯢꯁꯤ
challi,ꯆꯜꯂꯤ
arvada,ꯑꯚꯚꯗ
kumari,ꯀꯨꯃꯥꯔꯤ
pambei,ꯄꯥꯝꯕꯩ
sakkhangdaba,ꯁꯛꯈꯪꯗꯕ
adumak,ꯑꯗꯨꯃꯛ
waters,ꯋꯥꯇꯔꯁ
bhattacharya,ꯚꯦꯇꯥꯆꯔꯌ
shivamogga,ꯁꯤꯕꯃꯣꯒ
dimasa,ꯗꯤꯃꯁꯥ
firaal,ꯐꯤꯔꯥꯜ
laanngamduna,ꯂꯥꯟꯉꯝꯗꯨꯅ
pumnamakki,ꯄꯨꯝꯅꯃꯛꯀꯤ
medina,ꯃꯦꯗꯤꯅ
mangpa,ꯃꯪꯄ
burleson,ꯕꯨꯜꯂꯦꯁꯣꯟ
ngaareima,ꯉꯥꯔꯩꯃ
salka,ꯁꯜꯀ
mirolgi,ꯃꯤꯔꯣꯜꯒꯤ
dahlan,ꯗꯍꯜꯂꯥꯟ
expleo,ꯏꯦꯄ꯭ꯂꯦꯀꯣ
aibani,ꯑꯏꯕꯅꯤ
guduri,ꯒꯨꯗꯨꯔꯤ
seirangbani,ꯁꯩꯔꯪꯕꯅꯤ
manna,ꯃꯥꯟꯅ
pravesh,ꯄ꯭ꯔꯦꯕꯁ
wave,ꯋꯥꯋꯦ
sengar,ꯁꯦꯡꯒꯔ
rishiraj,ꯔꯤꯁꯤꯔꯥꯖ
laana,ꯂꯥꯅ
telelinks,ꯇꯦꯂꯦꯂꯤꯟꯁ
americada,ꯑꯃꯦꯔꯤꯀꯗ
manungsida,ꯃꯅꯨꯡꯁꯤꯗ
fanglakkhi,ꯐꯪꯂꯛꯈꯤ
plainfield,ꯄ꯭ꯄꯦꯟꯐꯤꯑꯦꯜꯗ
yambada,ꯌꯥꯝꯕꯗ
ima,ꯏꯃꯥ
sterlite,ꯁ꯭ꯇꯦꯔꯂꯤꯇꯦ
bauer,ꯕꯥꯗꯔ
shankdhar,ꯁꯥꯟꯈ
hugli,ꯍꯨꯡꯂꯤ
nemba,ꯅꯦꯝꯕ
rizvi,ꯔꯤꯓꯚꯤ
rafael,ꯔꯐꯦꯜ
niphumapan,ꯅꯤꯐꯨꯃꯥꯄꯟꯟ
enggadabadagi,ꯏꯪꯒꯗꯕꯗꯒꯤ
sasaram,ꯁꯥꯔꯥꯝ
lara,ꯂꯥꯔ
ten,ꯇꯦꯟ
saruk,ꯁꯔꯨꯛ
czech,ꯏꯕꯦꯛ
nag,ꯅꯥ
saada,ꯁꯥꯗ
leiphamna,ꯂꯩꯐꯝꯅ
waareng,ꯋꯥꯔꯦꯡ
mannaramde,ꯃꯥꯟꯅꯔꯝꯗꯦ
asuppa,ꯑꯁꯨꯞꯄ
kakinada,ꯀꯥꯀꯤꯅꯗ
mityeng,ꯃꯤꯠꯌꯦꯡ
moleculesinggi,ꯃꯣꯂꯤꯀꯨꯂꯤꯡꯒꯤ
hathor,ꯍꯥꯊꯣꯣꯔ
kanagumba,ꯀꯅꯥꯒꯨꯝꯕ
kangbagi,ꯀꯪꯕꯒꯤ
semnanaba,ꯁꯦꯝꯅꯅꯕ
milk,ꯃꯤꯜꯛ
humfutaraataret,ꯍꯨꯝꯐꯨꯇꯔꯥꯇꯔꯦꯠ
tolli,ꯇꯣꯜꯂꯤ
chingsinfam,ꯆꯤꯡꯁꯤꯟꯐꯝ
thamphamni,ꯊꯝꯐꯝꯅꯤ
hammond,ꯍꯥꯃꯣꯟ
espinoza,ꯏꯁꯄꯤꯅꯣꯓꯥ
stein,ꯁꯇꯩꯅ
chingsang,ꯆꯤꯡꯁꯪ
parag,ꯄꯔꯒ
telheipagi,ꯇꯦꯜꯍꯩꯄꯒꯤ
ayangpa,ꯑꯌꯥꯡꯄ
charei,ꯆꯔꯩ
lampaakta,ꯂꯝꯄꯥꯛꯇ
bhatpara,ꯚꯠꯄꯔ
paotaak,ꯄꯥꯎꯇꯥꯛ
laanjaonachingba,ꯂꯥꯟꯖꯥꯎꯅꯆꯤꯡꯕ
sayreville,ꯁꯦꯔꯦꯚ꯭ꯔꯤꯜꯂꯦ
duar,ꯗ꯭ꯔꯔꯔ
malhotra,ꯃꯥꯜꯍꯣꯇ꯭ꯔ
phukpa,ꯐꯨꯛꯄ
greenwood,ꯒ꯭ꯔꯤꯌꯣꯋꯣ
saakei,ꯁꯥꯀꯩ
makhada,ꯃꯈꯥꯗ
siliconegi,ꯁꯤꯂꯤꯀꯣꯖꯤꯒꯤ
gail,ꯒꯥꯢꯜ
shaada,ꯁꯥꯗ
ingraji,ꯏꯪꯔꯖꯤ
nerolac,ꯅꯦꯔꯣꯂꯦ
atingkokna,ꯑꯇꯤꯡꯀꯣꯛꯅ
hannagi,ꯍꯥꯟꯥꯒꯤ
montes,ꯃꯣꯟꯇꯦꯁ
keisi,ꯀꯩꯁꯤ
mahadewi,ꯃꯍꯥꯗꯦꯋꯤ
thadok,ꯊꯥꯗꯣꯛ
housing,ꯍꯧꯁꯤꯡ
liklaa,ꯂꯤꯛꯂꯥ
gomashe,ꯒꯣꯃꯁꯦ
kaangpa,ꯀꯥꯡꯄ
seisak,ꯁꯩꯁꯛ
pamnakhiba,ꯄꯥꯝꯅꯈꯤꯕ
kiran,ꯀꯤꯔꯥꯟ
thakhraba,ꯊꯥꯈ꯭ꯔꯕ
heilom,ꯍꯩꯂꯣꯝ
mahaakka,ꯃꯍꯥꯛꯀ
woonsocket,ꯋꯣꯑꯣꯟꯁꯣꯁꯀꯦꯠ
chadana,ꯆꯥꯗꯅ
naoda,ꯅꯥꯎꯗ
meeoiba,ꯃꯤꯑꯣꯢꯕ
mapaapu,ꯃꯄꯥꯄꯨ
thoudam,ꯊꯧꯗꯝ
sithou,ꯁꯤꯊꯧꯧ
shoaib,ꯁꯣꯢꯢ
kamputarna,ꯀꯥꯝꯄꯨꯇꯔꯅ
everett,ꯏꯦꯕꯔꯦꯠꯠ
tezpur,ꯇꯦꯝꯄꯨꯔ
laion,ꯂꯥꯢꯑꯣꯟ
panthoipi,ꯄꯥꯟꯊꯣꯢꯄꯤ
nupaada,ꯅꯨꯄꯥꯗ
humphunipan,ꯍꯨꯝꯐꯨꯅꯤꯄꯥꯟ
rana,ꯔꯥꯅ
design,ꯗꯦꯁꯤꯒꯤ
ganore,ꯒꯅꯣꯔꯦ
hasni,ꯍꯁꯅꯤ
koubagi,ꯀꯧꯕꯒꯤ
lina,ꯂꯤꯅ
tenawaa,ꯇꯦꯅꯥꯋꯥ
washington,ꯋꯁꯤꯡꯇꯣꯟ
tankhibana,ꯇꯥꯈꯤꯕꯅ
amroha,ꯑꯦꯔꯣꯣꯥ
nifu,ꯅꯤꯐꯨ
kayatsingna,ꯀꯌꯥꯠꯁꯤꯡꯅ
yengluba,ꯌꯦꯡꯂꯨꯕ
tokpam,ꯇꯣꯛꯄꯝ
kanglupsigi,ꯀꯥꯡꯂꯨꯞꯒꯤꯒꯤ
khongthaang,ꯈꯣꯡꯊꯥꯡ
til,ꯇꯤꯜ
yumshaalon,ꯌꯨꯝꯁꯥꯂꯣꯟ
bombay,ꯕꯣꯝꯕ
chaadaa,ꯆꯥꯗꯥ
phani,ꯐꯥꯅꯤ
hangdokkhi,ꯍꯥꯡꯗꯣꯛꯈꯤ
bokaro,ꯕꯣꯀꯔꯣ
apakma,ꯑꯄꯥꯛꯃ
mangan,ꯃꯥꯥꯟ
elangbam,ꯏꯂꯥꯡꯕꯝ
odisha,ꯑꯣꯗꯤꯁꯥ
plaines,ꯄ꯭ꯂꯦꯟꯅꯦꯁ
khunthoklam,ꯈꯨꯟꯊꯣꯛꯂꯝ
nyx,ꯅꯤꯛ
leitaaba,ꯂꯩꯇꯥꯕ
takpani,ꯇꯥꯛꯄꯅꯤ
singhaa,ꯁꯤꯡꯍꯥ
anigi,ꯑꯅꯤꯒꯤ
khaspur,ꯈꯥꯁꯄꯨꯔ
hemet,ꯍꯦꯃꯦꯠ
cruces,ꯀ꯭ꯔꯦꯁꯦꯁ
langdai,ꯂꯪꯗꯥꯢ
repro,ꯔꯦꯄ꯭ꯔꯣ
safagadaba,ꯁꯐꯒꯗꯕ
communications,ꯀꯝꯃꯨꯅꯤꯀꯥ
yokkhatpa,ꯌꯣꯛꯈꯠꯄ
ketharaga,ꯀꯦꯊꯔꯒ
sangleichaa,ꯁꯪꯂꯩꯆꯥ
miyengkhada,ꯃꯤꯌꯦꯡꯈꯥꯗ
vincent,ꯚꯤꯟꯁꯦꯟꯠ
godhra,ꯒꯣꯙ꯭ꯔ
heblikar,ꯍꯦꯜꯕꯤꯀꯔ
carbogen,ꯀꯥꯔꯕꯣꯒꯦꯟ
charlottesville,ꯆꯔꯂꯣꯇꯇꯇꯤꯖꯤꯜꯂꯤꯂ
marlborough,ꯃꯔꯜꯔꯣꯔꯧ
hurallaga,ꯍꯨꯔꯜꯂꯒ
chaoi,ꯆꯥꯎꯏ
ungduna,ꯎꯪꯗꯨꯅ
moupwada,ꯃꯧꯄ꯭ꯋꯦꯗ
junagadh,ꯖꯨꯅꯥꯒꯙ
theinaba,ꯊꯩꯅꯕ
fouba,ꯐꯧꯕ
shaktakkhi,ꯁꯛꯇꯥꯛꯈꯤ
shennong,ꯁꯦꯟꯅꯣꯡ
idukki,ꯏꯗꯨꯛꯀꯤ
chaahao,ꯆꯥꯍꯥꯎ
malda,ꯃꯥꯜꯗ
mapangi,ꯃꯄꯥꯟꯒꯤ
ochoa,ꯑꯣꯆꯥ
wiliam,ꯋꯤꯂꯤꯌꯥ
accelya,ꯑꯦꯀꯦꯦꯂꯤꯌꯥ
mitra,ꯃꯤꯇ꯭ꯔ
bidar,ꯕꯤꯗꯔ
ikhi,ꯏꯈꯤ
ras,ꯔꯁ
protist,ꯄ꯭ꯔꯣꯇꯤꯁꯠ
wareng,ꯋꯥꯔꯦꯡ
bite,ꯕꯤꯇꯦ
sharif,ꯁꯥꯔꯤꯐ
enterprise,ꯏꯦꯟꯦꯔꯄ꯭ꯔꯤꯁ
burmese,ꯕꯨꯔꯃꯦꯁ
reilly,ꯔꯩꯂꯤ
ateidi,ꯑꯇꯩꯗꯤ
zuari,ꯓꯥꯥꯔꯤ
kanglupsingbu,ꯀꯥꯡꯂꯨꯞꯁꯤꯡꯕꯨ
nalla,ꯅꯜꯂꯥ
ahoubada,ꯑꯍꯧꯕꯗ
azhar,ꯑꯓꯔ
mohandas,ꯃꯣꯍꯟꯗꯁ
koilaang,ꯀꯣꯢꯂꯥꯡ
grande,ꯒ꯭ꯔꯦꯟꯗꯦ
kathoktuna,ꯀꯥꯊꯣꯛꯇꯨꯅ
sonnei,ꯁꯣꯟꯅꯩ
sakhenba,ꯁꯥꯍꯦꯟꯕ
evanston,ꯏꯦꯥꯟꯁꯇꯣꯟ
taanbagi,ꯇꯥꯟꯕꯒꯤ
waheibu,ꯋꯥꯍꯩꯕꯨ
baker,ꯕꯥꯀꯦꯔ
uhalli,ꯎꯍꯜꯂꯤ
churu,ꯆꯨꯔꯨꯨ
kulal,ꯀꯨꯂꯜ
kidwai,ꯀꯤꯗꯋꯥꯢ
yangkheinipan,ꯌꯥꯡꯈꯩꯅꯤꯄꯟꯟ
dodson,ꯗꯣꯗꯁꯣꯟ
antioch,ꯑꯟꯇꯤꯌꯣꯁ
phanglakkhi,ꯐꯪꯂꯛꯈꯤ
italydadi,ꯏꯇꯥꯂꯤꯗꯗꯤ
bhramari,ꯚ꯭ꯔꯃꯥꯔꯤ
july,ꯖꯨꯜꯤ
springdale,ꯁ꯭꯭ꯄ꯭ꯔꯤꯡꯗꯥꯂꯦ
niphumaapan,ꯅꯤꯐꯨꯃꯥꯄꯟ
pittsburg,ꯄꯤꯠꯁꯕꯨꯒ
delhi,ꯗꯦꯜꯍꯤ
kamduna,ꯀꯥꯝꯗꯨꯅ
carlson,ꯀꯦꯔꯁꯣꯣꯟ
kongsang,ꯀꯣꯡꯁꯪ
sayaangsinggi,ꯁꯌꯥꯡꯁꯤꯡꯒꯤ
machaak,ꯃꯆꯥꯛ
gurjar,ꯒꯨꯔꯖꯔ
meelolna,ꯃꯤꯂꯣꯜꯅ
omar,ꯑꯣꯃꯥꯔ
kougadabani,ꯀꯧꯒꯗꯕꯅꯤ
fortis,ꯐꯣꯔꯇꯤꯁ
herman,ꯍꯦꯔꯃꯟ
lim,ꯂꯤꯝ
manju,ꯃꯟꯖꯨ
casey,ꯀꯁꯦ
jews,ꯖ꯭ꯋꯨꯁ
roanoke,ꯔꯣꯑꯅꯣꯀꯦ
rallis,ꯔꯥꯜꯂꯤꯁ
tropical,ꯇ꯭ꯔꯣꯄꯤꯀꯦꯜ
tokhaihallaga,ꯇꯣꯛꯍꯥꯢꯂꯂꯒ
shivpuri,ꯁꯤꯐ꯭ꯄꯨꯔꯤ
surat,ꯁꯨꯔꯠ
quick,ꯀꯨꯎꯛꯛ
yonthokkhi,ꯌꯣꯟꯊꯣꯛꯈꯤ
loipi,ꯂꯣꯢꯄꯤ
wylie,ꯋꯤꯂꯤ
daha,ꯗꯍꯥꯥ
mioisinggi,ꯃꯤꯑꯣꯢꯁꯤꯡꯒꯤ
waheini,ꯋꯥꯍꯩꯅꯤ
columbia,ꯀꯣꯂꯨꯝꯕꯤꯌꯥ
thengnakhi,ꯊꯦꯡꯅꯈꯤ
phaogatlaklibi,ꯐꯥꯎꯒꯠꯂꯛꯂꯤꯕꯤ
osiris,ꯑꯣꯁꯤꯔꯤꯁ
tidke,ꯇꯤꯗꯀꯦ
mipokpa,ꯃꯤꯄꯣꯛꯄ
barker,ꯕꯔꯀꯦꯔ
yemenda,ꯌꯦꯃꯦꯟꯗ
sonwani,ꯁꯣꯟꯋꯥꯅꯤ
pandam,ꯄꯟꯟꯗꯝ
chandra,ꯆꯟꯗ꯭ꯔ
adugiraane,ꯑꯗꯨꯒꯤꯔꯥꯅꯦ
tweets,ꯇ꯭ꯋꯤꯠꯁ
mayeksingbu,ꯃꯌꯦꯛꯁꯤꯡꯕꯨ
thangyikum,ꯊꯪꯡꯤꯀꯨꯝ
chellani,ꯆꯦꯜꯂꯥꯅꯤ
lifestyle,ꯂꯤꯐꯦꯠꯁꯤꯂꯦ
laanli,ꯂꯥꯟꯂꯤ
mamingda,ꯃꯃꯤꯡꯗ
neemuch,ꯅꯤꯃꯁꯊ
shulung,ꯁꯨꯂꯨꯡ
pace,ꯄꯁꯦ
cheitharol,ꯆꯩꯊꯔꯣꯜ
reno,ꯔꯦꯅꯣ
durgavansh,ꯗꯨꯔꯒꯥꯥꯥꯟꯁ
taraamna,ꯇꯔꯥꯝꯅ
infibeam,ꯏꯟꯐꯤꯕꯦꯝ
smartspaces,ꯁ꯭ꯃꯥꯔꯠꯁꯄꯁꯦꯁ
ayambada,ꯑꯌꯥꯝꯕꯗ
lothankhi,ꯂꯣꯠꯍꯟꯈꯤ
awapham,ꯑꯋꯥꯐꯝ
citysing,ꯁꯤꯇꯤꯁꯤꯡ
furit,ꯐꯨꯔꯤꯠ
lakhmani,ꯂꯥꯈꯃꯅꯤ
johari,ꯖꯣꯍꯥꯔꯤ
kapole,ꯀꯥꯄꯣꯂꯦ
nuwa,ꯅꯨꯋꯥ
rollins,ꯔꯣꯜꯂꯤꯟꯁ
sangba,ꯁꯪꯕ
asaagi,ꯑꯁꯥꯒꯤ
sarasota,ꯁꯥꯁꯇꯣꯇ
chanugi,ꯆꯥꯅꯨꯒꯤ
ataangba,ꯑꯇꯥꯡꯕ
numitkhudinggi,ꯅꯨꯃꯤꯠꯈꯨꯗꯤꯡꯒꯤ
cementation,ꯁꯦꯃꯦꯟꯇꯇꯟ
sagatli,ꯁꯥꯒꯠꯂꯤ
nectar,ꯅꯦꯛꯇꯔ
ubada,ꯎꯕꯗ
mamal,ꯃꯃꯜ
missoula,ꯃꯤꯁꯣꯧꯂꯥ
sari,ꯁꯔꯤ
mafamdubu,ꯃꯐꯝꯗꯨꯕꯨ
khaanongpokta,ꯈꯥꯅꯣꯡꯄꯣꯛꯇ
disasterni,ꯗꯤꯁꯥꯁꯇꯔꯅꯤ
alkem,ꯑꯜꯀꯦꯝ
ankeny,ꯑꯦꯟꯀꯦꯅꯤ
shailaputri,ꯁꯥꯢꯂꯄꯨ꯭ꯇ꯭ꯔꯤ
yumshalon,ꯌꯨꯝꯁꯥꯂꯣꯟ
cambodiagi,ꯀꯥꯝꯕꯣꯗꯤꯌꯥꯒꯤꯤ
akolkar,ꯑꯀꯣꯜꯀꯔ
plantation,ꯄ꯭ꯂꯦꯟꯇ
miller,ꯃꯤꯜꯂꯦꯔ
touramba,ꯇꯧꯔꯝꯕ
dixon,ꯗꯤꯑꯣꯟ
loveland,ꯂꯣꯚꯦꯂꯦꯟ
khamnung,ꯈꯝꯅꯨꯡ
machak,ꯃꯆꯥꯛ
puducherry,ꯄꯨꯗꯨꯆꯔꯔꯤ
indianapolis,ꯏꯟꯗꯤꯌꯥꯅꯄꯣꯂꯤꯁ
kalratri,ꯀꯜꯔꯥ꯭ꯇ꯭ꯔꯤ
mattancheri,ꯃꯇꯇꯟꯆꯔꯤ
arambai,ꯑꯔꯝꯕꯥꯢ
karaikal,ꯀꯔꯥꯢꯀꯜ
cheithaarol,ꯀꯩꯊꯥꯔꯣꯜ
ipakachouba,ꯏꯄꯥꯀꯆꯧꯕ
kurukshetra,ꯀꯨꯔꯨꯛꯁꯦꯇ꯭ꯔ
famba,ꯐꯝꯕ
sagatlakpa,ꯁꯥꯒꯠꯂꯛꯄ
koknaba,ꯀꯣꯛꯅꯕ
vance,ꯚꯦꯟꯁꯦ
bhagabat,ꯚꯒꯒꯥꯠ
valdosta,ꯚꯥꯂꯗꯣꯁꯇ
pearland,ꯄꯦꯦꯔꯂꯦꯟ
dindigul,ꯗꯤꯟꯗꯤꯒꯜ
dutta,ꯗꯨꯠꯇ
hainasu,ꯍꯥꯢꯅꯁꯨ
pangthoklamba,ꯄꯥꯡꯊꯣꯛꯂꯝꯕ
saanakhi,ꯁꯥꯅꯈꯤ
jajoo,ꯖꯥꯖꯣ
arthropoda,ꯑꯥꯔꯊ꯭ꯔꯣꯄꯣꯗ
aiba,ꯑꯏꯕ
commerce,ꯀꯝꯝꯔꯦꯁ
imalonbu,ꯏꯃꯥꯂꯣꯟꯕꯨ
chajibu,ꯆꯥꯖꯤꯕꯨ
sasan,ꯁꯥꯁꯟ
ventura,ꯚꯦꯟꯇꯔꯔꯥ
whirlpool,ꯋꯤꯔꯤꯜꯄꯣꯟ
awaapham,ꯑꯋꯥꯐꯝ
yadav,ꯌꯥꯗꯚ
wausau,ꯋꯥꯎꯁꯨ
torrent,ꯇꯣꯔꯔꯦꯟꯠ
samiti,ꯁꯃꯤꯇꯤ
punch,ꯄꯨꯟꯆ
paisalo,ꯄꯥꯢꯁꯂꯣ
nadu,ꯅꯥꯗꯨ
bernard,ꯕꯦꯔꯅꯔꯗ
rathore,ꯔꯥꯊꯣꯔꯦ
lainingthouni,ꯂꯥꯢꯅꯤꯡꯊꯧꯅꯤ
pheijom,ꯐꯩꯖꯣꯝ
mangaa,ꯃꯪꯥ
yenakha,ꯌꯦꯅꯀꯈ
carson,ꯀꯦꯔꯁꯣꯟ
callahan,ꯀꯦꯜꯂꯥꯟ
jajoo,ꯖꯥꯖꯣ
erie,ꯏꯔꯤ
broadcast,ꯕ꯭ꯔꯣꯥꯗꯀꯁ
bhuj,ꯚꯨꯖ
cheihisi,ꯆꯩꯍꯤꯁꯤ
education,ꯏꯗꯨꯀꯥꯇꯤꯑ
magi,ꯃꯥꯒꯤ
sarukti,ꯁꯔꯨꯛꯇꯤ
laini,ꯂꯥꯢꯅꯤ
bhardwaj,ꯚꯥꯔꯗ꯭ꯔꯖ
colorado,ꯀꯣꯂꯔꯔꯗꯣ
hardoi,ꯍꯔꯗꯣꯢ
sajibu,ꯁꯖꯤꯕꯨ
atlantic,ꯑꯦꯠꯂꯦꯟꯇꯤꯛ
kongshang,ꯀꯣꯡꯁꯪ
meira,ꯃꯩꯔ
kaahenna,ꯀꯥꯍꯦꯟꯅ
landa,ꯂꯥꯟꯗ
ahmadabad,ꯑꯍꯥꯗꯗꯕꯗ
leisinaduna,ꯂꯩꯁꯤꯅꯗꯨꯅ
pasadena,ꯄꯁꯥꯗꯦꯅ
mamaani,ꯃꯃꯥꯅꯤ
kheda,ꯈꯦꯗ
awaangbagi,ꯑꯋꯥꯡꯕꯒꯤ
morales,ꯃꯣꯔꯥꯂꯦꯁ
machakhaiba,ꯃꯆꯥꯈꯥꯢꯕ
wilkinson,ꯋꯤꯜꯀꯤꯟꯁꯣꯟ
onduna,ꯑꯣꯟꯗꯨꯅ
langja,ꯂꯪꯡꯖ
fangde,ꯐꯪꯗꯦ
lavudya,ꯂꯥꯚꯨꯗ꯭ꯔ
vizianagaram,ꯚꯤꯐꯤꯌꯥꯅꯒꯔꯔꯝ
navas,ꯅꯥꯕꯁ
masaaga,ꯃꯁꯥꯒ
parengsingna,ꯄꯔꯦꯡꯁꯤꯡꯅ
magdum,ꯃꯥꯗꯨꯝ
rudragi,ꯔꯨꯗ꯭ꯔꯒꯤ
dallas,ꯗꯥꯜꯂꯥꯁ
sanaleipak,ꯁꯅꯥꯂꯩꯄꯥꯛ
banks,ꯕꯥꯟꯁ
reeves,ꯔꯤꯚꯦꯁ
aschelminthes,ꯑꯁꯦꯜꯦꯤꯝꯅꯊꯤꯁ
buchanan,ꯕꯨꯆꯥꯅ
hyderabad,ꯍꯤꯗꯦꯔꯕꯗ
anisuba,ꯑꯅꯤꯁꯨꯕ
shijagi,ꯁꯤꯖꯒꯤ
portillo,ꯄꯣꯔꯇꯤꯜꯂꯣ
afghanistan,ꯑꯐꯒꯥꯅꯤꯁꯇꯅ
ipao,ꯏꯄꯥꯎ
humphutarataret,ꯍꯨꯝꯐꯨꯇꯔꯥꯇꯔꯦꯠ
shipping,ꯁꯤꯄꯤꯄꯤꯡ
misingni,ꯃꯤꯁꯤꯡꯅꯤ
chingsangsingna,ꯆꯤꯡꯁꯪꯁꯤꯡꯅ
visakhapatnam,ꯚꯤꯁꯛꯍꯄꯥꯠꯅꯝ
racine,ꯔꯦꯁꯤꯅꯦ
kota,ꯀꯣꯇ
church,ꯆꯨꯔꯆ꯭ꯔ
lishing,ꯂꯤꯁꯤꯡ
lalonetikki,ꯂꯥꯂꯣꯅꯤꯛꯀꯤ
enaak,ꯏꯅꯥꯛ
lampaakka,ꯂꯝꯄꯥꯛꯀ
meisaa,ꯃꯩꯁꯥ
spandana,ꯁ꯭ꯄꯦꯟꯗꯥꯅ
hoba,ꯍꯣꯕꯥ
yumthakta,ꯌꯨꯝꯊꯛꯇ
australiada,ꯑꯣꯁꯇ꯭ꯔꯦꯂꯤꯌꯥꯗ
beck,ꯕꯦꯛ
fayetteville,ꯐꯌꯦꯠꯇꯦꯕꯤꯜꯂꯦ
taakpagi,ꯇꯥꯛꯄꯒꯤ
haapchinle,ꯍꯥꯞꯆꯤꯟꯂꯦ
laphu,ꯂꯄꯥꯨ
bacteria,ꯕꯦꯛꯇꯔꯔꯤꯌꯥ
machine,ꯃꯆꯤꯅꯦ
saabi,ꯁꯥꯕꯤ
pass,ꯄꯁꯁ
buenaventura,ꯕꯨꯅꯦꯕꯦꯦꯟꯇꯔ
chatnarammi,ꯆꯠꯅꯔꯝꯃꯤ
pravesh,ꯄ꯭ꯔꯦꯕꯁ
swain,ꯁ꯭ꯋꯥꯢꯟ
taakpiramba,ꯇꯥꯛꯄꯔꯔꯕ
shingsu,ꯁꯤꯡꯁꯨ
mitana,ꯃꯤꯇꯅ
phampaalda,ꯐꯝꯄꯥꯜꯗ
ichang,ꯏꯆꯪ
asagi,ꯑꯁꯥꯒꯤ
puthorakkhi,ꯄꯨꯊꯣꯔꯛꯈꯤ
saphaba,ꯁꯐꯐꯕ
nalwa,ꯅꯜꯋꯥ
barrett,ꯕꯔꯔꯦꯠ
ewaanglon,ꯏꯋꯥꯡꯂꯣꯟ
bhavnagar,ꯚꯚꯅꯒꯔ
ahmad,ꯑꯍꯥꯃꯗ
hindustan,ꯍꯤꯟꯗꯨꯁꯇꯟ
atangba,ꯑꯇꯥꯡꯕ
puraktuna,ꯄꯨꯔꯛꯇꯨꯅ
puwaarida,ꯄꯨꯋꯥꯔꯤꯗ
tha,ꯊꯥ
ponce,ꯄꯣꯟꯁꯦ
bisht,ꯕꯤꯁꯠ
pak,ꯄꯥꯛ
kushalappa,ꯀꯨꯁꯥꯂꯄꯄ
melinda,ꯃꯦꯂꯤꯟꯗ
pompano,ꯄꯣꯝꯄꯅꯣ
yatpa,ꯌꯥꯠꯄ
ataa,ꯑꯇꯥ
karkhele,ꯀꯔꯈ꯭ꯦꯂ
kanchhal,ꯀꯟꯆꯊ
taylorsville,ꯇꯦꯂꯂꯔꯒꯤꯜꯂꯦ
houdoklakpa,ꯍꯧꯗꯣꯛꯂꯛꯄ
nakul,ꯅꯀꯨꯜ
phaoduna,ꯐꯥꯎꯗꯨꯅ
pacheco,ꯄꯥꯆꯦꯀꯣ
paagani,ꯄꯥꯒꯅꯤ
surendranagar,ꯁꯨꯔꯦꯟꯗ꯭ꯔꯅꯥꯒ
slovakia,ꯁ꯭ꯂꯣꯚꯥꯀꯤꯤ
laurus,ꯂꯥꯎꯔꯔꯁ
centre,ꯁꯦꯟꯇ꯭ꯔꯦ
hotnajaramba,ꯍꯣꯠꯅꯖꯔꯝꯕ
nungshiruba,ꯅꯨꯡꯁꯤꯔꯨꯕ
puriklai,ꯄꯨꯔꯤꯛꯀꯂꯔ
ngaore,ꯉꯥꯎꯔꯦ
tapia,ꯇꯥꯄꯤꯌꯥ
awafam,ꯑꯋꯥꯐꯝ
thapham,ꯊꯥꯐꯝ
uningthou,ꯎꯅꯤꯡꯊꯧ
sutton,ꯁꯨꯠꯇꯣꯟ
kayaam,ꯀꯌꯥꯝ
makhaada,ꯃꯈꯥꯗ
leigong,ꯂꯩꯒꯣꯡ
composites,ꯀꯝꯄ꯭ꯂꯤꯁꯦꯠꯁ
barmer,ꯕꯔꯃꯔ
halisahar,ꯍꯜꯁꯤꯍꯥꯔ
kaithal,ꯀꯥꯢꯊꯜ
muthappan,ꯃꯨꯊꯥꯄꯟꯟ
mioi,ꯃꯤꯑꯣꯢ
sulochana,ꯁꯨꯂꯣꯆꯅ
chingsu,ꯆꯤꯡꯁꯨ
lady,ꯂꯥꯗꯤ
nilkamal,ꯅꯤꯜꯀꯃꯥꯜ
khumnaba,ꯈꯨꯝꯅꯕ
mahanagar,ꯃꯍꯥꯅꯒꯔ
gates,ꯒꯦꯠꯁ
eidi,ꯑꯩꯗꯤ
thongalel,ꯊꯣꯉꯥꯂꯦꯜ
novi,ꯅꯣꯚꯤ
allcargo,ꯑꯜꯂꯒꯔꯒꯣ
chicago,ꯆꯤꯀꯥꯒꯣ
teinabadugi,ꯇꯩꯅꯕꯗꯨꯒꯤ
dunwoody,ꯗꯨꯟꯋꯣꯗꯗ
sonawane,ꯁꯣꯅꯋꯥꯅꯦ
mabukta,ꯃꯥꯨꯛꯇ
phaobagidi,ꯐꯥꯎꯕꯒꯤꯗꯤ
eribasingsidagi,ꯏꯔꯤꯕꯁꯤꯡꯁꯤꯗꯒꯤ
lailempigi,ꯂꯥꯢꯂꯦꯝꯄꯤꯒꯤ
edit,ꯏꯗꯤꯠ
aurora,ꯑꯥꯔꯣꯔꯔ
morena,ꯃꯣꯔꯦꯅ
yaubara,ꯌꯥꯎꯕꯔ
chandernagore,ꯆꯥꯟꯗꯔꯅꯒꯣꯒꯣꯔ
avondale,ꯑꯥꯣꯣꯟꯗꯂꯦ
shiromani,ꯁꯤꯔꯣꯝꯅꯤ
leikhribasi,ꯂꯩꯈ꯭ꯔꯤꯕꯁꯤ
mendez,ꯃꯦꯟꯗꯦꯖ
yaanakhi,ꯌꯥꯅꯈꯤ
wangkhatlakkhi,ꯋꯥꯡꯈꯠꯂꯛꯤ
hazaribag,ꯍꯥꯓꯥꯔꯤꯕꯒ
pontiac,ꯄꯣꯟꯇꯤꯌꯥ
bhogeshor,ꯚꯣꯒꯦꯁꯣꯔ
pakee,ꯄꯥꯀꯤ
virani,ꯚꯤꯔꯥꯅꯤ
foam,ꯐꯥꯝ
loushing,ꯂꯧꯁꯤꯡ
erbium,ꯏꯦꯕꯤꯌꯝ
saran,ꯁꯥꯔꯟ
chamunda,ꯆꯥꯃꯨꯟꯗ
caplin,ꯀꯦꯞꯂꯤꯟ
childagi,ꯆꯤꯜꯗꯒꯤ
sipike,ꯁꯤꯄꯤꯀꯦ
senyekni,ꯁꯦꯅꯤꯀꯦꯅꯤ
rowe,ꯔꯣꯋꯦ
pakhanba,ꯄꯥꯈꯟꯕ
chaorakpa,ꯆꯥꯎꯔꯛꯄ
ibada,ꯏꯕꯗ
lakminnaraga,ꯂꯥꯛꯃꯤꯟꯅꯔꯒ
oibadi,ꯑꯣꯢꯕꯗꯤ
phiset,ꯐꯤꯁꯦꯠ
ekhi,ꯏꯈꯤ
yaallaga,ꯌꯥꯜꯂꯒ
maangda,ꯃꯥꯡꯗ
ngaakpa,ꯉꯥꯛꯄ
matik,ꯃꯇꯤꯛ
karambano,ꯀꯔꯝꯕꯅꯣ
paangthokkhiba,ꯄꯥꯡꯊꯣꯛꯈꯤꯕ
ningkham,ꯅꯤꯡꯈꯝ
avenues,ꯑꯥꯕꯦꯅꯖꯁ
kewal,ꯀꯦꯋꯦꯜ
maningtamba,ꯃꯅꯤꯡꯇꯝꯕ
mayaiwairap,ꯃꯌꯥꯢꯋꯥꯢꯔꯞ
akonba,ꯑꯀꯣꯟꯕ
chatnabisisu,ꯆꯠꯅꯕꯤꯁꯤꯁꯨ
canton,ꯀꯦꯟꯇꯣꯟ
ballia,ꯕꯥꯜꯂꯤꯌꯥ
pereddy,ꯄꯦꯔꯦꯗꯗ
uniphos,ꯌꯨꯅꯐꯣꯁ
khundaariba,ꯈꯨꯟꯗꯥꯔꯤꯕ
vineland,ꯚꯤꯅꯦꯂꯦꯟ
gokaldas,ꯒꯣꯀꯥꯜꯗꯁ
moirang,ꯃꯣꯢꯔꯪ
sanskrit,ꯁꯟꯁꯀ꯭꯭ꯔꯤꯠ
naaz,ꯅꯥꯖ
kananasu,ꯀꯅꯥꯅꯁꯨ
conley,ꯀꯣꯂꯦ
uthakta,ꯎꯊꯛꯇ
lancaster,ꯂꯥꯟꯀꯁꯇ
imungni,ꯏꯃꯨꯡꯅꯤ
patna,ꯄꯥꯠꯅ
fongba,ꯐꯣꯡꯕ
hosur,ꯍꯣꯁꯨꯔ
ichada,ꯏꯆꯥꯗ
phamjinli,ꯐꯝꯖꯤꯟꯂꯤ
tustin,ꯇꯨꯁꯇꯤꯟ
thoujaaldagi,ꯊꯧꯖꯥꯜꯗꯒꯤ
cheisingkaanglon,ꯆꯩꯁꯤꯡꯀꯥꯡꯂꯣꯟ
aenugu,ꯏꯅꯨꯒꯨ
lamb,ꯂꯝꯕ
yei,ꯌꯩ
conditioning,ꯀꯣꯟꯗꯤꯌꯅꯅꯤꯡ
yumnaksing,ꯌꯨꯝꯅꯛꯁꯤꯡ
wasudewa,ꯋꯁꯨꯗꯦꯋ
chowdhury,ꯆ꯭ꯍꯣꯙꯨꯔꯤ
ilenpung,ꯏꯂꯦꯟꯄꯨꯡ
rajendra,ꯔꯥꯖꯦꯟꯗ꯭ꯔ
thermax,ꯊꯦꯃꯔꯃ
hempstead,ꯍꯦꯝꯄ꯭꯭꯭꯭꯭꯭꯭ꯇꯦꯟꯗ
dhamane,ꯙꯃꯅꯦ
changkhraga,ꯆꯪꯈ꯭ꯔꯒꯒ
chaoraki,ꯆꯥꯎꯔꯛꯏ
harbour,ꯍꯔꯕꯧꯔꯔ
acevedo,ꯑꯦꯖꯦꯕꯦꯗꯣ
lannaduna,ꯂꯥꯟꯅꯗꯨꯅ
orange,ꯑꯣꯔꯥꯟꯒꯦ
siemens,ꯁꯤꯑꯦꯦꯟꯁ
research,ꯔꯦꯁꯤꯔꯀ
poschima,ꯄꯣꯁꯆꯤꯃꯥ
kg,ꯎꯛ
chaoshangba,ꯆꯥꯎꯁꯪꯕ
mamaasigi,ꯃꯃꯥꯁꯤꯒꯤ
mandalaygi,ꯃꯥꯟꯗꯥꯂꯥꯒꯤ
queens,ꯀ꯭ꯋꯦꯤꯟꯁ
ilaat,ꯏꯂꯥꯠ
laothokkhre,ꯂꯥꯎꯊꯣꯛꯈ꯭ꯔꯦ
infosys,ꯏꯟꯐꯣꯁꯤꯁ
chhatarpur,ꯆꯥꯇꯔꯄꯨꯔ
takhelambam,ꯇꯥꯈꯦꯜꯃꯕꯝ
sanglaba,ꯁꯪꯂꯥꯕ
kangphaalgi,ꯀꯪꯐꯥꯜꯒꯤ
makhoi,ꯃꯈꯣꯢ
channa,ꯆꯟꯅ
algerian,ꯑꯜꯒꯦꯔꯦꯁꯟ
leena,ꯂꯤꯅ
engraaji,ꯏꯪꯔꯥꯖꯤ
loubuk,ꯂꯧꯕꯨꯛ
dumka,ꯗꯨꯝꯀ
glaxosmithkline,ꯒ꯭ꯂꯥꯔꯣꯁꯃꯤꯊꯈ꯭ꯂꯤꯅꯦ
bossier,ꯕꯣꯁꯤꯑꯔ
television,ꯇꯦꯂꯦꯕꯤꯁꯟ
solomon,ꯁꯣꯂꯣꯃꯣꯟ
manassas,ꯃꯅꯥꯁꯁ
mayanglambamna,ꯃꯌꯥꯡꯂꯝꯕꯝꯅ
surabhi,ꯁꯨꯔꯚꯤ
nicobar,ꯅꯤꯀꯣꯕꯔ
ama,ꯑꯃ
bhutan,ꯚꯨꯇꯥꯟ
cross,ꯀ꯭ꯔꯣꯁꯁ
kumar,ꯀꯨꯃꯥꯔ
ashuppa,ꯑꯁꯨꯞꯄ
tampa,ꯇꯝꯄ
hinao,ꯍꯤꯅꯥꯎ
yambem,ꯌꯥꯝꯕꯦꯝ
bhiwani,ꯚꯤꯋꯥꯅꯤ
bilaspur,ꯕꯤꯂꯥꯁꯄꯨꯔ
thui,ꯊꯨꯢ
kaathoktuna,ꯀꯥꯊꯣꯛꯇꯨꯅ
bhatia,ꯚꯦꯇꯤꯌꯥ
lompoc,ꯂꯣꯝꯄꯣꯛ
vidhi,ꯚꯤꯙꯤ
yetnaba,ꯌꯦꯠꯅꯕ
electricals,ꯏꯂꯦꯛꯇ꯭ꯔꯤꯦꯜꯁꯜ
radha,ꯔꯥꯙꯥ
hexaware,ꯍꯦꯛꯋꯥꯔꯦ
panacea,ꯄꯥꯟꯁꯤꯌꯥ
sanitaryware,ꯁꯅꯅꯤꯇꯔꯤꯔ
yonkhi,ꯌꯣꯟꯈꯤ
koppula,ꯀꯣꯞꯄꯨꯂ
irvine,ꯏꯚꯕꯤꯅꯦ
erickson,ꯏꯔꯤꯛꯁꯣꯟ
mangla,ꯃꯥꯡꯂꯥ
shampubi,ꯁꯝꯄꯨꯕꯤ
moroccogi,ꯃꯣꯔꯣꯣꯛꯒꯣꯒꯤ
mahagauri,ꯃꯍꯥꯒꯥꯎꯔꯤ
sapiknu,ꯁꯥꯄꯤꯛꯅꯨ
ngaak,ꯉꯥꯛ
houraklaba,ꯍꯧꯔꯛꯂꯕ
nifumaapan,ꯅꯤꯐꯨꯃꯥꯄꯟꯟ
pheejam,ꯐꯤꯖꯝ
henson,ꯍꯦꯟꯁꯣꯟ
chandel,ꯆꯟꯗꯦꯜ
inter,ꯏꯟꯇꯔ
balkoty,ꯕꯥꯂꯀꯣꯠꯤ
yavatmal,ꯌꯥꯕꯥꯇꯦꯜ
pullapsi,ꯄꯨꯜꯂꯞꯁꯤ
ansari,ꯑꯟꯁꯥꯔꯤ
semkhi,ꯁꯦꯝꯈꯤ
mandla,ꯃꯥꯟꯂꯥ
ibungngo,ꯏꯕꯨꯡꯉꯣ
andaman,ꯑꯟꯗꯃꯥꯟ
adugirane,ꯑꯗꯨꯒꯤꯔꯥꯅꯦ
arappada,ꯑꯔꯄꯞꯄꯗ
wellington,ꯋꯦꯜꯂꯤꯡꯇꯣꯟ
porbandar,ꯄꯣꯔꯕꯥꯟꯗꯔ
thajajaba,ꯊꯥꯖꯖꯕ
apiba,ꯑꯄꯤꯕ
shivastava,ꯁꯤꯚꯁꯇꯇ
longview,ꯂꯣꯡꯚꯤꯒꯋꯨ
oiraga,ꯑꯣꯢꯔꯥꯒ
sanakhi,ꯁꯅꯥꯈꯤ
bowling,ꯕꯣꯂꯤꯤꯡ
yanakhi,ꯌꯥꯅꯈꯤ
azusa,ꯑꯓꯨꯁꯥ
livermore,ꯂꯤꯚꯔꯔꯣꯔ
pabunggi,ꯄꯥꯕꯨꯒꯤ
vysya,ꯚꯤꯁ꯭ꯌꯥ
platoga,ꯄ꯭ꯂꯇꯣꯒ
matonda,ꯃꯇꯣꯟꯗ
balcony,ꯕꯥꯜꯀꯣꯟ
ortega,ꯑꯣꯔꯇꯦꯒ
heket,ꯍꯦꯀꯦꯠ
yumnaaksing,ꯌꯨꯝꯅꯥꯛꯁꯤꯡ
bhriguvanshi,ꯚ꯭ꯔꯤꯒꯨꯚꯥꯟꯁꯤ
lampakta,ꯂꯝꯄꯥꯛꯇ
rajahmundry,ꯔꯥꯖꯍꯃꯨꯗ꯭ꯔꯤꯔꯤ
kamarhati,ꯀꯃꯔꯍꯇꯤ
dayton,ꯗꯌꯦꯇꯣꯟ
shaamu,ꯁꯥꯃꯨ
alto,ꯑꯜꯇꯣ
automation,ꯑꯎꯇꯣꯃꯥꯁꯟ
uchaan,ꯎꯆꯥꯟ
thouraangsingda,ꯊꯧꯔꯥꯡꯁꯤꯡꯗ
linni,ꯂꯤꯟꯅꯤ
infra,ꯏꯟꯐ꯭ꯔ
pruitt,ꯄ꯭ꯔꯤꯎꯠ
sirsa,ꯁꯤꯔꯁꯥ
alexandria,ꯑꯂꯦꯛꯂꯟꯗ꯭ꯔꯤꯌꯥ
waarisingda,ꯋꯥꯔꯤꯁꯤꯡꯗ
sijinnanaba,ꯁꯤꯖꯤꯟꯅꯅꯕ
media,ꯃꯦꯗꯤꯌꯥ
chhindwara,ꯆꯤꯟꯤ꯭ꯋꯥꯔ
machaani,ꯃꯆꯥꯅꯤ
laifamdagi,ꯂꯥꯢꯐꯝꯗꯒꯤ
ebirammi,ꯏꯕꯤꯔꯝꯃꯤ
highland,ꯍꯤꯒꯜꯂꯟ
theratipally,ꯊꯦꯔꯦꯇꯤꯄꯥꯜꯂꯤ
yaithing,ꯌꯥꯢꯊꯤꯡ
poupi,ꯄꯧꯄꯤ
panggansinggi,ꯄꯥꯡꯒꯟꯁꯤꯡꯒꯤ
thaa,ꯊꯥ
sen,ꯁꯦꯟ
shoppers,ꯁꯣꯄꯦꯦꯁ
jalaun,ꯖꯂꯥꯎꯟ
nagraj,ꯅꯥꯋ꯭ꯔꯖ
waarisinggi,ꯋꯥꯔꯤꯁꯤꯡꯒꯤ
governor,ꯒꯣꯚꯔꯅꯔꯔ
jamaica,ꯖꯃꯥꯢꯀ
irenpungni,ꯏꯔꯦꯟꯄꯨꯉꯅꯤ
romeoville,ꯔꯣꯃꯑꯣꯚꯤꯜꯂꯦ
kwa,ꯀ꯭ꯋꯥ
moses,ꯃꯣꯁꯦꯁ
thajanabi,ꯊꯥꯖꯅꯤ
haraobada,ꯍꯔꯥꯎꯕꯗ
elat,ꯏꯂꯥꯠ
poireitonna,ꯄꯣꯢꯔꯩꯇꯣꯟ
lengba,ꯂꯦꯡꯕ
humputara,ꯍꯨꯝꯄꯨꯇꯔꯥ
streamwood,ꯁ꯭ꯇꯦꯔꯃꯝꯋꯣꯗ
konchin,ꯀꯣꯟꯆꯤꯟ
renuka,ꯔꯦꯅꯨꯀ
panada,ꯄꯥꯅꯗ
khutmaba,ꯈꯨꯠꯃꯥꯕ
gehlot,ꯒꯦꯜꯂꯣꯠ
maningda,ꯃꯅꯤꯡꯗ
asaaba,ꯑꯁꯥꯕ
larsen,ꯂꯔꯁꯦꯟ
sintaaknabi,ꯁꯤꯟꯇꯥꯛꯅꯕꯤ
konark,ꯀꯣꯅꯔꯛ
manna,ꯃꯥꯟꯅ
johnson,ꯖꯣꯍꯟꯁꯣꯟ
thoklakpani,ꯊꯣꯛꯂꯛꯄꯅꯤ
huraallaga,ꯍꯨꯔꯥꯜꯂꯒ
hidaakloisingsi,ꯍꯤꯗꯥꯛꯂꯣꯢꯁꯤꯡꯁꯤ
sinnakhre,ꯁꯤꯟꯅꯈ꯭ꯔꯦ
kayadu,ꯀꯌꯥꯗꯨ
milolna,ꯃꯤꯂꯣꯜꯅ
cypress,ꯁꯤꯄ꯭ꯔꯦꯁ
rajesh,ꯔꯥꯖꯦꯁ
bhadouriya,ꯚꯥꯗꯧꯔꯤꯌꯥ
safu,ꯁꯥꯐꯨ
dimapurgi,ꯗꯤꯃꯥꯄꯨꯔꯒꯤ
nifumapan,ꯅꯤꯐꯨꯃꯥꯄꯟꯟ
shamu,ꯁꯃꯨ
lanjaonachingba,ꯂꯥꯟꯖꯥꯎꯅꯆꯤꯡꯕ
maannana,ꯃꯥꯟꯅꯅ
vernon,ꯚꯦꯔꯅꯣꯟ
spanish,ꯁ꯭ꯄꯦꯅꯤꯁ
oiraki,ꯑꯣꯢꯔꯛꯏ
srivastava,ꯁ꯭ꯔꯤꯀꯁꯇ
yin,ꯌꯤꯟ
bhatnagar,ꯚꯠꯅꯒꯔ
sijinnafamsi,ꯁꯤꯖꯤꯟꯅꯐꯝꯁꯤ
ithatsingda,ꯏꯊꯠꯁꯤꯡꯗ
vijayawada,ꯚꯤꯖꯥꯌꯋꯗ
salas,ꯁꯂꯥꯥꯁ
durgavanshi,ꯗꯨꯔꯒꯥꯚꯥꯟꯁꯤ
mani,ꯃꯅꯤ
ikhaa,ꯏꯈꯥ
raipur,ꯔꯥꯢꯄꯨꯔ
nula,ꯅꯨꯂꯥ
coast,ꯀꯣꯁꯠ
bara,ꯕꯔꯥ
siyaram,ꯁꯤꯌꯥꯔꯝ
godfrey,ꯒꯣꯗꯐ꯭ꯔꯦ
awangnongpokta,ꯑꯋꯥꯡꯅꯣꯡꯄꯣꯛꯇ
phungaawaarising,ꯐꯨꯉꯥꯋꯥꯔꯤꯁꯤꯡ
saogatpasida,ꯁꯥꯑꯒꯠꯄꯁꯤꯗ
fatima,ꯐꯇꯤꯃ
kapoor,ꯀꯥꯄꯣꯔ
cobalt,ꯀꯣꯕꯜꯠ
porterville,ꯄꯣꯔꯇꯦꯔꯕꯤꯜꯂꯦ
melbourne,ꯃꯦꯜꯕꯥꯔꯔꯅꯦ
senbi,ꯁꯦꯟꯕꯤ
liberty,ꯂꯤꯕꯦꯔꯇꯤ
chingshu,ꯆꯤꯡꯁꯨ
tilli,ꯇꯤꯜꯂꯤ
dibrugarh,ꯗꯤꯕ꯭ꯔꯨꯒꯔꯍ
fond,ꯐꯣꯟꯗ
sunteck,ꯁꯨꯟꯇꯦꯛ
baramula,ꯕꯔꯝꯒꯨꯂꯥ
tumlibi,ꯇꯨꯝꯂꯤꯕꯤ
katta,ꯀꯠꯇ
theinabagi,ꯊꯩꯅꯕꯒꯤꯒꯤ
mesopotamiagi,ꯃꯦꯁꯣꯄꯣꯇꯃꯤꯌꯥꯒꯤ
haibadi,ꯍꯥꯢꯕꯗꯤ
ngamkhidre,ꯉꯝꯈꯤꯗ꯭ꯔꯦ
leikhidabadagi,ꯂꯩꯈꯤꯗꯕꯗꯒꯤ
avery,ꯚꯦꯔꯔꯤ
krueger,ꯀ꯭ꯔꯨꯒꯒꯔ
thousand,ꯊꯧꯁꯟ
robins,ꯔꯣꯕꯤꯟꯁ
ithoi,ꯏꯊꯣꯢ
procter,ꯄ꯭ꯔꯣꯛꯇꯔ
karli,ꯀꯔꯂꯤ
samukol,ꯁꯃꯨꯀꯣꯜ
chico,ꯀꯤꯀꯣ
asansol,ꯑꯁꯟꯁꯣꯜ
waaheini,ꯋꯥꯍꯩꯅꯤ
tambiba,ꯇꯝꯕꯤꯕ
goa,ꯒꯣꯒꯥ
rasheed,ꯔꯁꯤꯍꯦꯜꯗ
prudential,ꯄ꯭ꯔꯨꯗꯦꯟꯇꯣꯌꯜ
udhagamandalam,ꯎꯙꯥꯒꯥꯃꯥꯗꯂꯥꯝ
anput,ꯑꯦꯟꯄꯨꯠ
tourangbam,ꯇꯧꯔꯥꯡꯕꯝ
rungta,ꯔꯨꯡꯇ
amara,ꯑꯃꯔ
lepnakhibagi,ꯂꯦꯞꯅꯈꯤꯕꯒꯤ
sakei,ꯁꯥꯀꯩ
shrivas,ꯁ꯭ꯔꯤꯚꯥꯁ
thoubalna,ꯊꯧꯕꯥꯜꯅ
chahichadadi,ꯆꯍꯤꯆꯥꯗꯗꯤ
shakkhangbidriba,ꯁꯛꯈꯪꯕꯤꯗꯤꯕ
phek,ꯐꯦꯛ
lon,ꯂꯣꯟ
yaanaba,ꯌꯥꯅꯕ
chaosangba,ꯆꯥꯎꯁꯪꯕ
chinagi,ꯆꯤꯅꯥꯒ
agdistis,ꯑꯥꯗꯤꯁꯇꯤꯁ
khumangi,ꯈꯨꯃꯥꯟꯒꯤ
teamlease,ꯇꯦꯝꯂꯦꯁꯟꯁ
chakrabortty,ꯀꯥꯛ꯭꯭ꯔꯣꯔꯠꯇꯤ
srinagar,ꯁ꯭ꯔꯤꯅꯒꯔ
yaarani,ꯌꯥꯔꯅꯤ
suchi,ꯁꯨꯆꯤ
humfutarataret,ꯍꯨꯝꯐꯨꯇꯔꯥꯇꯔꯦꯠ
attraa,ꯑꯇꯦꯇ꯭ꯔꯥ
union,ꯌꯨꯅꯤꯌꯟ
khumnaribi,ꯈꯨꯝꯅꯔꯤꯕꯤ
potfam,ꯄꯣꯠꯐꯝ
nakpada,ꯅꯛꯄꯗ
meeoi,ꯃꯤꯑꯣꯢ
fischer,ꯐꯤꯁꯤꯍꯔ
maran,ꯃꯔꯥꯟ
thindoraki,ꯊꯤꯟꯗꯣꯔꯀꯤ
shaakei,ꯁꯥꯀꯩ
thinli,ꯊꯤꯟꯂꯤ
chingburoisinggi,ꯆꯤꯡꯕꯨꯔꯣꯢꯁꯤꯡꯒꯤ
ibadubu,ꯏꯕꯗꯕꯨ
meeteisingna,ꯃꯤꯇꯩꯁꯤꯡꯅ
sajina,ꯁꯖꯤꯅ
yennei,ꯌꯦꯟꯅꯩ
laangbi,ꯂꯥꯡꯕꯤ
jalpaiguri,ꯖꯜꯄꯥꯢꯒꯒꯤꯤ
thongdagi,ꯊꯣꯡꯗꯒꯤ
phaktoklaga,ꯐꯥꯛꯇꯣꯛꯂꯒ
wilkerson,ꯋꯤꯜꯀꯦꯁꯁꯣꯟ
solotkhaipam,ꯁꯣꯂꯣꯠꯈꯥꯢꯄꯝ
papers,ꯄꯥꯄꯔꯁ
nakshatra,ꯅꯛꯁꯥ꯭ꯔ
paanpaki,ꯄꯥꯟꯄꯀꯤ
saraswatigi,ꯁꯥꯁ꯭ꯋꯇꯤꯒꯤ
chenningpaki,ꯆꯦꯟꯅꯤꯡꯄꯀꯤ
kheer,ꯈꯦꯔ
chattaba,ꯆꯠꯇꯕ
khotnabagi,ꯈꯣꯠꯅꯕꯒꯤꯒꯤ
chavez,ꯀ꯭ꯋꯦꯓꯦ
cutler,ꯀꯨꯠꯂꯦ
tripura,ꯇ꯭ꯔꯤꯄꯨꯔꯥ
khanghannaba,ꯈꯪꯍꯟꯅꯕ
varma,ꯚꯔꯃ
bugalia,ꯕꯨꯒꯥꯂꯤꯌꯥ
dwarikesh,ꯗ꯭ꯋꯥꯔꯤꯀꯦꯁ
jivani,ꯖꯤꯚꯥꯅꯤ
taylorsville,ꯇꯦꯂꯂꯔꯒꯤꯜꯂꯦ
sheithai,ꯁꯩꯊꯥꯢ
phaahoubagi,ꯐꯥꯍꯧꯕꯒꯤꯒꯤ
lairikyenbamlol,ꯂꯥꯢꯔꯤꯛꯌꯦꯟꯕꯝꯂꯣꯜ
mukherjee,ꯃꯨꯈꯦꯔꯖꯤ
world,ꯋꯣꯔꯜꯗ
thunglure,ꯊꯨꯡꯂꯨꯔꯦ
orissa,ꯑꯣꯔꯤꯁꯥ
khanthakho,ꯈꯟꯊꯈꯣ
boise,ꯕꯣꯢꯁꯦ
palamba,ꯄꯥꯂꯝꯕ
mahoney,ꯃꯍꯣꯅꯦ
ngaksennanaba,ꯉꯥꯛꯁꯦꯟꯅꯅꯕ
meeteilon,ꯃꯤꯇꯩꯂꯣꯟ
khangbidraba,ꯈꯪꯕꯤꯗ꯭ꯔꯕ
international,ꯏꯟꯇꯔꯅ
pikhi,ꯄꯤꯈꯤ
potahallu,ꯄꯣꯇꯥꯍꯜꯂꯨ
khundariba,ꯈꯨꯟꯗꯥꯔꯤꯕ
deo,ꯗꯤꯑꯣ
dungarpur,ꯗꯨꯉꯥꯥꯄꯨꯔ
rehman,ꯔꯦꯍꯃꯟ
yenthoklaba,ꯌꯦꯟꯊꯣꯛꯂꯕ
aditya,ꯑꯗꯤꯠ꯭ꯌ
gillette,ꯒꯤꯜꯂꯦꯠꯇꯦ
arshad,ꯑꯔꯁꯥꯗ
dhabi,ꯙꯕꯤ
azamgarh,ꯑꯓꯥꯝꯒꯔ
iraqta,ꯏꯔꯛꯛꯇ
welding,ꯋꯦꯜꯗꯤꯡ
dhar,ꯙꯔ
bishnupur,ꯕꯤꯁꯅꯨꯄꯨꯔ
sunnyvale,ꯁꯨꯟꯇ꯭ꯂꯦ
rajnandgaon,ꯔꯥꯖꯅꯟꯒꯎꯟꯒꯟ
marifumangaa,ꯃꯔꯤꯐꯨꯃꯉꯥ
leisangthem,ꯂꯩꯁꯪꯊꯦꯝ
benson,ꯕꯦꯟꯁꯣꯟ
cherolna,ꯆꯦꯔꯣꯜꯅ
yokhatpagi,ꯌꯣꯛꯍꯄꯒꯤ
chamba,ꯆꯝꯕ
mediterranean,ꯃꯦꯗꯤꯇꯔꯔꯦꯅꯦꯟ
sangagi,ꯁꯪꯒꯥꯒꯤ
round,ꯔꯧꯎꯟ
nasreen,ꯅꯁ꯭ꯔꯤꯌꯦꯟ
lingkhatlami,ꯂꯤꯡꯈꯠꯂꯝꯃꯤ
utilities,ꯎꯇꯤꯂꯤꯇꯤꯁ
tehri,ꯇꯦꯍ꯭ꯔꯤ
alhambra,ꯑꯜꯍꯝꯕ꯭ꯔ
mcpherson,ꯃꯦꯐꯦꯔꯁꯣꯟ
arellano,ꯑꯔꯦꯜꯂꯅꯣ
database,ꯗꯇꯥꯕꯁꯦ
fullerton,ꯐꯨꯜꯂꯦꯔꯇꯣꯟ
heisnam,ꯍꯩꯁꯅꯥꯝ
lomle,ꯂꯣꯝꯂꯦ
ocoee,ꯑꯣꯀꯣꯑꯦ
baltimore,ꯕꯥꯜꯇꯤꯃꯔꯣ
haibadagi,ꯍꯥꯢꯕꯗꯒꯤ
cochin,ꯀꯣꯆꯤꯟ
senthang,ꯁꯦꯟꯊꯪ
phouba,ꯐꯧꯕ
euro,ꯏꯨꯔꯣ
chanei,ꯆꯦꯅꯩ
thanjavur,ꯊꯥꯖꯥꯋꯨ
orchha,ꯑꯣꯔꯆꯥ
mehendale,ꯃꯦꯍꯦꯟꯗꯂꯦꯜ
ikha,ꯏꯈꯥ
danville,ꯗꯥꯟꯚꯤꯜꯂꯦ
estates,ꯏꯁꯇꯇꯦꯠꯁ
maraktasu,ꯃꯔꯛꯇꯁꯨ
loubukta,ꯂꯧꯕꯨꯛꯇ
siel,ꯁꯤꯑꯦꯜ
mahankmadaan,ꯃꯍꯥꯟꯅꯗꯥꯟ
michael,ꯃꯤꯆꯦꯜ
nodesna,ꯅꯣꯗꯦꯁꯅ
kettering,ꯀꯦꯠꯇꯔꯔꯤꯡ
minungsi,ꯃꯤꯅꯨꯡꯁꯤ
jones,ꯖꯣꯅꯦꯁ
humfunipaan,ꯍꯨꯝꯐꯨꯅꯤꯄꯥꯟ
leimaida,ꯂꯩꯃꯥꯢꯗ
estes,ꯏꯁꯇꯦꯁ
colombiagi,ꯀꯣꯂꯝꯝꯕꯤꯒꯤ
carey,ꯀꯦꯔꯦ
sweeney,ꯁ꯭ꯋꯤꯅꯦ
faraba,ꯐꯔꯕ
pradesh,ꯄ꯭ꯔꯗꯦꯁ
manipur,ꯃꯅꯤꯄꯨꯔ
khngnaraba,ꯈꯪꯅꯔꯕ
lonsingdi,ꯂꯣꯟꯁꯤꯡꯗꯤ
yumlingngi,ꯌꯨꯝꯂꯤꯡꯉꯤ
evanston,ꯏꯦꯥꯟꯁꯇꯣꯟ
marifumaapan,ꯃꯔꯤꯐꯨꯃꯥꯄꯟ
hanumangarh,ꯍꯪꯃꯥꯡꯒꯔꯍ
crest,ꯀ꯭ꯔꯦꯁꯠ
villa,ꯚꯤꯜꯂꯥ
marcos,ꯃꯔꯀꯣꯁ
ramkrishna,ꯔꯥꯝꯀ꯭ꯔꯤꯁꯅ
brahmapur,ꯕ꯭ꯔꯥꯃꯃꯄꯨꯔ
utpani,ꯎꯠꯄꯅꯤ
flint,ꯐ꯭ꯂꯦꯟꯠ
majesco,ꯃꯖꯦꯁꯀꯣ
adusu,ꯑꯗꯨꯁꯨ
maangbaraa,ꯃꯥꯡꯕꯔꯥ
eaton,ꯏꯥꯇꯣꯟ
and,ꯑꯟꯟ
reese,ꯔꯤꯁꯦ
shajik,ꯁꯖꯤꯛ
natraga,ꯅꯇ꯭ꯔꯒ
nungsiraba,ꯅꯨꯡꯁꯤꯔꯕ
yinyangsi,ꯌꯤꯟꯌꯥꯡꯁꯤ
leirese,ꯂꯩꯔꯦꯁꯦ
webb,ꯋꯦꯕꯕ
chetan,ꯆꯦꯇꯅ
vista,ꯚꯤꯁꯇ
naoshekpam,ꯅꯥꯎꯁꯦꯛꯄꯝ
polaang,ꯄꯣꯂꯥꯡ
athak,ꯑꯊꯛ
maapangi,ꯃꯥꯄꯟꯒꯤ
thaagonnaba,ꯊꯥꯒꯣꯟꯅꯕ
khaliq,ꯈꯥꯂꯤ
heishnam,ꯍꯩꯁ꯭ꯅꯥꯝ
dhindhwal,ꯙꯤꯟꯙ꯭ꯋꯦꯜ
lepkhiba,ꯂꯦꯞꯈꯤꯕ
loki,ꯂꯣꯀꯤ
davidson,ꯗꯥꯚꯤꯗꯁꯣꯟ
infobeans,ꯏꯟꯐꯣꯕꯤꯌꯟꯁ
napa,ꯅꯥꯄ
chaasi,ꯆꯥꯁꯤ
newark,ꯅꯦꯋꯥꯔꯛ
rivas,ꯔꯤꯚꯥꯁ
combs,ꯀꯝꯝꯕ
furuki,ꯐꯨꯔꯨꯀꯤ
chingshaang,ꯆꯤꯡꯁꯥꯡ
kentwood,ꯀꯦꯟꯠꯇꯥꯎꯗ
chaorammi,ꯆꯥꯎꯔꯝꯃꯤ
houba,ꯍꯧꯕ
navkar,ꯅꯥꯀꯀ
houi,ꯍꯧꯏ
yeithokkhi,ꯌꯩꯊꯣꯛꯈꯤ
faahanli,ꯐꯥꯍꯟꯂꯤ
chathallakpa,ꯆꯠꯍꯜꯂꯛꯄ
gandharigi,ꯒꯥꯟꯙꯔꯒꯤꯒꯤ
mermaidsinggi,ꯃꯦꯃꯃꯥꯗꯤꯗꯤꯡꯒꯤ
cigniti,ꯁꯤꯒꯅꯤꯇꯤ
taipangpal,ꯇꯥꯢꯄꯪꯄꯥꯜ
oracle,ꯑꯣꯔꯥꯛꯀꯜ
shaji,ꯁꯖꯤꯤ
khanlaba,ꯈꯪꯂꯕ
nongchup,ꯅꯣꯡꯆꯨꯞ
famgi,ꯐꯝꯒꯤ
thamfamni,ꯊꯝꯐꯝꯅꯤ
singha,ꯁꯤꯡꯍꯥ
rosemead,ꯔꯣꯁꯦꯃꯦꯗ
yengkhatpa,ꯌꯦꯡꯈꯠꯄ
kakwa,ꯀꯥꯀ꯭ꯋꯥ
chada,ꯆꯥꯗ
winter,ꯋꯤꯟꯇꯔ
waangkhi,ꯋꯥꯡꯈꯤ
laihuida,ꯂꯥꯢꯍꯨꯢꯗ
ayaambagi,ꯑꯌꯥꯝꯕꯒꯤ
agrahari,ꯑꯥꯔꯍꯥꯔꯔꯤ
saharan,ꯁꯍꯥꯔꯥꯟ
phenix,ꯐꯦꯅꯤꯛ
falls,ꯐꯜꯜꯁ
amadani,ꯑꯃꯗꯅꯤ
pukhrambam,ꯄꯨꯈ꯭ꯔꯝꯕꯝ
priyadarshini,ꯄ꯭ꯔꯤꯌꯥꯗꯔꯁꯤꯅꯤ
vikram,ꯚꯤꯛ꯭꯭ꯔꯝ
israel,ꯏꯁ꯭ꯔꯦꯜ
meesingni,ꯃꯤꯁꯤꯡꯅꯤ
hdfc,ꯗꯐꯦꯟ
laibakki,ꯂꯥꯢꯕꯛꯀꯤ
siyang,ꯁꯤꯌꯥꯡ
nizamat,ꯅꯤꯓꯥꯃꯠ
gopal,ꯒꯣꯄꯥꯜ
klein,ꯀ꯭ꯂꯩꯟ
kanglupna,ꯀꯥꯡꯂꯨꯞꯅ
bismarck,ꯕꯤꯁꯃꯥꯔꯀ
betul,ꯕꯦꯇꯨꯜ
khong,ꯈꯣꯡ
barman,ꯕꯔꯃꯥꯟ
fampaalda,ꯐꯝꯄꯥꯜꯗ
singtamni,ꯁꯤꯡꯇꯝꯅꯤ
simulated,ꯁꯤꯃꯨꯂꯥꯦꯠ
eastvale,ꯏꯁꯇ꯭ꯇ꯭ꯂꯦ
sovettagi,ꯁꯣꯚꯦꯠꯇꯒꯤ
freeman,ꯐ꯭ꯔꯤꯃꯦꯟ
shakhenba,ꯁꯛꯍꯦꯟꯕ
ningthijana,ꯅꯤꯡꯊꯤꯖꯅ
kenner,ꯀꯦꯟꯅꯦ
lake,ꯂꯥꯀꯦ
computerna,ꯀꯝꯄ꯭ꯇꯦꯔꯅ
waaheisingsigi,ꯋꯥꯍꯩꯁꯤꯡꯁꯤꯒꯤ
turkey,ꯇꯨꯔꯀꯦ
ebada,ꯏꯕꯗ
hourakkhare,ꯍꯧꯔꯛꯈꯔꯦ
chandler,ꯆꯟꯗꯥ꯭ꯔ
ratlam,ꯔꯥꯠꯂꯝ
laiphamsing,ꯂꯥꯢꯐꯝꯁꯤꯡ
jose,ꯖꯣꯁꯤ
ghaziabad,ꯘꯥꯓꯤꯌꯥꯗ
guwahati,ꯒꯨꯋꯥꯍꯇꯤ
aegis,ꯑꯦꯒꯤꯁ
ngakthoki,ꯉꯥꯛꯊꯣꯛꯏ
galileo,ꯒꯥꯂꯤꯂꯤꯑꯣ
sinnakhi,ꯁꯤꯟꯅꯈꯤ
airtel,ꯑꯏꯔꯦꯇꯦꯜ
dhuburi,ꯙꯨꯕꯨꯔꯤ
laanna,ꯂꯥꯟꯅ
khungi,ꯈꯨꯉꯤ
mapapu,ꯃꯄꯄꯄꯨ
eningthou,ꯏꯅꯤꯡꯊꯧ
marry,ꯃꯔꯔꯤ
burhanpur,ꯕꯨꯔꯍꯟꯄꯨꯔ
khundaba,ꯈꯨꯟꯗꯕ
pokhriyal,ꯄꯣꯈ꯭ꯔꯤꯌꯦꯜ
kohima,ꯀꯣꯍꯤꯃꯥ
thellon,ꯊꯦꯜꯂꯣꯟ
purnia,ꯄꯨꯔꯅꯤꯌꯥ
apakngada,ꯑꯄꯥꯛꯒꯗ
arena,ꯑꯔꯦꯅ
laipubam,ꯂꯥꯢꯄꯨꯕꯝ
chirang,ꯆꯤꯔꯥꯡ
adutani,ꯑꯗꯨꯇꯥꯅꯤ
mariphumanga,ꯃꯔꯤꯐꯨꯃꯉꯥ
outage,ꯑꯧꯇꯦꯖ
tinplate,ꯇꯤꯟꯂ꯭ꯂꯦ
chinggi,ꯆꯤꯡꯒꯤ
lainupa,ꯂꯥꯢꯅꯨꯄꯥ
nucleus,ꯅ꯭ꯌꯨꯀ꯭ꯂꯨꯁ
laanmeena,ꯂꯥꯟꯃꯤꯅ
asengbadi,ꯑꯁꯦꯡꯕꯗꯤ
quintero,ꯀ꯭ꯋꯤꯟꯇꯔꯔꯣ
springfield,ꯁ꯭꯭ꯄ꯭ꯔꯤꯟꯒꯤꯑꯦꯜꯗ
tayde,ꯇꯥꯦꯗꯦ
bass,ꯕꯥꯁꯁ
sada,ꯁꯥꯗ
wamang,ꯋꯥꯃꯥꯡ
lakpham,ꯂꯥꯛꯐꯝ
thaangbadi,ꯊꯥꯡꯕꯗꯤ
montebello,ꯃꯣꯟꯇꯦꯕꯦꯜꯂꯣ
sathiraba,ꯁꯥꯊꯤꯔꯕ
mandadi,ꯃꯥꯟꯗꯗꯤ
jain,ꯖꯥꯢꯟ
warahi,ꯋꯥꯔꯥꯍꯤ
dhanbad,ꯙꯪꯕꯗ
paaba,ꯄꯥꯕ
sadrisibo,ꯁꯥꯗ꯭ꯔꯤꯁꯤꯕꯣ
somany,ꯁꯣꯃꯥꯟꯤ
oiringei,ꯑꯣꯢꯔꯤꯉꯩ
sellers,ꯁꯦꯜꯂꯦꯁ
luchingduna,ꯂꯨꯆꯤꯡꯗꯨꯅ
yangoijam,ꯌꯥꯉꯣꯢꯖꯝ
yotlina,ꯌꯣꯠꯂꯤꯅ
frederick,ꯐ꯭ꯔꯦꯗꯦꯔꯤꯛ
funggawarising,ꯐꯨꯡꯒꯥꯋꯥꯔꯤꯁꯤꯡ
bhawaani,ꯚꯋꯥꯅꯤ
khandelwal,ꯈꯟꯗꯦꯜꯁꯜ
euro,ꯏꯨꯔꯣ
potlamsinggi,ꯄꯣꯠꯂꯝꯁꯤꯡꯒꯤ
shaknari,ꯁꯛꯅꯔꯤ
maheshwar,ꯃꯍꯦꯁ꯭ꯋꯔ
foro,ꯐꯣꯔꯣꯣ
kangleipakpu,ꯀꯪꯂꯩꯄꯥꯛꯄꯨ
chase,ꯆꯥꯁꯦ
kramer,ꯀ꯭ꯔꯃꯔ
nandinagari,ꯅꯥꯟꯗꯤꯅꯒꯔꯤ
sheopur,ꯁꯤꯑꯣꯄꯔ
tamlibasing,ꯇꯝꯂꯤꯕꯁꯤꯡ
balrampur,ꯕꯥꯜꯔꯝꯄꯨꯔ
skipper,ꯁꯀꯤꯞꯄꯦ
dwevedi,ꯗ꯭ꯋꯦꯕꯦꯗꯤ
fou,ꯐꯧ
mariphumaapan,ꯃꯔꯤꯐꯨꯃꯥꯄꯟ
thaapham,ꯊꯥꯐꯝ
taohuireng,ꯇꯥꯎꯈꯤꯔꯦꯡ
howe,ꯍꯣꯋꯦ
shaaphu,ꯁꯥꯐꯨ
pamjaba,ꯄꯥꯝꯖꯕ
indiabulls,ꯏꯟꯗꯤꯌꯥꯕꯜꯂꯜꯁ
honeywell,ꯍꯣꯅꯦꯁ꯭ꯋꯦꯜ
thaadoklamlaga,ꯊꯥꯗꯣꯛꯂꯝꯂꯒ
sagatlammi,ꯁꯥꯒꯠꯂꯝꯃꯤ
pong,ꯄꯣꯡ
babur,ꯕꯥꯕꯨꯔ
bareli,ꯕꯔꯦꯜꯂꯤ
cheiraochingda,ꯆꯩꯔꯥꯎꯆꯤꯡꯗ
ingraj,ꯏꯪꯔꯥꯖ
punge,ꯄꯨꯉꯦ
paanari,ꯄꯥꯅꯔꯤ
neal,ꯅꯦꯜꯜ
yaangkheinipaan,ꯌꯥꯡꯈꯩꯅꯤꯄꯥꯟ
balaji,ꯕꯂꯥꯖꯤ
chayetnagalli,ꯆꯌꯦꯠꯅꯒꯜꯂꯤ
rancho,ꯔꯥꯟꯆꯣ
tumbada,ꯇꯨꯝꯕꯗ
waaheina,ꯋꯥꯍꯩꯅ
ion,ꯏꯌꯟꯟ
emaalonbu,ꯏꯃꯥꯂꯣꯟꯕꯨ
waterloo,ꯋꯇꯦꯔꯂꯣ
uthokchaba,ꯎꯊꯣꯛꯆꯕ
cerebra,ꯁꯦꯔꯦꯕ꯭꯭ꯔ
amar,ꯑꯃꯔ
angelo,ꯑꯉꯦꯂꯣ
mayekna,ꯃꯌꯦꯛꯅ
tate,ꯇꯥꯠꯠ
paomi,ꯄꯥꯎꯃꯤ
sangrur,ꯁꯪꯒ꯭ꯔꯔ
kaanglupsigi,ꯀꯥꯡꯂꯨꯞꯁꯤꯒꯤ
latpaki,ꯂꯥꯠꯄꯀꯤ
khammam,ꯈꯝꯃꯝ
sikar,ꯁꯤꯀꯔ
madina,ꯃꯗꯤꯅ
darbhanga,ꯗꯔꯚ꯭ꯔꯪꯒ
pletoga,ꯄ꯭ꯂꯦꯇꯣꯒ
summerville,ꯁꯨꯝꯃꯔꯔꯤꯜꯂꯦ
waco,ꯋꯥꯀꯣ
waakat,ꯋꯥꯀꯠ
khatri,ꯈ꯭꯭ꯇ꯭ꯔꯤ
asamiya,ꯑꯁꯥꯃꯤꯌꯥ
phahoubagi,ꯐꯍꯧꯧꯒꯤꯒꯤ
semsaaba,ꯁꯦꯝꯁꯥꯕ
iribasingsidagi,ꯏꯔꯤꯕꯁꯤꯡꯁꯤꯗꯒꯤ
hollywood,ꯍꯣꯜꯂ꯭ꯋꯣꯗ
pothaahallu,ꯄꯣꯊꯥꯍꯜꯂꯨ
cheni,ꯆꯦꯅꯤ
adkins,ꯑꯦꯗꯤꯟꯁ
garcia,ꯒꯔꯔꯤꯤꯌꯥ
lindsey,ꯂꯤꯟꯗꯁꯦ
sumter,ꯁꯨꯝꯇꯦꯔ
makhel,ꯃꯈꯦꯜ
kampleks,ꯀꯝꯄ꯭ꯂꯦꯛꯁ
leipakna,ꯂꯩꯄꯥꯛꯅ
koukhi,ꯀꯧꯈꯤ
styrolution,ꯁ꯭ꯇꯤꯔꯣꯜꯂꯨꯟ
samaddar,ꯁꯃꯗꯗꯔ
ellison,ꯏꯂꯤꯁꯣꯟ
meetana,ꯃꯤꯇꯅ
stafford,ꯁ꯭ꯇꯦꯐꯐꯣꯔꯗ
kuantum,ꯀꯨꯟꯊꯨꯝ
raiganj,ꯔꯦꯔꯒꯟ
huntsville,ꯍꯨꯟꯁꯤꯜꯤꯂꯂ
lup,ꯂꯨꯞ
budge,ꯕꯨꯖꯒꯦ
tekhao,ꯇꯦꯛꯍꯥꯎ
pharaba,ꯐꯔꯕ
cambridge,ꯀꯝꯝ꯭꯭ꯔꯤꯕꯒꯦ
dearborn,ꯗ꯭ꯌꯦꯔꯕꯔꯔꯟ
vijayapura,ꯚꯤꯖꯥꯌꯄꯔꯥ
sadu,ꯁꯗꯨ
faridabad,ꯐꯔꯤꯗꯕꯗ
kek,ꯀꯦꯛ
tyres,ꯇ꯭ꯔꯦꯖꯁ
silchar,ꯁꯤꯜꯆꯔ
clarita,ꯀꯂꯔꯤꯇ
lishang,ꯂꯤꯁꯥꯡ
placentia,ꯄ꯭ꯂꯦꯁꯦꯟꯇꯤꯌ
ningonbu,ꯅꯤꯉꯣꯟꯕꯨ
waa,ꯋꯥ
corona,ꯀꯣꯔꯣꯅ
mittranggi,ꯃꯤꯠꯇ꯭ꯔꯪꯒꯤ
telivijan,ꯇꯦꯂꯤꯕꯤꯖꯟ
asokpa,ꯑꯁꯣꯛꯄ
bellingham,ꯕꯦꯜꯂꯤꯡꯍꯝ
koraput,ꯀꯣꯔꯥꯄꯨꯠ
oricon,ꯑꯣꯔꯤꯀꯣꯟ
changbabu,ꯆꯪꯕꯕꯨ
bengaluru,ꯕꯦꯡꯒꯥꯂꯨꯔꯨ
khullakpani,ꯈꯨꯜꯂꯥꯛꯄꯅꯤ
nupisingbu,ꯅꯨꯄꯤꯁꯤꯡꯕꯨ
echu,ꯏꯆꯨ
surfactants,ꯁꯨꯔꯐꯦꯛꯇꯟꯁ
saabinaba,ꯁꯥꯕꯤꯅꯕ
prometheus,ꯄ꯭ꯔꯣꯃꯦꯊꯤꯌ
intarnesanel,ꯏꯟꯇꯔꯅꯦꯁꯅꯦꯜ
nongthaktagi,ꯅꯣꯡꯊꯛꯇꯒꯤ
saru,ꯁꯔꯨ
mahawidya,ꯃꯍꯥꯋꯤꯗ꯭ꯌ
titansinggidamak,ꯇꯤꯇꯥꯟꯁꯤꯡꯒꯤꯗꯃꯛ
niphu,ꯅꯤꯐꯨ
malaysia,ꯃꯥꯌꯥꯁꯤꯌꯥ
wiley,ꯋꯤꯂꯦ
nongcheng,ꯅꯣꯡꯆꯦꯡ
giridih,ꯒꯤꯔꯤꯗꯤ
huerta,ꯍꯨꯑꯦꯇ
huber,ꯍꯨꯕꯦꯔ
delhi,ꯗꯦꯜꯍꯤ
braunfels,ꯕ꯭ꯔꯦꯟꯐꯦꯜꯁ
epaakachouba,ꯏꯄꯥꯀꯆꯧꯕ
bharadwaj,ꯚꯥꯔꯥ꯭ꯋꯦꯖ
singbulbu,ꯁꯤꯡꯕꯨꯜꯕꯨ
foureima,ꯐꯧꯔꯩꯃ
oaks,ꯑꯣꯛꯁ
parma,ꯄꯔꯃ
lanngamduna,ꯂꯥꯟꯉꯝꯗꯨꯅ
kashyap,ꯀꯁ꯭ꯌꯦꯞ
vatakara,ꯚꯇꯀꯔꯥ
ali,ꯑꯂꯤ
cheisu,ꯆꯩꯁꯨ
aurangabad,ꯑꯔꯔꯥꯟꯒꯗ
umang,ꯃꯃꯥꯡ
khaplamlaga,ꯈꯞꯂꯝꯂꯒ
mcdaniel,ꯃꯦꯛꯅꯤꯅꯦꯜ
itou,ꯏꯇꯧꯎ
sayongi,ꯁꯌꯣꯟꯒꯤ
vishwakarma,ꯚꯤꯁ꯭ꯋꯥꯀꯔꯃ
laiphao,ꯂꯥꯢꯐꯥꯎ
khambhat,ꯈꯝꯚꯠ
fertilizers,ꯐꯦꯔꯇꯤꯂꯤꯖꯔꯁ
saamu,ꯁꯥꯃꯨ
clifton,ꯀ꯭ꯂꯤꯞꯇꯣꯟ
longsen,ꯂꯣꯡꯁꯦꯟ
mishak,ꯃꯤꯁꯛ
sanghvi,ꯁꯪꯍꯚꯒꯤ
hanson,ꯍꯥꯟꯁꯣꯟ
tainu,ꯇꯥꯢꯅꯨ
yelhoumisingbu,ꯌꯦꯜꯍꯧꯃꯤꯁꯤꯡꯕꯨ
yatra,ꯌꯥꯇ꯭ꯔ
puraa,ꯄꯨꯔꯥ
jeffersonville,ꯖꯦꯐꯦꯔꯁꯣꯟꯚꯜꯂꯤꯂ
tanbada,ꯇꯥꯟꯕꯗ
piraku,ꯄꯤꯔꯛꯎ
salangthem,ꯁꯂꯥꯡꯊꯦꯝ
khak,ꯈꯛ
nongshaamei,ꯅꯣꯡꯁꯥꯃꯩ
taphamsang,ꯇꯥꯐꯝꯁꯪ
nongsamei,ꯅꯣꯡꯁꯃꯩ
nagalandna,ꯅꯥꯒꯥꯂꯟꯗꯟ
osmanabad,ꯑꯣꯁꯃꯅꯕꯗ
ircon,ꯏꯔꯀꯣꯟ
paambagi,ꯄꯥꯝꯕꯒꯤ
hackensack,ꯍꯥꯀꯦꯦꯁꯁꯛ
pradeshki,ꯄ꯭ꯔꯗꯦꯁꯀꯤ
organik,ꯑꯣꯔꯒꯥꯅꯤꯛ
jagtap,ꯖꯒꯇꯞ
konsillo,ꯀꯣꯟꯁꯤꯜꯂꯣ
chakmom,ꯀꯥꯃꯣꯃ
rajouri,ꯔꯥꯖꯧꯔꯤ
hendricks,ꯍꯦꯟꯗ꯭ꯔꯤꯛꯁ
madudagi,ꯃꯗꯨꯗꯒꯤ
calhoun,ꯀꯦꯜꯍꯧ
shrivas,ꯁ꯭ꯔꯤꯚꯥꯁ
hantharakpadagi,ꯍꯪꯊꯔꯛꯄꯗꯒꯤ
kaachin,ꯀꯥꯆꯤꯟ
suzlon,ꯁꯨꯖꯂꯣꯟ
monte,ꯃꯣꯟꯇꯦ
placental,ꯄ꯭ꯂꯦꯁꯦꯟꯇꯦꯜ
mechanism,ꯃꯦꯆꯅꯅꯤꯁꯝ
panari,ꯄꯅꯔꯤ
naakanlomda,ꯅꯥꯀꯟꯂꯣꯝꯗ
herbaceous,ꯍꯔꯕꯔꯀꯣꯖꯁ
yenglammi,ꯌꯦꯡꯂꯃꯃꯤ
indianapolis,ꯏꯟꯗꯤꯌꯥꯅꯄꯣꯂꯤꯁ
singam,ꯁꯤꯡꯉꯝ
nungshi,ꯅꯨꯡꯁꯤ
sinloi,ꯁꯤꯟꯂꯣꯢ
pearson,ꯄꯦꯔꯁꯣꯟ
otpi,ꯑꯣꯠꯄꯤ
koilang,ꯀꯣꯢꯂꯥꯡ
lembi,ꯂꯦꯝꯕꯤ
zydus,ꯖꯤꯗꯁ
esing,ꯏꯁꯤꯡ
surungni,ꯁꯨꯔꯨꯡꯅꯤ
atom,ꯑꯇꯣꯝ
gill,ꯒꯤꯜꯜ
sharuksing,ꯁꯔꯔꯨꯛꯁꯤꯡ
rajasthan,ꯔꯥꯖꯁꯊꯟ
covina,ꯀꯣꯕꯤꯅ
alipore,ꯑꯂꯤꯄꯣꯔꯦ
mckenzie,ꯃꯦꯀꯦꯟꯓꯥꯢ
panesar,ꯄꯅꯦꯤꯖꯔ
taaklamba,ꯇꯥꯛꯂꯝꯕ
leijadaba,ꯂꯩꯖꯗꯕ
textiles,ꯇꯦꯛꯇꯤꯂꯦꯁ
phamdengba,ꯐꯝꯗꯦꯡꯕ
mahiga,ꯃꯍꯤꯒ
apisaa,ꯑꯄꯤꯁꯥ
meditarreniyan,ꯃꯦꯗꯤꯇꯔꯔꯦꯅꯤꯌꯥꯟ
faba,ꯐꯕ
logistics,ꯂꯣꯖꯤꯁꯇꯤꯛꯁ
langbi,ꯂꯪꯕꯤ
spirits,ꯁ꯭ꯄꯤꯔꯤꯠꯁ
fahoubagi,ꯐꯥꯍꯧꯕꯒꯤ
atkinson,ꯑꯦꯛꯀꯤꯟꯁꯣꯟ
industries,ꯏꯟꯗꯁꯇ꯭ꯔꯤꯁ
israni,ꯏ꯭ꯔꯁꯅꯤꯅ
natureview,ꯅꯥꯇꯨꯔꯦꯕꯤꯋꯨ
senjeng,ꯁꯦꯟꯖꯦꯡ
chatpagi,ꯆꯠꯄꯒꯤ
jaunpur,ꯖꯥꯎꯟꯄꯨꯔ
taramna,ꯇꯔꯝꯅ
chalei,ꯆꯂꯩꯩ
ibirammi,ꯏꯕꯤꯔꯝꯃꯤ
haapchillaga,ꯍꯥꯞꯆꯤꯜꯂꯒ
grover,ꯒ꯭ꯔꯣꯚꯔ
utthokpa,ꯎꯠꯊꯣꯛꯄ
konnabadagi,ꯀꯣꯟꯅꯕꯗꯒꯤ
riverside,ꯔꯤꯚꯔꯁꯤꯗꯦ
tinley,ꯇꯤꯟꯂꯦ
meeyaamna,ꯃꯤꯌꯥꯝꯅ
algeriagi,ꯑꯜꯒꯦꯔꯤꯌꯥꯒꯤ
park,ꯄꯔꯛ
vatakara,ꯚꯇꯀꯔꯥ
khulda,ꯈꯨꯜꯗ
shamjetsabam,ꯁꯝꯖꯦꯠꯁꯥꯕꯝ
jodha,ꯖꯣꯙꯥ
monsang,ꯃꯣꯟꯁꯪ
thana,ꯊꯥꯅ
macau,ꯃꯆꯥꯎ
baliga,ꯕꯂꯤꯒ
latamni,ꯂꯥꯇꯝꯅꯤ
nakanlomda,ꯅꯀꯥꯟꯂꯝꯗ
khetnei,ꯈꯦꯠꯅꯩ
willis,ꯋꯤꯜꯂꯤꯁ
nielsen,ꯅꯤꯂꯦꯜꯁꯦꯟ
sipaigi,ꯁꯤꯄꯥꯢꯒꯤ
englandgi,ꯏꯪꯂꯟꯒꯗꯒꯤ
chingngu,ꯆꯤꯡꯉꯨ
pheesa,ꯐꯤꯁꯥ
paso,ꯄꯁꯣ
tatenen,ꯇꯦꯇꯦꯅꯦꯟ
kasera,ꯀꯁꯦꯔ
chinminnasite,ꯀꯤꯟꯃꯤꯟꯅꯁꯤꯇ
pheichom,ꯐꯩꯆꯣꯝ
shrirampur,ꯁ꯭ꯔꯤꯔꯔꯝꯄꯨꯔ
piksinkhi,ꯄꯤꯛꯁꯤꯟꯈꯤ
kungsinba,ꯀꯨꯡꯁꯤꯟꯕ
oibi,ꯑꯣꯢꯕꯤ
leipakpu,ꯂꯩꯄꯥꯛꯄꯨ
lairik,ꯂꯥꯢꯔꯤꯛ
haoreima,ꯍꯥꯎꯔꯩꯃ
kayana,ꯀꯌꯥꯅ
vasuki,ꯚꯥꯨꯀꯤ
imaalonbu,ꯏꯃꯥꯂꯣꯟꯕꯨ
samdharshni,ꯁꯝꯙꯔꯁꯅꯤ
mayekki,ꯃꯌꯦꯛꯀꯤ
laanlou,ꯂꯥꯟꯂꯧ
leandro,ꯂꯤꯌꯦꯟꯗ꯭ꯔ
khaada,ꯈꯥꯗ
ifci,ꯏꯟꯖꯤ
sheboygan,ꯁꯦꯕꯣꯒꯒꯟ
maphamsu,ꯃꯐꯝꯁꯨ
noble,ꯅꯣꯕꯂꯦ
athouba,ꯑꯊꯧꯕꯕ
sitaram,ꯁꯤꯇꯔꯥꯝ
narwar,ꯅꯔꯋꯥꯔ
intelligence,ꯏꯟꯇꯦꯜꯂꯤꯖꯦꯟꯁꯤ
laannaduna,ꯂꯥꯟꯅꯗꯨꯅ
perth,ꯄꯦꯔꯊ
nongchuptana,ꯅꯣꯡꯆꯨꯞꯇꯅ
sara,ꯁꯥꯔꯥ
leiribani,ꯂꯩꯔꯤꯕꯅꯤ
saharsa,ꯁꯍꯥꯥꯔ
jhindal,ꯓꯤꯟꯗꯥꯜ
palmer,ꯄꯥꯂꯃꯔ
madgaon,ꯃꯗꯒꯥꯎꯟ
finserv,ꯐꯤꯟꯁꯦꯔꯚ
nambol,ꯅꯝꯕꯣꯜ
lainingthou,ꯂꯥꯢꯅꯤꯡꯊꯧ
awangbagi,ꯑꯋꯥꯡꯕꯒꯤ
allsec,ꯑꯜꯜꯁꯦꯛ
stop,ꯁꯇꯣꯞꯞ
mckay,ꯃꯦꯛꯌꯥ
machaki,ꯃꯆꯥꯀꯤ
sanareina,ꯁꯅꯔꯦꯩꯅ
dhaka,ꯙꯛꯀ
baleshwar,ꯕꯂꯦꯦꯁ꯭ꯋꯥꯔ
shangleichaa,ꯁꯪꯂꯩꯆꯥ
square,ꯁ꯭ꯀꯥꯔꯦ
panthoibini,ꯄꯥꯟꯊꯣꯢꯕꯤꯅꯤ
blair,ꯕ꯭ꯂꯦꯢꯔ
kolar,ꯀꯣꯂꯥꯔ
nekhbet,ꯅꯦꯈ꯭ꯦꯠ
castro,ꯀꯥꯁꯇ꯭ꯔꯣ
lunghar,ꯂꯨꯡꯍꯔ
subex,ꯁꯨꯕꯦꯛ
ross,ꯔꯣꯁ
mayaamga,ꯃꯌꯥꯝꯒ
saunders,ꯁꯥꯎꯟꯗꯦꯔꯁ
gati,ꯒꯇꯤꯤ
changlakkhi,ꯆꯪꯂꯛꯈꯤ
electricity,ꯏꯂꯦꯛꯇ꯭ꯔꯤꯤ
niraj,ꯅꯤꯔꯥꯖ
leisupi,ꯂꯩꯁꯨꯄꯤ
balmer,ꯕꯥꯂꯦꯔ
shashan,ꯁꯁꯥ
atlantic,ꯑꯦꯠꯂꯦꯟꯇꯤꯛ
woodbury,ꯋꯣꯎꯗꯗ꯭ꯔꯔ
bellflower,ꯕꯦꯜꯝꯞꯂꯋꯔ
ningsing,ꯅꯤꯡꯁꯤꯡ
paringni,ꯄꯔꯤꯡꯅꯤ
haraobanachingbada,ꯍꯔꯥꯎꯕꯅꯆꯤꯡꯕꯗ
phaaraba,ꯐꯥꯔꯕ
saluja,ꯁꯂꯨꯖ
porompatni,ꯄꯣꯔꯣꯝꯄꯇꯠꯅꯤ
paakee,ꯄꯥꯀꯤ
kangbu,ꯀꯪꯡꯕꯨ
kumpaapada,ꯀꯨꯝꯄꯥꯄꯗ
mountain,ꯃꯧꯟꯇꯥꯟ
colorado,ꯀꯣꯂꯔꯔꯗꯣ
loupham,ꯂꯧꯐꯝ
coconut,ꯀꯣꯀꯅꯅꯨꯠ
gentry,ꯒꯦꯟꯇ꯭ꯔ
avondale,ꯑꯥꯣꯣꯟꯗꯂꯦ
enka,ꯏꯟꯀ
kun,ꯀꯨꯟ
khongthang,ꯈꯣꯡꯊꯪ
chakkouba,ꯆꯥꯛꯀꯧꯕ
paanggansinggi,ꯄꯥꯡꯒꯟꯁꯤꯡꯒꯤ
siddiqui,ꯁꯤꯗꯤꯤꯚꯒꯤ
finserv,ꯐꯤꯟꯁꯦꯔꯚ
uppal,ꯎꯞꯄꯥꯜ
khuntaalakkhi,ꯈꯨꯟꯇꯥꯂꯛꯛꯤ
surprise,ꯁꯨꯔꯄ꯭ꯔꯤꯁꯦ
varun,ꯚꯔꯨꯟ
goutam,ꯒꯧꯇꯝ
senbagi,ꯁꯦꯟꯕꯒꯤ
tangkhaida,ꯇꯪꯈꯥꯢꯗ
taiba,ꯇꯥꯢꯕ
chitradurga,ꯆꯤꯇ꯭ꯔꯦꯗꯨꯔꯒ
laanda,ꯂꯥꯟꯗ
palatine,ꯄꯥꯂꯇꯤꯅꯦꯅ
pasupuleti,ꯄꯁꯨꯄꯨꯂꯦꯠꯤ
nbcc,ꯟꯊꯛ
teleservices,ꯇꯦꯂꯦꯁ꯭ꯔꯤꯖꯁ
jeykumaran,ꯖꯦꯛꯀꯨꯃꯥꯔꯟ
awaangda,ꯑꯋꯥꯡꯗ
bend,ꯕꯦꯟꯗ
holloway,ꯍꯣꯜꯂꯋꯋ
fineotex,ꯐꯤꯅꯤꯑꯦꯁ
kupthana,ꯀꯨꯞꯊꯅ
tide,ꯇꯤꯗꯦ
dillon,ꯗꯤꯜꯂꯣꯟ
afreen,ꯑꯦꯐ꯭ꯔꯤꯌꯦꯟ
phisa,ꯐꯤꯁꯥ
patiala,ꯄꯥꯇꯤꯂꯥ
aviation,ꯚꯕꯤꯌꯦꯁꯟ
bismarck,ꯕꯤꯁꯃꯥꯔꯀ
rosario,ꯔꯣꯁꯥꯔꯤꯑꯣ
khunnung,ꯈꯨꯟꯅꯨꯡ
tenawa,ꯇꯦꯅꯥꯋ
ingkhonda,ꯏꯪꯈꯣꯟꯗ
ema,ꯏꯃꯥ
yoknaba,ꯌꯣꯛꯅꯕ
fairfield,ꯐꯥꯢꯔꯐꯤꯑꯦꯜꯗ
maynard,ꯃꯌꯥꯅꯔꯗ
lowell,ꯂꯣꯋꯦꯜ
laguna,ꯂꯥꯒꯅ
puraki,ꯄꯨꯔꯛꯏ
phouoibi,ꯐꯧꯑꯣꯢꯕꯤ
awaatapaa,ꯑꯋꯥꯄꯥ
chaipanita,ꯆꯥꯢꯄꯅꯤꯇ
toubsingnasu,ꯇꯧꯕꯤꯡꯅꯁꯨ
ngaobadouna,ꯉꯥꯎꯕꯗꯧꯅ
murshidabad,ꯃꯨꯔꯁꯤꯗꯕꯗ
dominguez,ꯗꯣꯃꯤꯡꯒꯧꯖ
pugh,ꯄꯨꯨ
koktong,ꯀꯣꯛꯇꯣꯡ
khangda,ꯈꯪꯗ
charamde,ꯆꯔꯝꯗꯦ
samjetshabam,ꯁꯝꯖꯦꯠꯁꯥꯕꯝ
heihei,ꯍꯩꯍꯩ
langjaa,ꯂꯪꯡꯖꯥ
thabaksing,ꯊꯥꯕꯥꯛꯁꯤꯡ
foseco,ꯐꯣꯁꯦꯀꯣ
madhya,ꯃꯥꯙ꯭ꯌ
khngle,ꯈꯨꯜꯂꯦ
maanna,ꯃꯥꯟꯅ
yong,ꯌꯣꯡ
sangareddi,ꯁꯥꯥꯔꯦꯗꯗꯤ
chaada,ꯆꯥꯗ
tamlaba,ꯇꯝꯂꯕ
pebet,ꯄꯦꯕꯦꯠ
colton,ꯀꯣꯂꯇꯣꯟ
khubak,ꯈꯨꯕꯥꯛ
awasthi,ꯑꯋꯁꯇꯤ
nadaf,ꯅꯥꯗꯐ
tamjakhibadugi,ꯇꯝꯖꯈꯤꯕꯗꯨꯒꯤ
kanbiheiba,ꯀꯟꯕꯤꯍꯩꯕ
paangdaba,ꯄꯥꯡꯗꯕ
shrivastava,ꯁ꯭ꯔꯤꯚꯥꯁꯇ
complex,ꯀꯝꯄ꯭ꯂꯦꯛ
begum,ꯕꯦꯒꯨꯝ
heikru,ꯍꯩꯀ꯭ꯔꯨ
lupagi,ꯂꯨꯄꯒꯤ
madala,ꯃꯥꯗꯥꯥꯥ
machaakhaiba,ꯃꯆꯥꯈꯥꯢꯕ
texmaco,ꯇꯦꯛꯃꯆꯣ
jharkhand,ꯓꯥꯔꯈꯪ
supply,ꯁꯨꯞꯞ꯭ꯂꯤ
takpiramba,ꯇꯥꯛꯄꯤꯔꯝꯕ
beard,ꯕꯤꯔꯔꯗ
ngareima,ꯉꯥꯔꯩꯃ
behura,ꯕꯤꯍꯨꯔ
kangpa,ꯀꯪꯄ
machilipatnam,ꯃꯆꯤꯂꯤꯄꯥꯠꯅꯝ
bonilla,ꯕꯣꯅꯤꯜꯂꯥ
lakhimpur,ꯂꯥꯈꯤꯝꯄꯨꯔ
masingdagi,ꯃꯁꯤꯡꯗꯒꯤ
datacom,ꯗꯥꯇꯀꯣꯝ
larson,ꯂꯔꯁꯣꯟ
kolhapur,ꯀꯣꯜꯍꯥꯄꯨꯔ
souza,ꯁꯧꯓꯥ
randall,ꯔꯥꯟꯗꯜꯜ
panaana,ꯄꯅꯥꯅ
chouhan,ꯆꯥꯍꯥ
knoxville,ꯛꯅꯣꯛꯕꯤꯜꯂꯦ
kumhou,ꯀꯨꯝꯍꯧ
rawlani,ꯔꯥꯋꯥꯦꯅꯤ
paalli,ꯄꯥꯜꯂꯤ
shingh,ꯁꯤꯡꯍꯤ
kanaanasu,ꯀꯅꯥꯅꯁꯨ
lousing,ꯂꯧꯁꯤꯡ
kadapa,ꯀꯥꯗꯄ
shaktuna,ꯁꯛꯇꯨꯅ
arvada,ꯑꯚꯚꯗ
keshri,ꯀꯦꯁ꯭ꯔꯤ
khundaaba,ꯈꯨꯟꯗꯥꯕ
thaajanabigi,ꯊꯥꯖꯅꯕꯤꯒꯤ
aying,ꯑꯌꯤꯡ
taraamangaa,ꯇꯔꯥꯃꯉꯥ
kerala,ꯀꯦꯔꯂꯥ
mahabaleshwar,ꯃꯍꯥꯕꯂꯦꯁ꯭ꯋꯔ
toledo,ꯇꯣꯂꯦꯗꯣ
magana,ꯃꯥꯒꯅ
kaangbagi,ꯀꯥꯡꯕꯒꯤ
denver,ꯗꯦꯟꯚꯔ
chathang,ꯆꯠꯊ
amunet,ꯑꯃꯨꯅꯦꯠ
muthoot,ꯃꯨꯊꯣꯑꯣꯠ
phurit,ꯐꯨꯔꯤꯠ
giri,ꯒꯤꯔꯤ
panglubadagi,ꯄꯥꯡꯂꯨꯕꯗꯒꯤ
lappa,ꯂꯥꯞꯄ
wockhardt,ꯋꯣꯛꯈꯔꯗ
pumnamakpu,ꯄꯨꯝꯅꯃꯛꯄꯨ
laiyamsingni,ꯂꯥꯢꯌꯥꯝꯁꯤꯡꯅꯤ
manga,ꯃꯥꯥ
pheesaa,ꯐꯤꯁꯥ
laiyon,ꯂꯥꯢꯌꯣꯟ
phongba,ꯐꯣꯡꯕ
paangli,ꯄꯥꯡꯂꯤ
vaishnavi,ꯚꯥꯢꯁꯥꯥꯚꯤ
nipaal,ꯅꯤꯄꯥꯜ
farabani,ꯐꯔꯕꯕꯅꯤ
jharia,ꯓꯥꯔꯤꯌꯥ
victorville,ꯚꯤꯛꯇꯣꯔꯤꯜꯂꯦ
phaogatlakliba,ꯐꯥꯎꯒꯠꯂꯛꯂꯤꯕ
pompi,ꯄꯣꯝꯄꯤ
joliet,ꯖꯣꯂꯤꯤꯠ
meriden,ꯃꯦꯔꯤꯗꯦꯟ
simon,ꯁꯤꯃꯣꯟ
hotnari,ꯍꯣꯠꯅꯔꯤ
para,ꯄꯔꯥ
yaobagi,ꯌꯥꯎꯕꯒꯤ
maannari,ꯃꯥꯟꯅꯔꯤ
pangthokkhiba,ꯄꯥꯡꯊꯣꯛꯈꯤꯕ
tonk,ꯇꯣꯟ
misou,ꯃꯤꯁꯧ
linde,ꯂꯤꯟꯗꯦ
keithel,ꯀꯩꯊꯦꯜ
negi,ꯅꯦꯒꯒꯤ
kainakhibasi,ꯀꯥꯢꯅꯈꯤꯕꯁꯤ
kubi,ꯀꯨꯕꯤ
everest,ꯏꯦꯕꯔꯦꯁꯠ
christensen,ꯀ꯭ꯔꯤꯁꯤꯁꯦꯟꯁꯦꯟ
tamkhi,ꯇꯝꯈꯤ
cook,ꯀꯣꯑꯣꯛ
bistagond,ꯕꯤꯁꯇꯒꯣꯟ
mexico,ꯃꯦꯛꯁꯤꯀꯣ
engines,ꯏꯪꯏꯅꯦꯁ
lugo,ꯂꯨꯒꯣ
huinao,ꯍꯨꯢꯅꯥꯎ
kuina,ꯀꯨꯢꯅ
junction,ꯖꯨꯟꯆꯇꯦꯟ
territorysing,ꯇꯦꯔꯤꯇꯣꯔꯤꯁꯤꯡ
ngasishu,ꯉꯥꯁꯤꯁꯨ
neon,ꯅꯤꯑꯣꯟ
duke,ꯗꯨꯀꯦ
waatkani,ꯋꯥꯠꯀꯅꯤ
meeyaanchaa,ꯃꯤꯌꯥꯟꯆꯥ
bannari,ꯕꯥꯟꯅꯔꯤ
paokhum,ꯄꯥꯎꯈꯨꯝ
enunglon,ꯏꯅꯨꯡꯂꯣꯟ
lakeland,ꯂꯀꯦꯂꯦꯟ
polang,ꯄꯣꯂꯥꯡ
failen,ꯐꯥꯢꯂꯦꯟ
laatnaba,ꯂꯥꯠꯅꯕ
khullakpi,ꯈꯨꯜꯂꯥꯛꯄꯤ
machaaduna,ꯃꯆꯥꯗꯨꯅ
veraval,ꯚꯦꯔꯥꯚ
kodaikanal,ꯀꯣꯗꯥꯢꯀꯅ
warwick,ꯋꯥꯋꯋꯤꯛ
haapnaba,ꯍꯥꯞꯅꯕ
seilon,ꯁꯩꯂꯣꯟ
tangirala,ꯇꯥꯟꯒ꯭ꯔꯂꯥ
yade,ꯌꯥꯗꯦ
cheisingkanglon,ꯆꯩꯁꯤꯡꯀꯥꯡꯂꯣꯟꯒꯟ
fertilisers,ꯐꯦꯔꯇꯤꯂꯤꯁꯔꯁ
ethoi,ꯏꯊꯣꯢ
bhubaneshwari,ꯚꯨꯕꯅꯦꯁ꯭ꯋꯥꯔꯤ
vaishnavi,ꯚꯥꯢꯁꯥꯥꯚꯤ
bullhead,ꯕꯨꯜꯍꯦꯗ
karnataka,ꯀꯔꯅꯇꯀ
bramha,ꯕ꯭ꯔꯝꯍꯥ
poklakkani,ꯄꯣꯛꯂꯛꯀꯅꯤ
schaeffler,ꯁꯦꯀꯦꯐꯦꯐꯂꯔ
datia,ꯗꯥꯇꯤꯌꯥ
meihouloldagi,ꯃꯩꯍꯧꯂꯣꯜꯗꯒꯤ
kaanaba,ꯀꯥꯅꯕ
investments,ꯏꯟꯚꯦꯁꯇꯦꯟꯁ
cunningham,ꯀꯨꯟꯅꯤꯡꯍꯝ
patan,ꯄꯥꯇꯥꯟ
houdabani,ꯍꯧꯗꯕꯅꯤ
sabinaba,ꯁꯥꯕꯤꯅꯕ
fitzgerald,ꯐꯤꯐꯒ꯭ꯦꯔꯜꯗ
thaadorakpa,ꯊꯥꯗꯣꯔꯛꯄ
leiramba,ꯂꯩꯔꯝꯕ
russo,ꯔꯨꯁꯣꯣ
lynch,ꯂꯤꯟꯆꯨ
mapuk,ꯃꯄꯨꯛ
matungdadi,ꯃꯇꯨꯡꯗꯗꯤ
mapuki,ꯃꯄꯨꯀꯤ
yenba,ꯌꯦꯟꯕ
nipal,ꯅꯤꯄꯥꯜ
visaka,ꯚꯤꯁꯛ
paokhong,ꯄꯥꯎꯈꯣꯡ
laanthoklaga,ꯂꯥꯟꯊꯣꯛꯂꯒ
uraki,ꯎꯔꯛꯏ
samjinnabasu,ꯁꯝꯖꯤꯟꯅꯕꯁꯨ
thafam,ꯊꯥꯐꯝ
urikhinbam,ꯎꯔꯤꯈꯤꯟꯕꯝ
somerville,ꯁꯣꯝꯔꯦꯕꯤꯜꯂꯦ
suven,ꯁꯨꯖꯦꯟ
indusind,ꯏꯟꯗꯨꯁꯤꯟꯗ
sheppard,ꯁꯦꯞꯄꯥꯔꯗ
bluffs,ꯕ꯭ꯂꯨꯟꯠ
sintaakhansingna,ꯁꯤꯟꯇꯥꯈꯪꯁꯤꯡꯅ
yaobara,ꯌꯥꯎꯕꯔ
leining,ꯂꯩꯅꯤꯡ
krishnanagar,ꯀ꯭ꯔꯤꯁꯅꯅꯒꯒ
apaakpa,ꯑꯄꯥꯛꯄ
pudukkottai,ꯄꯨꯗꯨꯛꯀꯇꯇꯥꯢ
beavercreek,ꯕꯤꯚꯚꯔ
meeoisinggi,ꯃꯤꯑꯣꯢꯁꯤꯡꯒꯤ
sinlon,ꯁꯤꯟꯂꯣꯟ
houdri,ꯍꯧꯗ꯭ꯔꯤ
matamduda,ꯃꯇꯝꯗꯨꯗ
phaaba,ꯐꯥꯕ
khongthaangda,ꯈꯣꯡꯊꯥꯡꯗ
roberts,ꯔꯣꯕꯦꯔꯠꯁ
maanglubadagi,ꯃꯥꯡꯂꯨꯕꯗꯒꯤ
areinu,ꯑꯔꯩꯅꯨ
stevenson,ꯁꯇꯦꯦꯕꯦꯁꯟꯣꯟ
sura,ꯁꯨꯔ
matamchuppa,ꯃꯇꯝꯆꯨꯞꯄ
doda,ꯗꯣꯗꯥ
aribini,ꯑꯔꯤꯕꯤꯅꯤ
ningthousing,ꯅꯤꯡꯊꯧꯁꯤꯡ
banki,ꯕꯥꯟꯀꯤ
paints,ꯄꯥꯢꯟꯁ
gulf,ꯒꯨꯜꯐ
ataher,ꯑꯇꯥꯦꯔ
lanpung,ꯂꯥꯟꯄꯨꯡ
finley,ꯐꯤꯟꯂꯦ
nagercoil,ꯅꯦꯒꯦꯔꯀꯣꯢ
chelsea,ꯀꯦꯜꯁꯦꯁ
bandhan,ꯕꯥꯟꯊꯟ
microscopetagi,ꯃꯤꯢ꯭꯭꯭꯭꯭ꯇꯣꯁꯣꯀꯣꯄꯇꯒꯤ
leijaba,ꯂꯩꯖꯕ
lupaagi,ꯂꯨꯄꯥꯒꯤ
historyda,ꯍꯤꯁꯇꯣꯔꯤꯗ
fimuna,ꯐꯤꯃꯨꯅ
young,ꯌꯧꯎꯡ
ion,ꯏꯌꯟꯟ
hairadi,ꯍꯥꯢꯔꯗꯤ
ayaambada,ꯑꯌꯥꯝꯕꯗ
laison,ꯂꯥꯢꯁꯣꯟ
solara,ꯁꯣꯂꯔ
nahanbani,ꯅꯍꯥꯟꯕꯅꯤ
suresh,ꯁꯨꯔꯦꯁ
cheinap,ꯆꯩꯅꯞ
thourangsingda,ꯊꯧꯔꯥꯡꯁꯤꯡꯗ
handokpagi,ꯍꯥꯗꯣꯣꯄꯒꯤ
ngakpa,ꯉꯥꯛꯄ
waangu,ꯋꯥꯉꯨ
apakmaa,ꯑꯄꯛꯃꯥ
chawla,ꯆꯋꯦ
nepit,ꯅꯦꯄꯤꯠ
forest,ꯐꯣꯔꯦꯁꯠ
kuna,ꯀꯨꯅ
srivastava,ꯁ꯭ꯔꯤꯀꯁꯇ
shaffer,ꯁꯥꯐꯦ
parween,ꯄꯥꯔꯋꯤꯌꯦꯟ
sanaaleipaak,ꯁꯅꯥꯂꯩꯄꯥꯛ
ekhaa,ꯏꯈꯥ
frenchki,ꯐ꯭ꯔꯦꯟꯀꯤ
saathina,ꯁꯥꯊꯤꯅ
indiaga,ꯏꯟꯗꯤꯌꯥꯒ
mayekpu,ꯃꯌꯦꯛꯄꯨ
omaxe,ꯑꯣꯃꯥꯁ
annapolis,ꯑꯟꯅꯥꯄꯣꯂꯤꯁ
thiruvananthapuram,ꯊꯤꯔꯨꯚꯅꯅꯊꯟꯄꯨꯔ
machaanipaa,ꯃꯆꯥꯅꯤꯄꯥ
greene,ꯒ꯭ꯔꯤꯅꯦ
hourakphamni,ꯍꯧꯔꯛꯐꯝꯅꯤ
perses,ꯄꯦꯁꯤꯁ
kahenna,ꯀꯥꯍꯦꯟꯅ
bano,ꯕꯅꯣ
coleman,ꯀꯣꯂꯦꯃꯟ
himadri,ꯍꯤꯃꯗ꯭ꯔꯤ
pattnaik,ꯄꯥꯠꯅꯥꯢ
skuldagi,ꯁꯨꯜꯗꯒꯤ
kaagi,ꯀꯥꯒꯤ
yekkhotpa,ꯌꯦꯛꯈꯣꯠꯄ
uriba,ꯎꯔꯤꯕ
ningthamgi,ꯅꯤꯡꯊꯝꯒꯤ
veda,ꯚꯦꯗ
just,ꯖꯨꯁꯠ
houtokpikhipa,ꯍꯧꯇꯣꯛꯄꯤꯈꯤꯄ
chaoraba,ꯆꯥꯎꯔꯕ
naosekpam,ꯅꯥꯎꯁꯦꯛꯄꯝ
phaba,ꯐꯥꯕ
birbahugi,ꯕꯤꯔꯕꯍꯨꯒꯤ
kashmir,ꯀꯁ꯭ꯃꯤꯔ
glendale,ꯒ꯭ꯂꯦꯟꯗꯂꯦꯦ
calumet,ꯀꯂꯂꯨꯃꯦꯠ
kwaa,ꯀ꯭ꯋꯥ
sat,ꯁꯠ
mingchat,ꯃꯤꯡꯆꯠ
seattle,ꯁ꯭ꯌꯦꯠꯠꯂ
clair,ꯀ꯭ꯂꯥꯢꯔ
cuttack,ꯀꯨꯠꯇꯦꯛ
kollam,ꯀꯣꯜꯂꯝ
badami,ꯕꯥꯗꯃꯤ
changnaba,ꯆꯪꯅꯕ
balaghat,ꯕꯂꯥꯥꯍꯠ
lilagi,ꯂꯤꯂꯥꯒꯤ
taibangjam,ꯇꯥꯢꯕꯪꯖꯝ
nongthak,ꯅꯣꯡꯊꯛ
khunggang,ꯈꯨꯡꯒꯪ
nagari,ꯅꯒꯔꯤ
kalaburagi,ꯀꯂꯥꯕꯨꯔꯥꯒꯤ
navadurga,ꯅꯥꯗꯗꯨꯔꯒ
keina,ꯀꯩꯅ
varma,ꯚꯔꯃ
olympic,ꯑꯣꯂꯤꯝꯄꯤꯛ
zavala,ꯓꯥꯚꯥꯥꯥ
burch,ꯕꯣꯔꯆ
pakhangbagi,ꯄꯥꯈꯪꯕꯒꯤ
laishangda,ꯂꯥꯢꯁꯪꯗ
petra,ꯄꯦꯇ꯭ꯔ
tanla,ꯇꯥꯟꯂ
boca,ꯕꯣꯀꯥ
uzbeki,ꯎꯖꯕꯦꯀꯤ
massey,ꯃꯁꯦꯁꯦ
sagar,ꯁꯥꯒꯔ
nganna,ꯉꯥꯟꯅ
thengnabagi,ꯊꯦꯡꯅꯕꯒꯒꯤ
hornbill,ꯍꯣꯔꯟꯕꯤꯜꯂꯤ
sangli,ꯁꯪꯂꯤ
mumbai,ꯃꯨꯝꯕꯥꯢ
atri,ꯑꯇ꯭ꯔꯤ
yenakhaa,ꯌꯦꯅꯀꯥ
yannanaba,ꯌꯥꯟꯅꯅꯕ
loinaduna,ꯂꯣꯢꯅꯗꯨꯅ
poway,ꯄꯥꯋꯥ
sonipat,ꯁꯣꯅꯤꯄꯥꯠ
anakpa,ꯑꯅꯛꯄ
muniswara,ꯃꯨꯅꯤꯁ꯭ꯋꯔ
panaani,ꯄꯅꯥꯅꯤ
chingsaangsingna,ꯆꯤꯡꯁꯥꯡꯁꯤꯡ
mirza,ꯃꯤꯔꯓꯥ
paandam,ꯄꯥꯟꯗꯝ
onhanduna,ꯑꯣꯟꯍꯟꯗꯨꯅ
kumsinba,ꯀꯨꯝꯁꯤꯟꯕ
hermitagegi,ꯍꯔꯃꯤꯩꯇꯦꯖꯩꯒꯤ
dublin,ꯗꯨꯕ꯭꯭ꯂꯤꯟ
state,ꯁ꯭ꯇꯦꯠ
wathore,ꯋꯥꯊꯣꯣꯔ
tumhanbagi,ꯇꯨꯝꯍꯟꯕꯒꯤ
waangbadu,ꯋꯥꯡꯕꯗꯨ
samjetsabam,ꯁꯝꯖꯦꯠꯁꯥꯕꯝ
huhtamaki,ꯍꯨꯠꯇꯃꯀꯤ
sundram,ꯁꯨꯟꯗ꯭ꯔꯝ
meenungsi,ꯃꯤꯅꯨꯡꯁꯤ
pullaba,ꯄꯨꯜꯂꯕ
mangaluru,ꯃꯥꯥꯒꯂꯨꯔꯨ
dohrey,ꯗꯣꯍ꯭ꯔꯦ
pal,ꯄꯥꯜ
sakminnabagi,ꯁꯛꯃꯤꯟꯅꯕꯒꯒꯤ
chhateja,ꯆꯥꯇꯦꯖ
raykar,ꯔꯤꯀꯥꯥꯔ
hajipur,ꯍꯥꯖꯤꯄꯨꯔ
haappaga,ꯍꯥꯞꯄꯒ
vakrangee,ꯚꯥꯀ꯭ꯔꯪꯤꯤ
suffolk,ꯁꯨꯐꯣꯜꯛ
sheisak,ꯁꯩꯁꯛ
refractories,ꯔꯦꯐ꯭ꯔꯦꯇꯣꯔꯤꯁ
naothingkhong,ꯅꯥꯎꯊꯤꯡꯈꯣꯡ
homerna,ꯍꯣꯃꯔꯅ
saafu,ꯁꯥꯐꯨ
seide,ꯁꯩꯗꯦ
samu,ꯁꯃꯨ
yenthokpagi,ꯌꯦꯟꯊꯣꯛꯄꯒꯤ
salaichasingga,ꯁꯂꯥꯢꯆꯁꯤꯡꯒ
gangte,ꯒꯪꯡꯇꯦ
prakash,ꯄ꯭ꯔꯀꯥꯁ
lee,ꯂꯤ
benitez,ꯕꯦꯅꯤꯇꯦꯖ
yukren,ꯌꯨꯀ꯭ꯔꯦꯟ
salt,ꯁꯜꯠ
amangsang,ꯑꯃꯪꯁꯪ
iningthou,ꯏꯅꯤꯡꯊꯧ
baharampur,ꯕꯍꯥꯔꯥꯄꯨꯔ
touminnabagi,ꯇꯧꯃꯤꯟꯅꯕꯒꯒꯤ
tangadabani,ꯇꯥꯉꯗꯕꯅꯤ
lio,ꯂꯤꯑꯣ
hangchit,ꯍꯥꯡꯆꯤꯠ
dalhousie,ꯗꯥꯍꯍꯧꯁꯤꯑꯦ
sinthaa,ꯁꯤꯟꯊꯥ
thi,ꯊꯤ
paamnakhiba,ꯄꯥꯝꯅꯈꯤꯕ
udhampur,ꯎꯙꯝꯄꯨꯔ
maangpa,ꯃꯥꯡꯄ
santana,ꯁꯟꯇꯅ
ayambagi,ꯑꯌꯥꯝꯕꯒꯤ
patterson,ꯄꯥꯇꯔꯔꯁꯣꯟ
chenhanba,ꯆꯦꯟꯍꯟꯕ
kailashahar,ꯀꯥꯢꯂꯁꯥꯔ
balmiki,ꯕꯥꯝꯤꯤꯀꯤ
saathiraba,ꯁꯥꯊꯤꯔꯕ
organ,ꯑꯣꯔꯒꯥꯟ
punjab,ꯄꯨꯟꯖꯕ
headquarter,ꯍꯤꯗꯀ꯭ꯋꯔ
meeyamna,ꯃꯤꯌꯥꯝꯅ
belkoni,ꯕꯦꯜꯀꯣꯅꯤ
potpham,ꯄꯣꯠꯐꯝ
wasif,ꯋꯥꯁꯤꯞ
kouraba,ꯀꯧꯔꯕ
pope,ꯄꯣꯄꯦ
choudhary,ꯆꯥꯗꯙ꯭ꯔꯤ
kangleipaakpu,ꯀꯪꯂꯩꯄꯥꯛꯄꯨ
soto,ꯁꯣꯇꯣ
sanaareina,ꯁꯅꯥꯔꯩꯅ
pambigi,ꯄꯥꯝꯕꯤꯒꯤ
underwood,ꯌꯨꯟꯗ꯭ꯔꯣꯎ
primate,ꯄ꯭ꯔꯤꯃꯦꯠ
laknage,ꯂꯥꯛꯄꯒꯦ
isuzu,ꯏꯁꯨꯖꯨ
hakki,ꯍꯥꯛꯀꯤ
pambisingna,ꯄꯥꯝꯕꯤꯁꯤꯡꯅ
irvine,ꯏꯚꯕꯤꯅꯦ
meishaa,ꯃꯩꯁꯥ
parrish,ꯄꯔꯤꯁꯁ
romda,ꯔꯣꯝꯗ
ashley,ꯑꯁꯦꯂꯦ
mamaangngeigi,ꯃꯃꯥꯡꯉꯩꯒꯤ
lawrie,ꯂꯋ꯭ꯔ꯭ꯔ
bhushan,ꯚꯨꯁꯥꯟ
special,ꯁ꯭ꯄꯦꯁꯤꯌꯦꯜ
seamec,ꯁꯦꯃꯦꯦꯛ
niwajgi,ꯅꯤꯋꯥꯖꯒꯤ
gaikwad,ꯒꯥꯢꯀ꯭ꯋꯥ
fare,ꯐꯔꯦ
tingthoktuna,ꯇꯤꯡꯊꯣꯛꯇꯨꯅ
jersey,ꯖꯦꯔꯁꯦ
laiyek,ꯂꯥꯢꯌꯦꯛ
dhatu,ꯙꯥꯇꯨ
artifact,ꯑꯥꯔꯇꯤꯐꯦꯛꯛ
costa,ꯀꯣꯁꯇ
ngashishu,ꯉꯁꯤꯁꯨ
bhagalpur,ꯚꯥꯒꯜꯄꯨꯔ
lansinggi,ꯂꯥꯟꯁꯤꯡꯒꯤ
rameswaram,ꯔꯃꯦꯁ꯭ꯋꯥꯝ
dev,ꯗꯦꯜ
ahuja,ꯑꯍꯨꯖ
semlakpa,ꯁꯦꯝꯂꯛꯄ
global,ꯒ꯭ꯂꯣꯕꯂ
ningthourelni,ꯅꯤꯡꯊꯧꯔꯦꯜꯅꯤ
dart,ꯗꯥꯔꯠ
samtharaktanaba,ꯁꯝꯊꯔꯛꯇꯅꯕ
amuksu,ꯑꯃꯨꯛꯁꯨ
chaurasiya,ꯆꯥꯎꯔꯁꯤꯌ
panana,ꯄꯅꯥꯅ
sandorakpadagi,ꯁꯟꯗꯣꯣꯛꯄꯗꯒꯤ
konlaga,ꯀꯣꯟꯂꯒ
europeki,ꯏꯌꯨꯔꯣꯄꯦꯀ
buxar,ꯕꯨꯀꯔ
narsinghgarh,ꯅꯔꯁꯤꯡꯍꯒꯔꯒꯔ
feichom,ꯐꯩꯆꯣꯝ
giles,ꯒꯤꯂꯦꯁ
dialect,ꯗꯤꯑꯦꯦꯛ
sathina,ꯁꯥꯊꯤꯅ
uttar,ꯎꯠꯇꯔ
amazon,ꯑꯃꯥꯓꯣꯟ
leiminnahankhi,ꯂꯩꯃꯤꯟꯅꯍꯟꯈꯤ
chanipanga,ꯆꯥꯅꯤꯄꯥꯟꯒ
dadra,ꯗꯗ꯭ꯔ
waheina,ꯋꯥꯍꯩꯅ
debita,ꯗꯦꯕꯤꯇ
sophia,ꯁꯣꯐꯤꯌꯥ
mishra,ꯃꯤꯁ꯭ꯔ
heal,ꯍꯦꯂꯜ
thaina,ꯊꯥꯢꯅ
hourakpa,ꯍꯧꯔꯛꯄ
ireland,ꯏꯔꯦꯂꯦꯟ
enid,ꯏꯅꯤꯟ
naiba,ꯅꯥꯢꯕ
fluorine,ꯐ꯭ꯂꯣꯔꯔꯤꯅꯦ
hoshangabad,ꯍꯣꯁꯥꯉꯥꯗ
sayreville,ꯁꯦꯔꯦꯚ꯭ꯔꯤꯜꯂꯦ
dispur,ꯗꯤꯁꯄꯨꯔ
virani,ꯚꯤꯔꯥꯅꯤ
serrano,ꯁꯦꯔꯔꯥꯅꯣ
seishak,ꯁꯩꯁꯛ
floyd,ꯐ꯭ꯂꯣꯟ
kokfaigi,ꯀꯣꯛꯐꯥꯒꯤ
sakolpan,ꯁꯥꯀꯣꯜꯄꯟ
waatli,ꯋꯥꯠꯂꯤ
meenungshi,ꯃꯤꯅꯨꯡꯁꯤ
melton,ꯃꯦꯜꯇꯣꯟ
paaraa,ꯄꯥꯔꯥ
turelni,ꯇꯨꯔꯦꯜꯅꯤ
kushwaha,ꯀꯨꯁ꯭ꯋꯥ
ngashepam,ꯉꯥꯁꯦꯄꯝ
lanlou,ꯂꯥꯟꯂꯧ
hurley,ꯍꯨꯔꯂꯦ
maheshwari,ꯃꯍꯦꯁ꯭ꯋꯥꯔꯤ
jamshedpur,ꯖꯝꯁꯦꯗꯄꯨꯔ
maun,ꯃꯥꯎꯟ
tamfamshang,ꯇꯝꯐꯝꯁꯪ
poly,ꯄꯣꯂꯤ
weymouth,ꯋꯦꯃꯣꯧꯊ
agarawal,ꯑꯒꯔꯋꯋꯜ
cotton,ꯀꯣꯠꯇꯣꯟ
centro,ꯁꯦꯟꯇ꯭ꯔꯣ
zinc,ꯓꯤꯟ
corp,ꯀꯣꯔꯄꯦ
kanaba,ꯀꯅꯕ
tilakpur,ꯇꯤꯂꯛꯄꯔ
phaaktoklaga,ꯐꯥꯛꯇꯣꯛꯂꯒ
keshari,ꯀꯦꯁꯥꯔꯤ
desabathula,ꯗꯦꯁꯥꯕꯊꯨꯂ
lirammi,ꯂꯤꯔꯝꯃꯤ
gaya,ꯒꯌꯥ
thongbasingna,ꯊꯣꯡꯕꯁꯤꯡꯅ
jelly,ꯖꯦꯜꯂꯤ
krishna,ꯀ꯭ꯔꯤꯁꯅ
prasad,ꯄ꯭ꯔꯁꯥꯗ
nagpur,ꯅꯥꯄꯨ
saadrisibo,ꯁꯥꯗ꯭ꯔꯤꯁꯤꯕꯣ
shruti,ꯁ꯭ꯔꯨꯇꯤ
leimajam,ꯂꯩꯃꯖꯝ
gonda,ꯒꯣꯟꯗ
touri,ꯇꯧꯔꯤ
beaverton,ꯕꯦꯔꯦꯕꯔꯔꯣꯣꯟ
johns,ꯖꯣꯍꯟꯁ
nabha,ꯅꯕꯔ
yaoriba,ꯌꯥꯎꯔꯤꯕ
kaanglupki,ꯀꯥꯡꯂꯨꯛꯀꯤ
toudana,ꯇꯧꯗꯅ
douglas,ꯗꯧꯒꯂꯥ
meeshak,ꯃꯤꯁꯛ
jarvis,ꯖꯔꯕꯤꯁ
barai,ꯕꯔꯥꯢ
collierville,ꯀꯣꯂꯤꯤꯔꯕꯤꯜꯂꯦ
glycols,ꯒꯜꯂꯣꯂꯁ
electrosteel,ꯏꯂꯦꯛꯇꯣꯔ꯭ꯇꯦꯇꯦꯜ
wachetmanbi,ꯋꯥꯆꯦꯠꯃꯥꯟꯕꯤ
yuba,ꯌꯨꯕ
leikhidaba,ꯂꯩꯈꯤꯗꯕ
mayamsigi,ꯃꯌꯥꯝꯁꯤꯒꯤ
shantiniketan,ꯁꯥꯟꯇꯤꯅꯤꯀꯦꯟ
veda,ꯚꯦꯗ
lane,ꯂꯦꯅꯦ
centum,ꯁꯦꯟꯇꯨꯝ
asini,ꯑꯁꯤꯅꯤ
patel,ꯄꯥꯦꯜ
aeronautics,ꯑꯔꯔꯣꯅꯥꯎꯎꯇꯤꯛ
khumaang,ꯈꯨꯃꯥꯡ
africa,ꯑꯦꯐ꯭ꯔꯤꯀ
siwan,ꯁꯤꯋꯥꯟ
mamingdagi,ꯃꯃꯤꯡꯗꯒꯤ
haannagi,ꯍꯥꯟꯅꯒꯤ
suri,ꯁꯨꯔꯤ
potsangpam,ꯄꯣꯠꯁꯪꯄꯝ
machida,ꯃꯆꯤꯗ
maagi,ꯃꯥꯒꯤ
macias,ꯃꯆꯤꯌꯥꯁ
guha,ꯒꯨꯍꯥ
nakhutna,ꯅꯈꯨꯠꯅ
ayaangpa,ꯑꯌꯥꯡꯄ
laikhulempi,ꯂꯥꯢꯈꯨꯂꯦꯝꯄꯤ
autometa,ꯑꯇꯣꯇꯃꯦꯇ
randhawa,ꯔꯥꯟꯙꯥ
gravita,ꯒ꯭ꯔꯚ꯭꯭ꯇ
sakpa,ꯁꯛꯄ
waangngi,ꯋꯥꯉꯪꯒꯤ
tiwari,ꯇꯤꯋꯥꯔꯤ
lacey,ꯂꯦꯁꯤ
yotngou,ꯌꯣꯠꯉꯣ
gangadas,ꯒꯪꯒꯗꯁ
charity,ꯆꯥꯔꯤꯠꯤ
worldwide,ꯋꯣꯔꯗ꯭ꯔꯗꯤꯗꯦ
yeningthaa,ꯌꯦꯅꯤꯡꯊꯥ
chatnalammi,ꯆꯠꯅꯂꯝꯃꯤ
peck,ꯄꯦꯛ
oibani,ꯑꯣꯢꯕꯅꯤ
thongnaba,ꯊꯣꯡꯅꯕ
kikipedia,ꯀꯤꯀꯤꯄꯦꯗꯤꯌꯥ
pulempa,ꯄꯨꯂꯦꯝꯄ
pithari,ꯄꯤꯊꯔꯤ
laangon,ꯂꯥꯉꯣꯟ
prasath,ꯄ꯭ꯔꯁꯥꯊ
maurya,ꯃꯥꯎꯔ꯭ꯌꯥ
taagi,ꯇꯥꯒꯤ
moreno,ꯃꯣꯔꯦꯅꯣ
pleasant,ꯄ꯭ꯂꯦꯁꯥꯟ
kunmari,ꯀꯨꯟꯃꯥꯔꯤ
asasi,ꯑꯁꯥꯁꯤ
bodh,ꯕꯣꯙ
nakhong,ꯅꯈꯣꯡ
jambavan,ꯖꯝꯕꯥꯕꯟ
yaraba,ꯌꯥꯔꯕ
frisco,ꯐ꯭ꯔꯤꯁꯀꯣ
satin,ꯁꯇꯤꯟ
neinalonbu,ꯅꯩꯅꯂꯣꯟꯕꯨ
everest,ꯏꯦꯕꯔꯦꯁꯠ
jhunjhunu,ꯓꯨꯖꯊꯨꯅꯨ
murrieta,ꯃꯨꯔꯔꯤꯑꯇ
jennings,ꯖꯦꯟꯅꯤꯡꯁ
little,ꯂꯤꯠꯂꯦ
miss,ꯃꯤꯁ
thajanaba,ꯊꯥꯖꯅꯕ
thambagi,ꯊꯝꯕꯒꯤ
river,ꯔꯤꯚꯔ
marok,ꯃꯔꯣꯛ
maria,ꯃꯔꯤꯌꯥ
phaarabani,ꯐꯥꯔꯕꯅꯤ
crawford,ꯀ꯭ꯔꯋꯦꯝꯚꯣꯔꯗ
darshan,ꯗꯥꯔꯁꯟ
tamthiba,ꯇꯝꯊꯤꯕ
guevara,ꯒꯨꯒꯦꯦꯔꯥ
beasley,ꯕ꯭ꯌꯦꯁꯂꯦ
leifamna,ꯂꯩꯐꯝꯅ
lourakpham,ꯂꯧꯔꯛꯐꯝ
silvassa,ꯁꯤꯜꯚꯥꯁꯥ
sevagram,ꯁꯦꯕꯒ꯭ꯔꯝ
moran,ꯃꯣꯔꯥꯟ
priya,ꯄ꯭ꯔꯤꯌꯥ
saageirel,ꯁꯥꯒꯩꯔꯦꯜ
panpaki,ꯄꯥꯟꯄꯀꯤ
kangbuni,ꯀꯪꯡꯕꯨꯅꯤ
phijam,ꯐꯤꯖꯝ
vishnuna,ꯚꯤꯁꯅꯨꯅ
epak,ꯏꯄꯥꯛ
tanbagi,ꯇꯥꯟꯕꯒꯤ
greenfield,ꯒ꯭ꯔꯤꯟꯐꯤꯑꯦꯜꯗ
ghaziabad,ꯘꯥꯓꯤꯌꯥꯗ
cera,ꯁꯦꯔ
ngaaksennanaba,ꯉꯥꯛꯁꯦꯟꯅꯅꯕ
berg,ꯕꯦꯒꯒ
puwarida,ꯄꯨꯋꯥꯔꯤꯗ
safari,ꯁꯐꯔꯤ
matonsi,ꯃꯇꯣꯟꯁꯤ
rivas,ꯔꯤꯚꯥꯁ
merlion,ꯃꯦꯔꯤꯂꯦꯟ
chanu,ꯆꯥꯅꯨ
panaraga,ꯄꯅꯔꯒ
district,ꯗꯤꯁꯇ꯭ꯔꯤꯛ
kayam,ꯀꯌꯥꯝ
khare,ꯈꯔꯦ
behar,ꯕꯤꯔꯔ
conway,ꯀꯣꯋꯥ
chaadana,ꯆꯥꯗꯅ
shrivastav,ꯁ꯭ꯔꯤꯚꯥꯁꯇ
mehta,ꯃꯦꯠꯇ
grover,ꯒ꯭ꯔꯣꯚꯔ
punsinduna,ꯄꯨꯟꯁꯤꯟꯗꯨꯅ
upada,ꯎꯄꯗ
castaneda,ꯀꯁꯇꯇꯦꯗꯗ
patra,ꯄꯥꯇ꯭ꯔ
taneja,ꯇꯅꯦꯖ
natei,ꯅꯇꯩ
kayaatsingna,ꯀꯌꯥꯠꯁꯤꯡꯅ
hopkins,ꯍꯣꯞꯀꯤꯟꯁ
saktaakkhi,ꯁꯛꯇꯥꯛꯈꯤ
khanjaraba,ꯈꯟꯖꯔꯕ
essel,ꯏꯁꯦꯜ
himachal,ꯍꯤꯃꯆꯆ
judiens,ꯖꯨꯗꯤꯌꯟꯁ
alwadhi,ꯑꯜꯋꯦꯙꯊꯤ
kanniyakumari,ꯀꯟꯟꯅꯤꯀꯨꯃꯥꯤꯤ
stokes,ꯁ꯭ꯇꯦꯀꯦꯁ
vincent,ꯚꯤꯟꯁꯦꯟꯠ
religare,ꯔꯦꯂꯤꯒꯔꯦ
bharatiya,ꯚꯔꯔꯥꯇꯤꯌꯥ
littleton,ꯂꯤꯠꯂꯦꯠꯄꯣꯟ
thaanaa,ꯊꯥꯅꯥ
yumsalon,ꯌꯨꯝꯁꯥꯂꯣꯟ
burch,ꯕꯣꯔꯆ
centennial,ꯁꯦꯟꯇꯦꯟꯅꯤꯌꯦꯜ
vilas,ꯚꯤꯂꯥꯁ
thomas,ꯊꯣꯃꯁ
kokpiba,ꯀꯣꯛꯄꯤꯕ
katihar,ꯀꯥꯇꯤꯔ
chengalpattu,ꯆꯦꯟꯒꯥꯄꯥꯠꯇꯨ
aristotle,ꯑꯔꯤꯁꯇꯣꯠꯂꯦ
jivani,ꯖꯤꯚꯥꯅꯤ
changdamnaba,ꯆꯪꯗꯝꯅꯕ
kokphaigi,ꯀꯣꯛꯐꯥꯢꯒꯤ
bethlehem,ꯕꯦꯊꯦꯦꯦꯦꯝ
dwevedi,ꯗ꯭ꯋꯦꯕꯦꯗꯤ
bedford,ꯕꯦꯗꯐꯣꯔꯗ
baranwal,ꯕꯔꯥꯥꯋꯦꯜ
aggrawal,ꯑꯒ꯭ꯔꯋꯋꯦꯜ
londaada,ꯂꯣꯟꯗꯥꯗ
vaasudeva,ꯚꯥꯁꯨꯗꯦꯋ
rupa,ꯔꯨꯄꯥ
view,ꯚꯤꯌꯨꯋꯨ
wendt,ꯋꯦꯟꯠꯠ
shak,ꯁꯛ
nabadurgaa,ꯅꯕꯗꯨꯔꯒ
maheiloisingna,ꯃꯍꯩꯂꯣꯢꯁꯤꯡꯅ
ruminant,ꯔꯨꯃꯤꯅꯥꯟ
khasia,ꯈꯥꯁꯤꯌꯥ
programmingna,ꯄ꯭ꯔꯣꯒ꯭ꯔꯝꯃꯤꯡꯅ
taakli,ꯇꯥꯛꯂꯤ
spartanburg,ꯁ꯭ꯄꯔꯔꯇꯥꯟꯨꯔꯒ꯭ꯔꯦ
nahan,ꯅꯍꯥꯟ
waadu,ꯋꯥꯗꯨ
eyao,ꯏꯌꯥꯎ
machunachingbada,ꯃꯆꯨꯅꯆꯤꯡꯕꯗ
heisingbu,ꯍꯩꯁꯤꯡꯕꯨ
saatkanli,ꯁꯥꯠꯀꯂꯤ
financial,ꯐꯤꯅꯥꯟꯁꯤꯌꯦꯜ
january,ꯖꯥꯅꯥꯔꯔꯤ
ahluwalia,ꯑꯜꯍꯨꯋꯥꯂꯤꯌꯥ
jodhpur,ꯖꯣꯙꯐꯨꯔ
thaleima,ꯊꯥꯂꯩꯃ
chaibasa,ꯆꯥꯢꯕꯁ
cincinnati,ꯁꯤꯟꯁꯤꯟꯅꯇꯤ
digvijay,ꯗꯤꯒꯚꯤꯖꯥ
icici,ꯏꯁꯤꯁꯤ
nemty,ꯅꯦꯝꯇꯤ
chembond,ꯀꯦꯝꯕꯣꯟ
innovation,ꯏꯟꯅꯣꯚꯦ
berlin,ꯕꯦꯔꯂꯤꯟ
lamjing,ꯂꯝꯖꯤꯡ
daman,ꯗꯃꯥꯟ
hounaba,ꯍꯧꯅꯕ
khurailaakpa,ꯈꯨꯔꯥꯢꯂꯥꯛꯄ
jammu,ꯖꯝꯃꯨ
sanghi,ꯁꯪꯍꯤ
aurobindo,ꯑꯥꯔꯣꯣꯕꯤꯟꯗꯣ
conner,ꯀꯣꯟꯅꯔ
singsu,ꯁꯤꯡꯁꯨ
sah,ꯁꯥꯍꯤ
herrera,ꯍꯦꯔꯔꯔꯦ
nongin,ꯅꯣꯉꯤꯟ
danbury,ꯗꯥꯕꯨꯔꯔ
cheihiki,ꯆꯩꯍꯤꯀꯤ
olsen,ꯑꯣꯜꯁꯦꯟ
amabuni,ꯑꯃꯕꯨꯅꯤ
eisu,ꯑꯩꯁꯨ
lingkhatkhibani,ꯂꯤꯡꯈꯠꯈꯤꯕꯅꯤ
idea,ꯏꯗꯦ
shakpa,ꯁꯛꯄ
manghanba,ꯃꯥꯡꯍꯟꯕ
protection,ꯄ꯭ꯔꯣꯇꯦꯛꯁꯟ
normal,ꯅꯣꯔꯃꯥꯜ
amamba,ꯑꯃꯝꯕ
maheising,ꯃꯍꯩꯁꯤꯡ
khurailakpa,ꯈꯨꯔꯥꯢꯂꯥꯛꯄ
leifam,ꯂꯩꯐꯝ
figueroa,ꯐꯤꯒꯨꯦꯔꯣ
statesingga,ꯁ꯭ꯇꯦꯠꯁꯤꯡꯒ
thapi,ꯊꯥꯄꯤ
dailek,ꯗꯥꯢꯂꯦꯛ
coon,ꯀꯣꯑꯟ
kangleichasingna,ꯀꯪꯂꯩꯆꯥꯁꯤꯡꯅ
alembic,ꯑꯂꯦꯝꯕꯤꯛ
rasayan,ꯔꯁꯌꯥꯌꯟ
naatampa,ꯅꯥꯇꯝꯄ
mcguire,ꯃꯦꯒꯤꯢꯔꯦ
luhongkhi,ꯂꯨꯍꯣꯡꯈꯤ
ngallingeidagi,ꯉꯥꯜꯂꯤꯉꯩꯒꯤ
andhra,ꯑꯟꯙ꯭ꯔ
chandragiri,ꯆꯟꯗ꯭ꯔꯒꯔꯤꯔꯤ
matungdagina,ꯃꯇꯨꯡꯗꯒꯤꯅ
lembani,ꯂꯦꯝꯕꯅꯤ
toujaribani,ꯇꯧꯖꯔꯤꯕꯅꯤ
pathapki,ꯄꯥꯊꯄꯤ
luna,ꯂꯨꯅ
urbana,ꯌꯨꯔꯥꯅ
thankhre,ꯊꯥꯟꯈ꯭ꯔꯦ
teja,ꯇꯦꯖ
chakpasinggi,ꯆꯥꯄꯤꯁꯤꯡꯒꯤ
ranchi,ꯔꯥꯟꯆꯤ
moil,ꯃꯣꯢꯜ
latnaduna,ꯂꯥꯠꯅꯗꯨꯅ
panihati,ꯄꯅꯤꯍꯇꯤ
tripathi,ꯇ꯭ꯔꯤꯄꯥꯊꯤ
vargas,ꯚꯔꯒꯥꯁ
leitenglaba,ꯂꯩꯇꯦꯡꯂꯕ
mizoram,ꯃꯤꯓꯣꯔꯥꯝ
orlando,ꯑꯣꯔꯀꯥꯟꯗꯣ
potlam,ꯄꯣꯠꯂꯝ
nungsiruba,ꯅꯨꯡꯁꯤꯔꯨꯕ
jarvis,ꯖꯔꯕꯤꯁ
chittaurgarh,ꯆꯤꯠꯇꯥꯎꯔꯒꯔ
ollakkhiba,ꯑꯣꯜꯛꯀꯈꯤꯕ
pangthei,ꯄꯥꯡꯊꯩ
kok,ꯀꯣꯛ
altamonte,ꯑꯜꯇꯝꯅꯣꯟꯇꯦ
linaba,ꯂꯤꯅꯕ
leihou,ꯂꯩꯍꯧ
binodini,ꯕꯤꯅꯣꯗꯤꯅꯤ
thapigi,ꯊꯥꯄꯤꯒꯤ
walls,ꯋꯦꯜꯁꯜ
thaadoktuna,ꯊꯥꯗꯣꯛꯇꯨꯅ
akron,ꯑꯀ꯭ꯔꯣꯟ
chennai,ꯆꯦꯟꯅꯥꯢ
harmon,ꯍꯔꯃꯣꯟ
paaktuna,ꯄꯥꯛꯇꯨꯅ
plano,ꯄ꯭ꯂꯅꯣ
engkhonda,ꯏꯪꯈꯣꯟꯗ
thenjin,ꯊꯦꯟꯖꯤꯟ
hayainugi,ꯍꯌꯥꯢꯅꯒꯒꯤ
taakpani,ꯇꯥꯛꯄꯅꯤ
nmdc,ꯟꯝꯗꯦ
amuba,ꯑꯃꯨꯕ
leisingbu,ꯂꯩꯁꯤꯡꯕꯨ
charlotte,ꯀꯥꯔꯂꯣꯇꯣꯠ
linden,ꯂꯤꯟꯗꯦꯟ
delano,ꯗꯦꯂꯅꯣ
chahao,ꯆꯍꯥꯎ
nareng,ꯅꯔꯦꯡ
chinglembi,ꯆꯤꯡꯂꯦꯝꯕꯤ
robbins,ꯔꯣꯕꯕꯤꯟꯁ
tayaamna,ꯇꯌꯥꯝꯅ
nemle,ꯅꯦꯝꯂꯦ
wangkhem,ꯋꯥꯡꯈꯦꯝ
pharmaceuticals,ꯐꯔꯃꯆꯦꯁꯇꯤꯀꯦꯜꯁ
phanggani,ꯐꯪꯒꯅꯤ
haryana,ꯍꯔ꯭ꯌꯥꯅ
texas,ꯇꯦꯛꯁ
palisetti,ꯄꯥꯂꯤꯁꯦꯠꯇꯤ
lafu,ꯂꯥꯐꯨ
bhatt,ꯚꯠꯠ
fernandez,ꯐꯦꯔꯅꯟꯗꯦꯖ
hutchinson,ꯍꯨꯠꯆꯤꯟꯁꯣꯟ
bhattacharjee,ꯚꯠꯇꯥꯆꯔꯖꯤ
taitansinggidamak,ꯇꯥꯢꯇꯥꯁꯤꯡꯒꯤꯗꯃꯛ
thar,ꯊꯔ
puthokkhi,ꯄꯨꯊꯣꯛꯈꯤ
phare,ꯐꯔꯦꯦ
paabunggi,ꯄꯥꯕꯨꯒꯤ
elizabeth,ꯏꯂꯤꯕꯥꯦꯊꯊ
rutherfordium,ꯔꯨꯊꯦꯔꯐꯣꯔꯗꯤꯌꯝ
panna,ꯄꯥꯟꯅ
trivedi,ꯇ꯭ꯔꯤꯚꯦꯗꯤ
sangleicha,ꯁꯪꯂꯩꯆꯥ
leipaakpu,ꯂꯩꯄꯥꯛꯄꯨ
nitrite,ꯅꯤꯇ꯭ꯔꯔꯔꯦ
phunnabada,ꯐꯨꯟꯅꯕꯗ
manaana,ꯃꯅꯥꯅ
cooper,ꯀꯣꯑꯦꯄꯔ
lourakfam,ꯂꯧꯔꯛꯐꯝ
awangda,ꯑꯋꯥꯡꯗ
chattharakkhiba,ꯆꯠꯊꯔꯛꯈꯤꯕ
leptrimakhei,ꯂꯦꯞꯇ꯭ꯔꯤ
deleon,ꯗꯦꯂꯤꯌꯣꯟ
kaanglupsingbu,ꯀꯥꯡꯂꯨꯞꯁꯤꯡꯕꯨ
wasudev,ꯋꯁꯨꯗꯦꯚ
kangleicha,ꯀꯪꯂꯩꯆꯥ
mahesana,ꯃꯍꯦꯁꯅ
pusa,ꯄꯨꯁꯥ
mapugi,ꯃꯄꯨꯒꯤ
sidabi,ꯁꯤꯗꯕꯤ
ahumnu,ꯑꯍꯨꯝꯅꯨ
thaajanabiga,ꯊꯥꯖꯅꯕꯤꯒꯤ
dharmapuri,ꯙꯥꯃꯃꯄꯨꯔꯤ
ngak,ꯉꯥꯛ
khangde,ꯈꯪꯗꯦ
sijinnaphamsi,ꯁꯤꯖꯤꯟꯅꯐꯝꯁꯤ
febulas,ꯐꯦꯕꯨꯂꯥꯁ
yokpa,ꯌꯣꯛꯄ
manipurising,ꯃꯅꯤꯄꯨꯔꯤꯁꯤꯡ
hanul,ꯍꯥꯡꯨꯜ
blue,ꯕ꯭ꯂꯨ
longmont,ꯂꯣꯡꯃꯣꯟꯇꯣ
thaasi,ꯊꯥꯁꯤ
beverages,ꯕꯦꯕꯔꯔꯒꯦꯖ
dhaabi,ꯙꯥꯕꯤ
delray,ꯗꯦꯜꯔꯥꯔ
machaduna,ꯃꯆꯥꯗꯨꯅ
lanmeena,ꯂꯥꯟꯃꯤꯅ
wells,ꯋꯦꯜꯁꯜ
bhilai,ꯚꯤꯂꯥꯢ
english,ꯏꯪꯂꯤꯁ
harvey,ꯍꯥꯚ꯭꯭ꯦ
saaphagadaba,ꯁꯥꯐꯒꯗꯕ
apollo,ꯑꯄꯣꯂꯂꯣ
sabi,ꯁꯥꯕꯤ
oibagini,ꯑꯣꯢꯕꯒꯤꯅꯤ
nungsi,ꯅꯨꯡꯁꯤ
awangdagi,ꯑꯋꯥꯡꯗꯒꯤ
wadu,ꯋꯥꯗꯨ
guna,ꯒꯨꯅ
strongsville,ꯁ꯭ꯇꯣꯡꯉꯨ
moirangthem,ꯃꯣꯢꯔꯪꯊꯦꯝ
robles,ꯔꯣꯕꯂꯁ
yadav,ꯌꯥꯗꯚ
chingnaba,ꯆꯤꯡꯅꯕ
thagonnaba,ꯊꯥꯒꯣꯅꯕ
thompson,ꯊꯣꯝꯁꯣꯟ
chaturvedi,ꯆꯥꯇꯨꯔꯦꯗꯤ
bowie,ꯕꯣꯋꯤ
chaubey,ꯀꯥꯎꯕꯦ
phou,ꯐꯧ
cutural,ꯀꯨꯇꯨꯔꯜ
pakhet,ꯄꯥꯈꯦꯠ
pithoragarh,ꯄꯤꯊꯣꯔꯒꯔꯍ
touriba,ꯇꯧꯔꯤꯕ
ahanba,ꯑꯍꯥꯟꯕ
titan,ꯇꯤꯇꯥꯟ
paba,ꯄꯥꯕ
safaba,ꯁꯐꯕꯕ
yaahalli,ꯌꯥꯍꯜꯂꯤ
yakhibi,ꯌꯥꯈꯤꯕꯤ
taakhanba,ꯇꯥꯈꯪꯕ
nahaasing,ꯅꯍꯥꯁꯤꯡ
mamani,ꯃꯃꯅꯤ
ngaseppam,ꯉꯥꯁꯦꯞꯄꯝ
khagembagi,ꯈꯦꯒꯦꯝꯕꯒꯤ
pfaudler,ꯄꯞꯥꯎꯜ
yahalli,ꯌꯥꯜꯂꯤ
hestia,ꯍꯦꯁꯇꯤꯌꯥ
kouduna,ꯀꯧꯗꯨꯅ
mahalka,ꯃꯍꯥꯜꯀ
molina,ꯃꯣꯂꯤꯅ
mayekshi,ꯃꯌꯦꯛꯁꯤ
pune,ꯄꯨꯅꯦ
madikeri,ꯃꯗꯤꯀꯦꯔꯤ
hinggathannaduna,ꯍꯤꯡꯒꯥꯊꯪꯅꯗꯨꯅ
friendswood,ꯐ꯭ꯔꯤꯟꯗꯁ꯭ꯋꯣꯗ
investments,ꯏꯟꯚꯦꯁꯇꯦꯟꯁ
kaapsinba,ꯀꯥꯞꯁꯤꯟꯕ
sandokkhi,ꯁꯟꯗꯣꯛꯈꯤ
beavercreek,ꯕꯤꯚꯚꯔ
asija,ꯑꯁꯤꯖ
trivedi,ꯇ꯭ꯔꯤꯚꯦꯗꯤ
faaba,ꯐꯥꯕ
laalpichaa,ꯂꯥꯜꯄꯤꯆꯥ
poirei,ꯄꯣꯢꯔꯩ
lairampu,ꯂꯥꯢꯔꯝꯄꯨ
construction,ꯀꯣꯟꯁꯇꯨꯔꯤ
nongkhal,ꯅꯣꯡꯈꯜ
jaitley,ꯖꯥꯢꯠꯂꯦ
mamaida,ꯃꯃꯥꯢꯗ
yabirammi,ꯌꯥꯕꯤꯔꯝꯃꯤ
kachin,ꯀꯥꯆꯤꯟ
sandagi,ꯁꯟꯟꯒꯥꯒꯤ
marana,ꯃꯔꯥꯅ
schooldagi,ꯁꯦꯍꯣꯜꯗꯒꯤ
petaluma,ꯄꯦꯇꯥꯂꯨꯃ
tyrannosaurus,ꯇꯤꯔꯥꯟꯅꯁꯁꯄꯔꯎꯁ
dehri,ꯗꯦꯔꯔꯤ
eris,ꯏꯔꯤꯁ
kanglei,ꯀꯪꯂꯩ
ambedkar,ꯑꯝꯕꯦꯗꯀꯔ
anant,ꯑꯅꯟꯠ
khullaakpi,ꯈꯨꯜꯂꯥꯛꯄꯤ
germanygi,ꯒꯔꯃꯃꯦꯟꯒꯤ
indoaryan,ꯏꯟꯗꯣꯣꯔꯤꯌꯥꯟ
khunsingda,ꯈꯨꯟꯁꯤꯡꯗ
mangda,ꯃꯥꯡꯗ
daulatabad,ꯗꯥꯎꯂꯇꯥꯗ
motherson,ꯃꯣꯊꯦꯔꯁꯣꯟ
nandanwar,ꯅꯥꯟꯗꯥ
vysya,ꯚꯤꯁ꯭ꯌꯥ
pura,ꯄꯨꯔꯥ
thebes,ꯊꯦꯕꯦꯁ
pokliba,ꯄꯣꯛꯂꯤꯕ
engraji,ꯏꯪꯔꯖꯤ
asinachingbasingbu,ꯑꯁꯤꯅꯆꯤꯡꯕꯁꯤꯡꯕꯨꯕꯨꯁꯤꯡꯕꯨꯕꯨꯕꯨ
flowers,ꯐ꯭ꯂꯋꯦꯔꯁ
odom,ꯑꯣꯗꯣꯝ
khanongpokta,ꯈꯥꯅꯣꯡꯄꯣꯛꯇ
lisaang,ꯂꯤꯁꯥꯡ
bhalla,ꯚꯜꯂꯥ
mapal,ꯃꯄꯥꯜ
shaknairaba,ꯁꯛꯅꯥꯢꯔꯕ
minerals,ꯃꯤꯅꯦꯔꯦꯜꯁ
brock,ꯕ꯭ꯔꯣꯛꯛ
pricol,ꯄ꯭ꯔꯤꯀꯣꯜ
tinsinnaraba,ꯇꯤꯟꯁꯤꯟꯅꯔꯕ
kaatu,ꯀꯥꯇꯨ
mamangngeigi,ꯃꯃꯥꯡꯉꯩꯒꯤ
khunnaigi,ꯈꯨꯟꯅꯥꯢꯒꯤ
mahapatra,ꯃꯍꯥꯄꯥ꯭ꯔ
breweries,ꯕ꯭ꯔꯦꯋꯦꯔꯤꯁ
sougrakpam,ꯁꯧꯒ꯭ꯔꯛꯄꯝ
makhouri,ꯃꯈꯣꯧꯔꯤ
satle,ꯁꯠꯂꯦ
khomduna,ꯈꯣꯝꯗꯨꯅ
webster,ꯋꯦꯕꯁꯇꯔ
longview,ꯂꯣꯡꯚꯤꯒꯋꯨ
korounu,ꯀꯣꯔꯧꯅꯨ
bheda,ꯚꯦꯗ
phailen,ꯐꯥꯢꯂꯦꯟ
moroccan,ꯃꯣꯔꯣꯣꯛꯀꯟ
roach,ꯔꯣꯑꯆꯥ
leingaakta,ꯂꯩꯉꯥꯛꯇ
thokliba,ꯊꯣꯛꯂꯤꯕ
delta,ꯗꯦꯜꯇ
anubis,ꯑꯥꯨꯕꯤꯁ
ventures,ꯚꯦꯟꯇꯔꯔꯦꯁ
cherrapunji,ꯆꯦꯔꯔꯔꯄꯨꯟꯖꯤ
gilmore,ꯒꯤꯜꯃꯣꯔ
hathras,ꯍꯥꯊ꯭ꯔꯥꯁ
torrance,ꯇꯣꯔꯔꯥꯟꯁ
lanmisingna,ꯂꯥꯟꯃꯤꯁꯤꯡꯅ
shangleicha,ꯁꯪꯂꯩꯆ
peifam,ꯄꯩꯐꯝ
satkanli,ꯁꯠꯀꯅꯂꯤ
sitapur,ꯁꯤꯇꯄꯨꯔ
khangjinba,ꯈꯪꯖꯤꯟꯕ
houdoklamba,ꯍꯧꯗꯣꯛꯂꯝꯕ
faobagidi,ꯐꯥꯎꯕꯒꯤꯗꯤ
khangnakhiba,ꯈꯪꯅꯈꯤꯕ
lepnaduna,ꯂꯦꯞꯅꯗꯨꯅ
nu,ꯅꯨ
yoder,ꯌꯣꯗꯦꯔ
peipham,ꯄꯩꯐꯝ
yot,ꯌꯣꯠ
pharabani,ꯐꯔꯕꯅꯤ
khaangda,ꯈꯥꯡꯗ
nowgong,ꯅꯥꯋꯣꯒꯣꯡ
heinei,ꯍꯩꯅꯩ
kathua,ꯀꯥꯊꯨꯑꯥ
matheran,ꯃꯊꯦꯔꯦꯟ
manungdasu,ꯃꯅꯨꯡꯗꯁꯨ
phungawarising,ꯐꯨꯉꯥꯋꯥꯔꯤꯁꯤꯡ
varghese,ꯚꯔꯘꯍꯦꯁ
toubi,ꯇꯧꯕꯤ
leirabini,ꯂꯩꯔꯕꯤꯅꯤ
ngasepam,ꯉꯥꯁꯦꯄꯝ
steele,ꯁ꯭ꯇꯦꯂꯦ
vishwakarma,ꯚꯤꯁ꯭ꯋꯥꯀꯔꯃ
ningba,ꯅꯤꯡꯕ
chingjel,ꯆꯤꯡꯖꯦꯜ
mehrotra,ꯃꯦꯍ꯭ꯔꯣꯇ꯭ꯔ
asiadana,ꯑꯁꯤꯌꯥꯗꯅ
juned,ꯖꯨꯅꯦꯗ
tulshidas,ꯇꯨꯜꯁꯤꯗꯁ
enzyme,ꯏꯦꯐꯤꯃꯦ
tagetes,ꯇꯦꯦꯦꯁ
phibham,ꯐꯤꯚꯝ
nextgen,ꯅꯦꯛꯁꯦꯟ
longanga,ꯂꯣꯉꯥꯉꯥ
phamlongi,ꯐꯝꯂꯣꯟꯒꯤ
victorville,ꯚꯤꯛꯇꯣꯔꯤꯜꯂꯦ
roseville,ꯔꯣꯁꯦꯕ꯭ꯤꯜꯂꯦ
mythology,ꯃ꯭ꯠꯊꯣꯂꯣ
mannana,ꯃꯥꯟꯅꯅ
renewables,ꯔꯦꯅꯦꯋꯥꯕꯂꯁ
anand,ꯑꯅꯟꯟ
pasco,ꯄꯁꯀꯣ
pirammi,ꯄꯤꯔꯝꯃꯤ
humputaraa,ꯍꯨꯝꯄꯨꯇꯔꯥ
laiphamdagi,ꯂꯥꯢꯐꯝꯗꯒꯤ
khunthokpaga,ꯈꯨꯟꯊꯣꯛꯄꯒ
kshetrimayum,ꯑꯀ꯭ꯇ꯭ꯔꯦꯔꯤꯃꯥꯌꯨꯝ
shahid,ꯁꯍꯤꯗ
mayur,ꯃꯌꯨꯔ
kanglupki,ꯀꯥꯡꯂꯨꯞꯀꯤ
ningthousinggi,ꯅꯤꯡꯊꯧꯁꯤꯡꯒꯤ
juarez,ꯖꯥꯔꯦꯓ
jyothy,ꯖ꯭ꯌꯣꯠꯇꯤ
meidingu,ꯃꯩꯗꯤꯡꯎ
kaanglupna,ꯀꯥꯡꯂꯨꯞꯅ
sanders,ꯁꯟꯗꯦꯔꯁ
saanglaba,ꯁꯥꯡꯂꯕ
loibada,ꯂꯣꯢꯕꯗ
araappada,ꯑꯔꯥꯞꯄꯗ
yallaga,ꯌꯦꯜꯂꯒ
distriparks,ꯗꯤꯁꯇ꯭ꯔꯤꯄꯔꯛꯁꯤ
binoranjan,ꯕꯤꯅꯣꯔꯥꯟꯖꯟ
saangba,ꯁꯥꯡꯕ
katu,ꯀꯥꯇꯨ
lakpadagi,ꯂꯥꯛꯄꯗꯒꯤ
palemdi,ꯄꯥꯦꯦꯝꯗꯤ
laanchao,ꯂꯥꯟꯆꯥꯎ
natraaj,ꯅꯥꯇ꯭ꯔꯥꯖ
chuchaak,ꯆꯨꯆꯥꯛ
moiranggi,ꯃꯣꯢꯔꯪꯒꯤ
paotak,ꯄꯥꯎꯇꯥꯛ
laatnaduna,ꯂꯥꯠꯅꯗꯨꯅ
rizwan,ꯔꯤꯝꯋꯥ
yaddanapudi,ꯌꯥꯗꯗꯅꯄꯨꯗꯤ
kagi,ꯀꯥꯒꯤ
sintakhansingna,ꯁꯤꯟꯇꯛꯈꯟꯁꯤꯡꯅ
niyog,ꯅꯤꯌꯣꯒꯣ
chei,ꯆꯩ
evans,ꯏꯦꯥꯟꯁ
ambikapur,ꯑꯝꯕꯤꯀꯄꯄꯔ
saphu,ꯁꯐꯨ
tissue,ꯇꯤꯁꯨ
schultz,ꯁꯦꯜꯡꯣꯠ
aluminium,ꯑꯜꯄꯨꯃꯤꯅꯤꯌꯝ
manhattan,ꯃꯟꯥꯠꯇꯟ
kolkata,ꯀꯣꯜꯀꯥꯇ
lanmina,ꯂꯥꯟꯃꯤꯅ
barasat,ꯕꯔꯁꯥꯠ
atul,ꯑꯇꯨꯜ
kumhei,ꯀꯨꯝꯍꯩ
yumlingi,ꯌꯨꯝꯂꯤꯟꯒꯤ
dwivedi,ꯗ꯭ꯋꯦꯕꯦꯗꯤ
bruno,ꯕ꯭ꯔꯨꯅꯣ
spokane,ꯁ꯭ꯄꯣꯀꯅꯦ
noblesville,ꯅꯣꯕꯀ꯭ꯦꯕꯤꯜꯂꯦ
manchikanti,ꯃꯥꯟꯆꯤꯛꯟꯇꯤ
phiral,ꯐꯤꯔꯥꯜ
asaba,ꯑꯁꯥꯕ
tamilpetromarine,ꯇꯃꯃꯤꯠꯂꯇꯣꯔꯃꯔꯔꯅ
hung,ꯍꯨꯡ
pot,ꯄꯣꯠ
chaakkouba,ꯆꯥꯛꯀꯧꯕ
rajkot,ꯔꯥꯖꯀꯣꯠ
nupada,ꯅꯨꯄꯥꯗ
exchange,ꯏꯦꯛꯆꯪꯦ
ispat,ꯏꯁꯄꯥꯠ
kumbakarna,ꯀꯨꯝꯕꯀꯔꯅ
khongchat,ꯈꯣꯡꯆꯠ
telheiba,ꯇꯦꯜꯍꯩꯕ
surya,ꯁꯨꯔꯤꯌꯥ
akoibada,ꯑꯀꯣꯢꯕꯗ
seiraangbani,ꯁꯩꯔꯥꯡꯕꯅꯤ
paomee,ꯄꯥꯎꯃꯤ
tewari,ꯇꯦꯋꯥꯔꯤ
radico,ꯔꯦꯗꯤꯀꯣ
hu,ꯍꯨ
waamang,ꯋꯥꯃꯥꯡ
neeraj,ꯅꯤꯔꯥꯖ
hangchitla,ꯍꯪꯆꯤꯞꯂ
paakchaobadagini,ꯄꯥꯛꯆꯥꯎꯕꯗꯒꯤ
thyrotechno,ꯊꯤꯔꯣꯇꯦꯛꯁꯣꯅ
gears,ꯒꯦꯑꯔꯁ
north,ꯅꯣꯔꯊ
terre,ꯇꯦꯔꯤ
luis,ꯂꯨꯢꯁ
leisou,ꯂꯩꯁꯧ
tingkhanggumna,ꯇꯤꯡꯈꯪꯒꯒꯨꯝ
raymond,ꯔꯥꯃꯣꯣꯟ
kirk,ꯀꯤꯔꯛ
minneapolis,ꯃꯤꯟꯅꯦꯄꯣꯂꯤꯁ
hercules,ꯍꯦꯔꯀꯨꯜꯁ
lacedaemon,ꯂꯦꯁꯦꯗꯦꯃꯣꯟ
sei,ꯁꯩ
tinsinnaba,ꯇꯤꯟꯁꯤꯟꯅꯕ
kanniyakumari,ꯀꯟꯟꯅꯤꯀꯨꯃꯥꯤꯤ
vineland,ꯚꯤꯅꯦꯂꯦꯟ
watkani,ꯋꯥꯠꯀꯅꯤ
paki,ꯄꯥꯀꯤ
cranston,ꯀ꯭ꯔꯦꯟꯁꯇꯣꯟꯟ
bryan,ꯕ꯭ꯔꯤꯌꯥꯟ
khajuraho,ꯈꯥꯖꯔꯔꯍꯣ
seshasayee,ꯁꯦꯁꯥꯌꯦ
thammi,ꯊꯝꯃꯤ
algiers,ꯑꯜꯒꯤꯑꯔꯒ
kharagi,ꯈꯔꯒꯤ
leelagi,ꯂꯤꯂꯒꯒꯤ
chamthaba,ꯆꯝꯊꯕ
kasniya,ꯀꯥꯅꯤꯌꯥ
houkharaba,ꯍꯧꯈꯔꯕ
purakkhre,ꯄꯨꯔꯛꯈ꯭ꯔꯦ
vasudebagi,ꯚꯥꯁꯨꯗꯦꯕꯒꯤꯒꯤ
chaanei,ꯆꯥꯅꯩ
iowa,ꯑꯏꯋꯥ
phangdriba,ꯐꯪꯗ꯭ꯔꯤꯕ
puthokli,ꯄꯨꯊꯣꯛꯂꯤ
seth,ꯁꯦꯊ
elenpung,ꯏꯂꯦꯟꯄꯨꯡ
mamaannabisingga,ꯃꯃꯥꯟꯅꯕꯤꯁꯤꯡꯒ
nayib,ꯅꯌꯤꯤ
bbc,ꯕꯣꯛ
cheiramsing,ꯆꯩꯔꯝꯁꯤꯡ
wangu,ꯋꯥꯡꯎ
mamingmathaa,ꯃꯃꯤꯡꯃꯊꯥ
lana,ꯂꯥꯅ
apokpasingni,ꯑꯄꯣꯛꯄꯁꯤꯡꯅꯤ
khongchatka,ꯈꯣꯡꯆꯠꯀ
seishakpa,ꯁꯩꯁꯛꯄ
chatnabisinggi,ꯆꯠꯅꯕꯤꯁꯤꯡꯒꯤ
pumnamaksi,ꯄꯨꯝꯅꯃꯛꯁꯤ
hisar,ꯍꯤꯁꯔ
ngambagi,ꯉꯝꯕꯒꯤ
aribam,ꯑꯔꯤꯕꯝ
waaheibu,ꯋꯥꯍꯩꯕꯨ
kolounongpu,ꯀꯣꯂꯧꯅꯣꯡꯄꯨ
angur,ꯑꯉꯨꯔ
mathur,ꯃꯊꯨꯔ
naina,ꯅꯥꯢꯅ
chingsindaba,ꯆꯤꯡꯁꯤꯟꯗꯕ
virbhadra,ꯚꯤꯔꯚꯗ꯭ꯔ
veishnav,ꯚꯩꯁ꯭ꯅꯥ
punsinaba,ꯄꯨꯟꯁꯤꯅꯕ
ratnagiri,ꯔꯥꯠꯅꯒꯤꯔꯤ
gadge,ꯒꯥꯗꯒ
heritage,ꯍꯔꯔꯤꯇꯦꯖ
shenoy,ꯁꯦꯅꯅꯣ
khagemba,ꯈꯥꯒꯦꯝꯕ
findlay,ꯐꯤꯟꯂꯛ
lafoisi,ꯂꯥꯐꯣꯢꯁꯤ
maannaramde,ꯃꯥꯟꯅꯔꯝꯗꯦ
aster,ꯑꯁꯇꯦꯔ
pokchaba,ꯄꯣꯛꯆꯥꯕ
ningthourolsing,ꯅꯤꯡꯊꯧꯔꯣꯜꯁꯤꯡ
palakkad,ꯄꯥꯂꯛꯀꯗ
bayonne,ꯕꯌꯣꯟꯅꯦ
asheville,ꯑꯁꯦꯕꯚꯜꯂꯦ
parbhani,ꯄꯔꯔꯚꯤꯤ
columbus,ꯀꯣꯂꯨꯝꯕꯁ
suven,ꯁꯨꯖꯦꯟ
thililda,ꯊꯤꯂꯤꯜꯗ
murfreesboro,ꯃꯨꯔꯨ꯭꯭ꯇꯤꯁꯣꯔꯣꯔꯣ
crosse,ꯀ꯭ꯔꯣꯁꯁꯦ
olympia,ꯑꯣꯂꯤꯝꯄ꯭ꯔꯥ
waseem,ꯋꯁꯤꯦꯝ
cipla,ꯁꯤꯞꯂ
maalang,ꯃꯥꯂꯪ
emung,ꯏꯃꯨꯡ
burke,ꯕꯨꯔꯀ
jauhari,ꯖꯥꯍꯥꯔꯤ
yaya,ꯌꯥꯌꯥ
bhal,ꯚꯜ
kharashu,ꯈꯔꯁꯨ
wheeling,ꯋꯤꯍꯦꯂꯤꯡ
dutt,ꯗꯨꯠ
aloi,ꯑꯂꯣꯢ
insecticides,ꯏꯟꯁꯦꯛꯁꯤꯗꯦꯁ
sati,ꯁꯇꯤ
virus,ꯚꯤꯔꯨꯁ
nungngaiba,ꯅꯨꯡꯉꯥꯢꯕ
phajaba,ꯐꯪꯕ
elgi,ꯏꯜꯒꯤ
paambigi,ꯄꯥꯝꯕꯤꯒꯤ
tandon,ꯇꯥꯟꯗꯣꯟ
miramar,ꯃꯤꯔꯃꯔ
chadian,ꯆꯗꯗꯤꯌꯥꯟ
loulok,ꯂꯧꯂꯣꯛ
phouda,ꯐꯧꯗ
chabun,ꯆꯥꯕꯨꯟ
dhaulpur,ꯙꯥꯎꯜꯄꯨ
sanskritki,ꯁꯟꯁꯀ꯭꯭ꯔꯤꯀꯀꯤ
davangere,ꯗꯥꯕꯥꯟꯒꯦꯔ
sareen,ꯁꯔꯤꯤꯟ
florence,ꯐ꯭ꯂꯣꯔꯦꯟꯀ
flynn,ꯐ꯭ꯂꯦꯟ
mentor,ꯃꯦꯟꯇꯣꯔ
machangsing,ꯃꯆꯪꯁꯤꯡ
mammary,ꯃꯃꯔꯔꯤ
apisa,ꯑꯄꯤꯁꯥ
wahanbagidamak,ꯋꯥꯍꯟꯕꯒꯤꯗꯃꯛ
rajput,ꯔꯥꯖꯄꯨꯠ
khotthokpagi,ꯈꯣꯠꯊꯣꯛꯄꯒꯤ
loukrakpam,ꯂꯧꯀ꯭ꯀꯥꯛꯄꯝ
marak,ꯃꯔꯛ
varanasi,ꯚꯔꯥꯅꯁꯤ
ngaoduna,ꯉꯥꯎꯗꯨꯅ
garrison,ꯒꯔꯔꯤꯁꯣꯟ
chaudhary,ꯆꯥꯗꯨ
kangfalgi,ꯀꯪꯐꯥꯜꯒꯤ
madurai,ꯃꯗꯨꯔꯥꯢ
marifu,ꯃꯔꯤꯐꯨ
sangbannaba,ꯁꯪꯕꯕꯟꯅꯕ
tongbram,ꯇꯣꯡꯕ꯭꯭ꯔꯝ
yotleena,ꯌꯣꯠꯂꯤꯅ
biocon,ꯕꯤꯑꯣꯀꯣꯟ
rane,ꯔꯥꯅꯦ
mathunda,ꯃꯊꯨꯟꯗ
sheishak,ꯁꯩꯁꯛ
maikeigi,ꯃꯥꯢꯀꯩꯒꯤ
september,ꯁꯦꯞꯇꯦꯝꯕꯔ
lourakkhi,ꯂꯧꯔꯛꯈꯤ
lang,ꯂꯪ
saatpa,ꯁꯥꯠꯄ
hengatlak,ꯍꯦꯟꯒꯠꯂꯛ
ngada,ꯉꯥꯗ
kharagpur,ꯈꯔꯒꯞꯄꯨ
yeknabada,ꯌꯦꯛꯅꯕꯗ
horn,ꯍꯣꯔꯟ
polyplex,ꯄꯣꯂꯤꯞꯂꯦꯛ
nanabagi,ꯅꯥꯅꯕꯒꯤ
yuropki,ꯌꯨꯔꯣꯞꯀꯤ
midnapore,ꯃꯤꯗꯅꯄꯣꯔ
pennington,ꯄꯦꯟꯅꯤꯡꯇꯣꯟ
thrissur,ꯊ꯭ꯔꯤꯁꯨꯔ
maheigi,ꯃꯍꯩꯒꯤ
gangwar,ꯒꯪꯒꯥꯋꯥ
numitkidamak,ꯅꯨꯃꯤꯠꯀꯤꯗꯃꯛ
latnaba,ꯂꯥꯠꯅꯕ
feeds,ꯐꯤꯗꯁ
mcdowell,ꯃꯦꯗꯋꯦꯜꯜ
chhipa,ꯆꯤꯄꯥ
tongnganba,ꯇꯣꯡꯉꯥꯟꯕ
ngasisu,ꯉꯁꯤꯁꯨ
camarillo,ꯀꯝꯃꯔꯤꯜꯂꯣ
chaanu,ꯆꯥꯅꯨ
taakpa,ꯇꯥꯛꯄ
madison,ꯃꯗꯤꯁꯣꯟ
lam,ꯂꯝ
tirana,ꯇꯤꯔꯥꯅ
novi,ꯅꯣꯚꯤ
thangbadi,ꯊꯪꯕꯗꯤ
thaakhare,ꯊꯥꯈꯔꯦ
ngashisu,ꯉꯁꯤꯁꯨ
lanna,ꯂꯥꯟꯅ
dekalb,ꯗꯦꯀꯥꯜ
khumde,ꯈꯨꯝꯗꯦ
kavi,ꯀꯥꯕꯤ
tomar,ꯇꯣꯃꯥꯔ
tyre,ꯇ꯭ꯔꯦ
michamsingbu,ꯃꯤꯆꯝꯁꯤꯡꯕꯨ
weeks,ꯋꯤꯛꯁ
arabki,ꯑꯔꯥꯕꯀꯤ
rochester,ꯔꯣꯛꯦꯁꯇꯔ
carlsbad,ꯀꯔꯔꯁꯜꯗ
leo,ꯂꯤꯑꯣ
chaorakkhi,ꯆꯥꯎꯔꯛꯈꯤ
taipangpaal,ꯇꯥꯢꯄꯪꯄꯥꯜ
maanghanba,ꯃꯥꯡꯍꯟꯕ
emalonbu,ꯏꯃꯥꯂꯣꯟꯕꯨ
yendrembam,ꯌꯦꯟꯗ꯭ꯔꯦꯝꯕꯝ
purakpa,ꯄꯨꯔꯛꯄ
chaoshaangba,ꯆꯥꯎꯁꯥꯡꯕ
cheihigi,ꯆꯩꯍꯤꯒꯤ
dasila,ꯗꯁꯤꯂꯥ
mayamda,ꯃꯌꯥꯝꯗ
sakkhangbidriba,ꯁꯛꯈꯪꯕꯤꯗ꯭ꯔꯤ
takpa,ꯇꯥꯛꯄ
yengnabada,ꯌꯦꯡꯅꯕꯗ
ngaklongi,ꯉꯥꯛꯂꯣꯟꯒꯤ
kaalratri,ꯀꯥꯜꯔꯇ꯭ꯔꯤ
acevedo,ꯑꯦꯖꯦꯕꯦꯗꯣ
kotturu,ꯀꯣꯠꯇꯨꯔꯨ
digvijay,ꯗꯤꯒꯚꯤꯖꯥ
malang,ꯃꯥꯂꯪ
sehgal,ꯁꯦꯡꯒꯜ
rajgarh,ꯔꯥꯖꯒꯔꯍ
uchan,ꯎꯆꯟ
meisa,ꯃꯩꯁꯥ
river,ꯔꯤꯚꯔ
youngstown,ꯌꯧꯡꯁꯇꯣꯠ
thapaalon,ꯊꯥꯄꯥꯂꯣꯟ
ngamdaba,ꯉꯝꯗꯕ
mamallapuram,ꯃꯃꯥꯜꯂꯄꯨꯔꯝ
redeemer,ꯔꯦꯗꯤꯃꯃꯔ
gutti,ꯒꯨꯠꯇꯤ
mapulen,ꯃꯄꯨꯂꯦꯟ
lising,ꯂꯤꯁꯤꯡ
thaangchahanpa,ꯊꯥꯡꯆꯍꯟꯄ
yonnei,ꯌꯣꯟꯅꯩ
provo,ꯄ꯭ꯔꯣꯚꯣ
yaakhibi,ꯌꯥꯈꯤꯕꯤ
ebungngo,ꯏꯕꯨꯡꯉꯣ
laanleima,ꯂꯥꯟꯂꯩꯃ
yaaraba,ꯌꯥꯔꯕ
khutmaaba,ꯈꯨꯠꯃꯥꯕ
gandhimathi,ꯒꯥꯟꯙꯤꯃꯊꯤ
hidakloisingsi,ꯍꯤꯗꯥꯛꯂꯣꯢꯁꯤꯡꯁꯤ
life,ꯂꯤꯐꯦ
laisangsinggi,ꯂꯥꯢꯁꯪꯁꯤꯡꯒꯤ
panani,ꯄꯅꯥꯅꯤ
sarukki,ꯁꯔꯨꯛꯀꯤ
bhukya,ꯚꯨꯛꯌ
cerritos,ꯁꯦꯔꯔꯤꯇꯣꯁ
pokpagidamak,ꯄꯣꯛꯄꯒꯤꯗꯃꯛ
hassan,ꯍꯁꯥꯟ
kharasu,ꯈꯔꯁꯨ
sharuk,ꯁꯔꯕꯨꯛ
valdosta,ꯚꯥꯂꯗꯣꯁꯇ
pukhi,ꯄꯨꯈꯤ
austin,ꯑꯣꯁꯇꯤꯟ
shandilya,ꯁꯥꯟꯗꯤꯂꯤꯌ
james,ꯖꯃꯃꯁ
piraduna,ꯄꯤꯔꯥꯗꯨꯅ
peru,ꯄꯦꯔꯨ
gaur,ꯒꯥꯔꯔ
foodworks,ꯐꯣꯑꯣꯋꯣꯔꯛꯁ
shaktaakkhi,ꯁꯛꯇꯥꯛꯈꯤ
higgins,ꯍꯤꯒꯒꯤꯟ
phimuna,ꯐꯤꯃꯨꯅ
mayamga,ꯃꯌꯥꯝꯒ
multimedia,ꯃꯨꯜꯇꯤꯃꯦꯗꯤꯌꯥ
stanton,ꯁ꯭ꯇꯦꯟꯇꯣꯟ
tambinaba,ꯇꯝꯕꯤꯅꯕ
rao,ꯔꯥꯑꯣ
dhap,ꯙꯄ
food,ꯐꯣꯍꯣꯢ
affle,ꯑꯐꯦꯞꯦ
graduate,ꯒ꯭ꯔꯗ꯭ꯋꯦꯠ
ngantuleng,ꯉꯥꯟꯇꯨꯂꯦꯡ
araambai,ꯑꯔꯥꯝꯕ
jhabua,ꯓꯥꯕꯨ
tamphamshang,ꯇꯝꯐꯝꯁꯪ
mariphumapan,ꯃꯔꯤꯐꯨꯃꯥꯄꯟꯟ
palanpur,ꯄꯥꯂꯥꯟꯄꯨꯔ
konungdagi,ꯀꯣꯅꯨꯡꯗꯒꯤ
mafamsu,ꯃꯐꯝꯁꯨ
hankhibana,ꯍꯥꯈꯤꯕꯅ
pusa,ꯄꯨꯁꯥ
shivagauri,ꯁꯤꯒꯒꯔꯤꯤ
wokha,ꯋꯣꯈ
mayaamsigi,ꯃꯌꯥꯝꯁꯤꯒꯤ
quess,ꯀ꯭ꯋꯦꯁ
chaokhatnaba,ꯆꯥꯎꯈꯠꯅꯕ
rosales,ꯔꯣꯁꯥꯂꯦꯁ
ata,ꯑꯇꯥ
infraconstruction,ꯏꯟꯐ꯭ꯔꯀꯣꯟꯇ꯭ꯔꯀꯇꯟ
lynchburg,ꯂꯤꯟꯆꯨꯔꯒ
warisinggi,ꯋꯥꯔꯤꯁꯤꯡꯒꯤ
utlaba,ꯎꯠꯂꯕ
laatamni,ꯂꯥꯇꯝꯅꯤ
diamond,ꯗꯤꯌꯃꯣꯟ
amaangsang,ꯑꯃꯥꯡꯁꯪ
thakna,ꯊꯥꯛꯅ
pidilite,ꯄꯤꯗꯤꯂꯤꯇꯦ
anggurmuk,ꯑꯉꯒꯨꯔꯨꯛ
bengal,ꯕꯦꯡꯒꯜ
echaada,ꯏꯆꯥꯗ
nongshamei,ꯅꯣꯡꯁꯥꯃꯩ
laisinggi,ꯂꯥꯢꯁꯤꯡꯒꯤ
bhopal,ꯚꯣꯄꯥꯜ
aleem,ꯑꯂꯂꯦꯝ
ilat,ꯏꯂꯥꯠ
mangte,ꯃꯥꯡꯇꯦ
indora,ꯏꯟꯗꯣꯔꯔ
indus,ꯏꯟꯗꯁ
sorus,ꯁꯣꯔꯨꯁ
waheisingsigi,ꯋꯥꯍꯩꯁꯤꯡꯁꯤꯒꯤ
taraq,ꯇꯔꯛꯛ
wangbadu,ꯋꯥꯡꯕꯗꯨ
khallo,ꯈꯜꯂꯣ
bentonville,ꯕꯦꯟꯇꯣꯟꯚꯤꯜꯂꯦ
arunachal,ꯑꯔꯨꯅꯆꯜ
paangduna,ꯄꯥꯡꯗꯨꯅ
moupwaada,ꯃꯧꯄ꯭ꯋꯥꯗ
srichakra,ꯁ꯭ꯔꯤꯆꯥꯛ
tumit,ꯇꯨꯃꯤꯠ
sandilya,ꯁꯟꯗꯤꯜꯂ
stanley,ꯁ꯭ꯇꯦꯂꯦ
arya,ꯑꯥꯔꯌꯥ
mobile,ꯃꯣꯕꯤꯂꯦ
ashaba,ꯑꯁꯥꯕ
kanchan,ꯀꯟꯆꯟ
lilium,ꯂꯤꯂꯤꯌꯝ
fani,ꯐꯥꯅꯤ
natureview,ꯅꯥꯇꯨꯔꯦꯕꯤꯋꯨ
vikram,ꯚꯤꯛ꯭꯭ꯔꯝ
khanbadagi,ꯈꯟꯕꯗꯒꯤꯤ
riverside,ꯔꯤꯚꯔꯁꯤꯗꯦ
laishon,ꯂꯥꯢꯁꯣꯟ
mapokkasu,ꯃꯄꯣꯛꯀꯁꯨ
oakley,ꯑꯣꯛꯂꯦ
kaangbu,ꯀꯥꯡꯕꯨ
faahoubagi,ꯐꯥꯍꯧꯕꯒꯤꯒꯤ
gary,ꯒꯔꯔꯤ
bender,ꯕꯦꯟꯗꯦꯔ
yungba,ꯌꯨꯡꯕ
chairman,ꯆꯥꯢꯔꯃꯟ
axis,ꯑꯥꯤꯁ
manila,ꯃꯅꯤꯂꯥ
haveli,ꯍꯥꯦꯜꯂꯤ
nulaa,ꯅꯨꯂꯥ
kansai,ꯀꯟꯁꯥꯢ
raza,ꯔꯥꯓꯥ
kapurthala,ꯀꯄꯨꯔꯨꯊꯂꯥ
navas,ꯅꯥꯕꯁ
hapchinduna,ꯍꯥꯞꯆꯤꯟꯗꯨꯅ
anam,ꯑꯅꯝ
avenues,ꯑꯥꯕꯦꯅꯖꯁ
pradesh,ꯄ꯭ꯔꯗꯦꯁ
authority,ꯑꯎꯊꯣꯣꯔꯤꯠ
pennington,ꯄꯦꯟꯅꯤꯡꯇꯣꯟ
thongba,ꯊꯣꯡꯕ
indiadadi,ꯏꯟꯗꯤꯌꯥꯗꯗꯤ
gables,ꯒꯦꯕꯂꯦꯁ
khubaak,ꯈꯨꯕꯥꯛ
thasi,ꯊꯥꯁꯤ
apparels,ꯑꯦꯄꯄꯔꯦꯜꯁ
paalamba,ꯄꯥꯂꯝꯕ
fabada,ꯐꯥꯕꯗ
euclid,ꯏꯌꯨꯀꯤꯗ
insurance,ꯏꯟꯁꯨꯔꯥꯟꯁ
karimnagar,ꯀꯔꯤꯝꯅꯒꯔꯔ
sansenbi,ꯁꯟꯁꯦꯟꯕꯤ
manggon,ꯃꯥꯡꯒꯣꯟ
baripada,ꯕꯔꯤꯄꯄꯗ
masam,ꯃꯁꯝ
yauhandana,ꯌꯥꯍꯍꯟꯗꯅ
castalloy,ꯀꯁꯇꯇꯦꯜꯂꯣ
samjireigumna,ꯁꯝꯖꯤꯔꯩꯒꯨꯝꯅ
deoria,ꯗꯤꯑꯣꯔꯤꯌꯥ
wikipediasi,ꯋꯤꯀꯤꯄꯦꯗꯤꯌꯥꯁꯤ
lisang,ꯂꯤꯁꯪ
georgetown,ꯒꯤꯑꯣꯔꯖꯦꯇꯣꯠ
houfam,ꯍꯧꯐꯝ
laapthorakpada,ꯂꯥꯞꯊꯣꯔꯛꯄꯗ
music,ꯃꯨꯁꯤꯑꯦꯁ
puyaane,ꯄꯨꯌꯥꯅꯦ
rapids,ꯔꯥꯄꯤꯗꯁ
ganesha,ꯒꯅꯦꯁꯛ
kumpapada,ꯀꯨꯝꯄꯄꯗ
crosby,ꯀ꯭ꯔꯣꯁꯤ
kangfaalgi,ꯀꯪꯐꯥꯜꯒꯤ
paangthoklamba,ꯄꯥꯡꯊꯣꯛꯂꯝꯕ
pangdaba,ꯄꯪꯗꯕ
jindal,ꯖꯤꯟꯗꯥꯜ
chapel,ꯆꯄꯦꯜ
porterville,ꯄꯣꯔꯇꯦꯔꯕꯤꯜꯂꯦ
nupaana,ꯅꯨꯄꯥꯅ
translesangi,ꯇ꯭ꯔꯥꯟꯁ꯭ꯂꯁꯪꯟꯒꯤ
tibetna,ꯇꯤꯕꯦꯠꯅ
tinkang,ꯇꯤꯟꯀꯥꯡ
tayamna,ꯇꯌꯥꯝꯅ
phattababu,ꯐꯠꯇꯕꯕꯨ
yaare,ꯌꯥꯔꯦ
madam,ꯃꯗꯝ
nombagi,ꯅꯣꯝꯕꯒꯤ
natural,ꯅꯥꯇꯨꯔꯜ
bean,ꯕꯤꯌꯦꯟ
leiraang,ꯂꯩꯔꯥꯡ
lamlaisingki,ꯂꯝꯂꯥꯢꯁꯤꯡꯀꯤ
inaak,ꯏꯅꯥꯛ
covalent,ꯀꯣꯚꯂꯦꯟꯠ
ramanathapuram,ꯔꯃꯅꯥꯊꯥꯄꯔꯝ
testa,ꯇꯦꯁꯇ
nalla,ꯅꯜꯂꯥ
infraprojects,ꯏꯟꯐ꯭ꯔꯄꯔꯣꯖꯤꯛꯁ
assam,ꯑꯁꯥꯝ
ngaantuleng,ꯉꯥꯟꯇꯨꯂꯦꯡ
stevenson,ꯁꯇꯦꯦꯕꯦꯁꯟꯣꯟ
brigade,ꯕ꯭ꯔꯤꯒꯗꯦ
chaosaangba,ꯆꯥꯎꯁꯥꯡꯕ
varshney,ꯚꯔꯁꯅꯦꯦ
ngaakpagi,ꯉꯥꯛꯄꯒꯤ
sudana,ꯁꯨꯗꯅ
brennan,ꯕ꯭ꯔꯦꯟꯅꯥꯟ
akola,ꯑꯀꯣꯂꯥ
shravanabelagola,ꯁ꯭ꯔꯚꯕꯅꯦꯕꯒꯦꯒꯂꯒꯂꯦꯒꯂꯒꯂ
kokuyo,ꯀꯣꯀꯨꯇꯣ
namu,ꯅꯃꯨ
cooch,ꯀꯣꯁꯆ
phangkhibadugi,ꯐꯪꯈꯤꯕꯗꯨꯒꯤ
laishram,ꯂꯥꯢꯁ꯭ꯔꯥꯝ
mitchell,ꯃꯤꯠꯆꯦꯜ
carr,ꯀꯦꯔꯔ
emungni,ꯏꯃꯨꯡꯅꯤ
rectifiers,ꯔꯤꯛꯇꯤꯐꯤꯔꯁ
amagi,ꯑꯃꯒꯤ
charles,ꯆꯥꯔꯂꯦꯁ
nagappattinam,ꯅꯥꯒꯄꯇꯠꯇꯅꯝ
mathis,ꯃꯊꯤꯁ
dehra,ꯗꯦꯔ꯭ꯔ
janesville,ꯖꯦꯅꯦꯕꯤꯜꯂꯦ
laiphina,ꯂꯥꯢꯐꯤꯅ
oinaba,ꯑꯣꯢꯅꯕ
articlenachingba,ꯑꯥꯔꯇꯤꯛꯂꯦꯅꯆꯤꯡꯕ
thoothukudi,ꯊꯣꯍꯣꯊꯨꯨꯗꯤ
cheion,ꯆꯩꯌꯣꯟ
shokeen,ꯁꯣꯀꯤꯤꯟ
panghal,ꯄꯪꯍꯍꯜ
plyboards,ꯄ꯭ꯂꯤꯕꯀꯔꯗ
laija,ꯂꯥꯢꯖ
kayaamarumna,ꯀꯌꯥꯃꯔꯨꯝꯅ
apex,ꯑꯄꯦꯛ
dijastarni,ꯗꯤꯖꯥꯁꯇꯔꯤ
davenport,ꯗꯚꯦꯟꯄꯣꯔ
maddipatla,ꯃꯥꯗꯗꯤꯄꯥꯠ
atkins,ꯑꯇꯦꯀꯤꯟꯁ
yeklambadu,ꯌꯦꯛꯂꯝꯕꯗꯨ
cardenas,ꯀꯥꯔꯗꯦꯟꯁ
saraa,ꯁꯔꯥ
thadokpagi,ꯊꯥꯗꯣꯛꯄꯒꯤ
bhansali,ꯚꯟꯁꯥꯂꯤ
pittsburgh,ꯄꯤꯠꯁꯕꯨꯔꯘꯨ
tourism,ꯇꯧꯔꯤꯁꯝ
stephens,ꯁ꯭ꯇꯦꯐꯦꯟꯁ
payment,ꯄꯌꯦꯝꯅꯠ
wardha,ꯋꯥꯔꯙꯥ
brownsville,ꯕ꯭ꯔꯦꯟꯁꯨꯤꯜꯂꯦ
khaktani,ꯈꯥꯛꯇꯅꯤ
luwaopa,ꯂꯨꯋꯥꯎꯄ
naahanbani,ꯅꯥꯍꯟꯕꯅꯤ
takpagi,ꯇꯥꯛꯄꯒꯤ
meehutsing,ꯃꯤꯍꯨꯠꯁꯤꯡ
siwan,ꯁꯤꯋꯥꯟ
summerville,ꯁꯨꯝꯃꯔꯔꯤꯜꯂꯦ
kunthrataret,ꯀꯨꯟꯊ꯭ꯔꯥꯇꯔꯦꯠ
mahawar,ꯃꯍꯥꯋꯥꯔ
micham,ꯃꯤꯆꯝ
mapuroiba,ꯃꯄꯨꯔꯣꯢꯕ
kayaadu,ꯀꯌꯥꯗꯨ
apakpa,ꯑꯄꯛꯄ
alluminium,ꯑꯜꯂꯨꯃꯤꯅꯤꯅꯤꯌꯝ
grove,ꯒ꯭ꯔꯦꯕꯦ
barauni,ꯕꯔꯥꯒꯅꯤ
rockford,ꯔꯣꯛꯐꯣꯣꯔꯗ
khul,ꯈꯨꯜ
houkhibani,ꯍꯧꯈꯤꯕꯅꯤ
paakhangpana,ꯄꯥꯈꯪꯄꯅ
hantharakli,ꯍꯪꯊꯔꯛꯂꯤ
birmingham,ꯕꯤꯔꯔꯤꯘꯍꯝ
bruyn,ꯕ꯭ꯔꯨꯟ
ethatsingda,ꯏꯊꯠꯁꯤꯡꯗ
khakna,ꯈꯛꯅ
excel,ꯏꯦꯀꯦꯜꯁ
jeffersonville,ꯖꯦꯐꯦꯔꯁꯣꯟꯚꯜꯂꯤꯂ
kaamduna,ꯀꯥꯝꯗꯨꯅ
lanli,ꯂꯥꯂꯤ
leitri,ꯂꯩꯇ꯭ꯔꯤ
ujakhi,ꯎꯖꯈꯤ
puyane,ꯄꯨꯌꯥꯅꯦ
menifee,ꯃꯦꯅꯤꯐꯤ
samjinnahanba,ꯁꯝꯖꯤꯟꯅꯍꯟꯕ
funggaawaarising,ꯐꯨꯡꯒꯥꯋꯥꯔꯤꯁꯤꯡ
sudanese,ꯁꯨꯗꯅꯦꯅꯤꯁ
chingkhalbam,ꯆꯤꯡꯈꯜꯕꯝ
tidagi,ꯇꯤꯗꯒꯤ
mongol,ꯃꯣꯉꯣꯣꯜ
saanpa,ꯁꯥꯟꯄ
visaka,ꯚꯤꯁꯛ
infratel,ꯏꯟꯐ꯭ꯔꯦꯜ
shakopee,ꯁꯥꯀꯣꯄꯤ
maanggon,ꯃꯥꯡꯒꯣꯟ
crisil,ꯀ꯭ꯔꯤꯁꯤꯜ
yaayaa,ꯌꯥꯌꯥ
nongngin,ꯅꯣꯡꯉꯤꯟ
sankary,ꯁꯟꯀꯔꯔꯤ
keizer,ꯀꯩꯕ꯭ꯔ
clara,ꯀꯜꯔꯔ
peralta,ꯄꯦꯔꯥꯜꯇ
scottsdale,ꯁꯦꯇꯇꯠꯁꯇꯂꯦ
marakki,ꯃꯔꯛꯀꯤ
kayamaromda,ꯀꯌꯥꯃꯔꯣꯝꯗ
reddy,ꯔꯦꯗꯗ꯭ꯔ
menhit,ꯃꯦꯟꯍꯤꯠ
haaktaktaki,ꯍꯥꯛꯇꯛꯇꯤ
thapalon,ꯊꯥꯄꯂꯣꯟ
kumsinglon,ꯀꯨꯝꯁꯤꯡꯂꯣꯟ
wabag,ꯋꯥꯕꯥ
chahichada,ꯆꯍꯤꯆꯥꯗ
binghamton,ꯕꯤꯡꯍꯥꯇꯣꯟ
grapevine,ꯒ꯭ꯔꯄꯦꯕꯦꯅꯦ
onkhi,ꯑꯣꯟꯈꯤ
gaagaa,ꯒꯥꯒꯥ
thabaktasu,ꯊꯕꯥꯛꯇꯁꯨ
chahichaada,ꯆꯍꯤꯆꯥꯗ
motihari,ꯃꯣꯇꯤꯍꯥꯔꯤ
maayoknaba,ꯃꯥꯌꯣꯛꯅꯕ
thinliba,ꯊꯤꯟꯂꯤꯕ
haapchinduna,ꯍꯥꯞꯆꯤꯟꯗꯨꯅ
khongthangda,ꯈꯣꯡꯊꯪꯗ
brookfield,ꯕ꯭ꯔꯣꯛꯐꯤꯑꯦꯜ
trenton,ꯇ꯭ꯔꯦꯟꯇꯣꯟ
ramayan,ꯔꯥꯃꯌꯥꯟ
heikat,ꯍꯩꯀꯠ
emaa,ꯏꯃꯥ
whitaker,ꯋꯤꯇꯀꯀꯔ
burnsville,ꯕꯨꯟꯁꯤꯜꯤꯂ
thaajanaba,ꯊꯥꯖꯅꯕ
yama,ꯌꯃꯃ
allium,ꯑꯜꯂꯤꯌꯝ
monuments,ꯃꯣꯅꯨꯃꯦꯟꯇ
percygi,ꯄꯦꯔꯁꯒꯤ
lopez,ꯂꯣꯄꯦꯝ
anaheim,ꯑꯅꯥꯩꯝ
gravita,ꯒ꯭ꯔꯚ꯭꯭ꯇ
mindtree,ꯃꯤꯟꯠꯇ꯭ꯔꯤ
killeen,ꯀꯤꯜꯂꯤꯟ
paakthokpa,ꯄꯥꯛꯊꯣꯛꯄ
sinha,ꯁꯤꯟꯍꯥ
laichat,ꯂꯥꯢꯆꯠ
marik,ꯃꯔꯤꯛ
nanglibani,ꯅꯪꯂꯤꯕꯅꯤꯤ
khetrimayum,ꯈꯦꯠ꯭ꯔꯤꯔꯃꯌꯝꯝ
namnaba,ꯅꯝꯅꯕ
marel,ꯃꯔꯦꯜ
alipur,ꯑꯂꯤꯄꯨꯔ
le,ꯂꯦ
chatthok,ꯆꯠꯊꯣꯛ
kline,ꯀ꯭ꯂꯦꯅꯦ
miyamna,ꯃꯤꯌꯥꯝꯅ
takhanba,ꯇꯥꯈꯟꯕ
hodges,ꯍꯣꯗꯒꯦꯁ
vernon,ꯚꯦꯔꯅꯣꯟ
thakhare,ꯊꯥꯈꯔꯦ
misak,ꯃꯤꯁꯛ
cathedral,ꯀꯥꯊꯦꯜꯗ꯭ꯔꯦꯜ
focus,ꯐꯣꯀꯨꯁ
sachan,ꯁꯆꯟ
chaanpipi,ꯆꯥꯟꯄꯤꯄꯤ
largo,ꯂꯥꯒꯣꯒ
leiraba,ꯂꯩꯔꯕ
pitts,ꯄꯤꯠꯁ
nguyen,ꯉꯨꯌꯦꯟ
frazier,ꯐ꯭ꯔꯥꯓꯤꯑꯔ
tucson,ꯇꯨꯁꯀꯣꯟ
sulung,ꯁꯨꯂꯨꯡ
keizer,ꯀꯩꯕ꯭ꯔ
ukraine,ꯎꯀ꯭ꯔꯦꯔꯦꯟ
sajik,ꯁꯖꯤꯛ
dwivedi,ꯗ꯭ꯋꯦꯕꯦꯗꯤ
katiyar,ꯀꯇꯤꯌꯥꯔ
natheiramle,ꯅꯊꯦꯩꯔꯝꯂꯦ
athokpam,ꯑꯊꯣꯛꯄꯝ
mcclain,ꯃꯦꯛꯂꯥꯢꯟ
eurynome,ꯏꯨꯔꯤꯅꯣꯃꯦ
bhaagabat,ꯚꯥꯒꯕꯥꯠ
goodyear,ꯒꯣꯗꯥ꯭ꯤꯌꯔ
solis,ꯁꯣꯂꯤꯁ
nikobar,ꯅꯤꯀꯣꯕꯔ
atonbidusu,ꯑꯇꯣꯟꯕꯤꯗꯁꯨ
thinnaba,ꯊꯤꯟꯅꯕ
kananota,ꯀꯅꯥꯅꯣꯇ
tirunelveli,ꯇꯤꯔꯨꯅꯦꯜꯚꯂꯂꯤ
samjinnari,ꯁꯝꯖꯤꯟꯅꯔꯤ
islam,ꯏꯂꯂꯝ
chavan,ꯆꯥꯕꯥꯟ
view,ꯚꯤꯌꯨꯋꯨ
upadhyay,ꯎꯄꯗꯙ꯭ꯌꯥ
puyallup,ꯄꯨꯌꯥꯜꯂꯨꯞ
chaanipaanga,ꯆꯥꯅꯄꯥꯡꯒ
fangdriba,ꯐꯪꯗ꯭꯭ꯔꯤꯕ
silikongi,ꯁꯤꯂꯤꯀꯣꯟꯒꯤ
heiningjom,ꯍꯩꯅꯤꯡꯖꯣꯝ
batala,ꯕꯇꯇꯂꯥ
buena,ꯕꯨꯅꯦ
mayollamgi,ꯃꯌꯣꯜꯂꯝꯒꯤ
aprajita,ꯑꯦꯝꯔꯖꯤꯇꯥ
renton,ꯔꯦꯟꯇꯣꯟ
lanchao,ꯂꯥꯟꯆꯥꯎ
yumjao,ꯌꯨꯝꯖꯥꯎ
saaphu,ꯁꯥꯐꯨ
goyal,ꯒꯣꯌꯥꯂꯜ
tripuraga,ꯇ꯭ꯔꯤꯄꯨꯔꯥꯒ
rowlett,ꯔꯣꯋꯦꯠꯠ
thaangyikum,ꯊꯥꯡꯌꯤꯀꯨꯝ
nungshiraba,ꯅꯨꯡꯁꯤꯔꯕ
chakni,ꯆꯥꯛꯅꯤ
laappa,ꯂꯥꯞꯄ
fayetteville,ꯐꯌꯦꯠꯇꯦꯕꯤꯜꯂꯦ
arthur,ꯑꯥꯔꯊꯨꯔ
carlo,ꯀꯦꯔꯂꯣ
buckley,ꯕꯨꯀ꯭ꯀ꯭ꯂꯦ
takhellambam,ꯇꯥꯈꯦꯜꯂꯝꯕꯝ
land,ꯂꯥꯟ
manchanda,ꯃꯟꯆꯟꯗ
thaalon,ꯊꯥꯂꯣꯟ
lingkhatlamba,ꯂꯤꯡꯈꯠꯂꯃꯕ
churachanna,ꯆꯨꯔꯆꯆꯟꯅ
itarsi,ꯏꯇꯥꯔꯁꯤ
mapung,ꯃꯄꯨꯡ
waanghouba,ꯋꯥꯡꯍꯧꯕ
briggs,ꯕ꯭ꯔꯤꯒꯁ
amaravati,ꯑꯃꯔꯚꯇꯤ
chabada,ꯆꯥꯕꯗ
gaski,ꯒꯁꯀꯤ
balkrishna,ꯕꯥꯜꯀ꯭ꯔꯤꯁꯅ
masood,ꯃꯁꯣꯣꯗ
guntur,ꯒꯨꯟꯇꯨꯔ
louis,ꯂꯧꯑꯣꯢ
lainupini,ꯂꯥꯢꯅꯨꯄꯤꯅꯤ
ichu,ꯏꯆꯨ
escondido,ꯏꯁꯀꯣꯟꯗꯤꯗꯣ
walters,ꯋꯥꯜꯇꯔꯁ
sind,ꯁꯤꯟꯗ
aishwary,ꯑꯏꯁ꯭ꯋꯥꯔꯤ
wolf,ꯋꯣꯜꯐ
slovakiya,ꯁ꯭ꯂꯣꯚꯥꯀꯤꯌꯥ
sevagram,ꯁꯦꯕꯒ꯭ꯔꯝ
tagi,ꯇꯥꯒꯤ
burke,ꯕꯨꯔꯀ
fampalda,ꯐꯝꯄꯥꯜꯗ
palmdale,ꯄꯥꯜꯝꯗꯥꯦꯦ
leisubi,ꯂꯩꯁꯨꯕꯤ
founder,ꯐꯧꯎꯟꯗꯔ
erode,ꯏꯔꯣꯗꯦ
haokip,ꯍꯥꯎꯀꯤꯞ
gaandhaarigi,ꯒꯥꯟꯙꯥꯔꯤꯒꯤ
ipaakachouba,ꯏꯄꯥꯀꯆꯧꯕ
meiraa,ꯃꯩꯔꯥ
mayo,ꯃꯌꯣ
path,ꯄꯥꯊ
pathaapki,ꯄꯥꯊꯥꯤ
nunggarei,ꯅꯨꯡꯒꯥꯔꯩ
kansas,ꯀꯥꯟꯁ
thakur,ꯊꯥꯀꯨꯔ
leipaakna,ꯂꯩꯄꯥꯛꯅ
sioux,ꯁꯤꯑꯣꯁ
mayanglambam,ꯃꯌꯥꯡꯂꯝꯕꯝ
kangbagi,ꯀꯪꯕꯒꯤ
holidays,ꯍꯣꯂꯤꯗꯥꯁ
nokningba,ꯅꯣꯛꯅꯤꯡꯕ
khundangbam,ꯈꯨꯟꯗꯥꯡꯕꯝ
houkhibagi,ꯍꯧꯈꯤꯕꯒꯤꯒꯤ
brake,ꯕ꯭ꯔꯀꯦ
faulkner,ꯐꯥꯜꯛꯅꯔ
telangana,ꯇꯦꯂꯥꯉꯥ
khargone,ꯈꯔꯒꯣꯅꯦ
rosas,ꯔꯣꯁꯥꯁ
thangamayil,ꯊꯪꯒꯃꯌꯦꯜ
chungsennubi,ꯆꯨꯡꯁꯦꯟꯅꯨꯕꯤ
francisco,ꯐ꯭ꯔꯥꯟꯁꯁꯁ
humpu,ꯍꯨꯝꯄꯨ
king,ꯀꯤꯡ
thangal,ꯊꯪꯒꯜ
laanmisingna,ꯂꯥꯟꯃꯤꯁꯤꯡꯅ
shajapur,ꯁꯥꯖꯄꯨꯔ
hiyanggei,ꯍꯤꯌꯥꯡꯒꯩ
poram,ꯄꯣꯔꯃ
ngaada,ꯉꯥꯗ
mapei,ꯃꯄꯩ
afghanistan,ꯑꯐꯒꯥꯅꯤꯁꯇꯅ
leimakhujam,ꯂꯩꯃꯈꯨꯖꯝ
chatcharo,ꯆꯠꯆꯔꯔꯣ
harvey,ꯍꯥꯚ꯭꯭ꯦ
sequent,ꯁꯦꯀꯨꯖꯟ
ningsingba,ꯅꯤꯡꯁꯤꯡꯕ
punna,ꯄꯨꯟꯅ
phylum,ꯐ꯭ꯂꯨꯝ
mahbubnagar,ꯃꯍꯨꯕꯨꯅꯒꯔꯒ
pandava,ꯄꯥꯟꯗꯥ
harlingen,ꯍꯔꯂꯤꯉꯦꯟ
ganganagar,ꯒꯪꯒꯅꯒꯔ
shakminnabagi,ꯁꯛꯃꯤꯟꯅꯕꯒꯤ
dewas,ꯗꯦꯋꯥꯁ
mangbara,ꯃꯥꯡꯕꯔ
mamaangthakta,ꯃꯃꯥꯡꯊꯥꯛꯇ
horton,ꯍꯣꯔꯇꯣꯟ
chatarukka,ꯆꯠꯔꯔꯨꯀ
bhasin,ꯚꯥꯁꯤꯟ
miyambu,ꯃꯤꯌꯥꯝꯕꯨ
savita,ꯁꯥꯚꯤꯇ
faaraba,ꯐꯥꯔꯕ
burnett,ꯕꯨꯟꯅꯦꯠꯠ
ngangnarakliba,ꯉꯥꯡꯅꯔꯛꯂꯤꯕ
angangsingda,ꯑꯉꯥꯡꯁꯤꯡꯗ
ware,ꯋꯥꯔꯦ
banda,ꯕꯥꯟꯗ
saruksi,ꯁꯔꯨꯛꯁꯤ
mariphumangaa,ꯃꯔꯤꯐꯨꯃꯉꯥ
barbuda,ꯕꯔꯕꯨꯨꯗ
seed,ꯁꯤꯗ
oswal,ꯑꯣꯁꯋꯦꯜ
kharadagi,ꯈꯔꯗꯒꯤ
khudakki,ꯈꯨꯗꯥꯛꯀꯤ
ngangoi,ꯉꯥꯉꯣꯢ
thaafam,ꯊꯥꯐꯝ
chenthakhiba,ꯆꯦꯟꯊꯈꯤꯕ
mihutsing,ꯃꯤꯍꯨꯠꯁꯤꯡ
faare,ꯐꯥꯔꯦ
aizawl,ꯑꯏꯓꯥꯋꯦ
inthokkhi,ꯏꯟꯊꯣꯛꯈꯤ
nung,ꯅꯨꯡ
fuentes,ꯐꯤꯦꯟꯇꯦꯁ
mercado,ꯃꯦꯔꯀꯥꯗꯣ
hicks,ꯍꯤꯛꯁꯛ
lairenjam,ꯂꯥꯢꯔꯦꯟꯖꯝ
lampakka,ꯂꯝꯄꯥꯛꯀ
statesingda,ꯁ꯭ꯇꯦꯠꯁꯤꯡꯗ
mangan,ꯃꯥꯥꯟ
sirca,ꯁꯤꯔꯀꯥ
timken,ꯇꯤꯝꯀꯦꯟ
chingdongi,ꯆꯤꯡꯗꯣꯡꯒꯤ
mcmahon,ꯃꯦꯝꯍꯣꯣꯟ
kaalraatri,ꯀꯥꯜꯔꯥꯔꯤ
thouramda,ꯊꯧꯔꯝꯗ
vegas,ꯚꯦꯒꯁ
chingsinnaba,ꯆꯤꯡꯁꯤꯟꯅꯕ
reach,ꯔꯤꯁꯆ
leach,ꯂꯤꯑꯆ
reed,ꯔꯤꯗ
wangngi,ꯋꯥꯡꯉꯤ
akzo,ꯑꯀꯓꯣ
kayaga,ꯀꯌꯥꯒ
imphaldagi,ꯏꯝꯐꯥꯜꯗꯒꯤ
chandrapur,ꯀꯟꯗ꯭ꯔꯄꯄꯔꯔ
chaathaang,ꯆꯥꯊꯥꯡ
pali,ꯄꯥꯂꯤ
aphaba,ꯑꯐꯕ
yaannanaba,ꯌꯥꯟꯅꯅꯕ
sabha,ꯁꯥꯚ
saafaba,ꯁꯥꯐꯕ
mami,ꯃꯃꯤ
whittier,ꯋꯤꯠꯇꯇꯤꯔ
mayaamda,ꯃꯌꯥꯝꯗ
haynes,ꯍꯌꯦꯅꯦꯁ
sembi,ꯁꯦꯝꯕꯤ
ridge,ꯔꯤꯗꯒꯦ
gurnani,ꯒꯨꯔꯅꯥꯅꯤ
thangchahanpa,ꯊꯪꯆꯍꯟꯄ
paoselnapa,ꯄꯥꯎꯁꯦꯜꯅꯄ
terry,ꯇꯦꯔꯤ
khongtekcham,ꯈꯣꯡꯇꯦꯛꯆꯝ
dejesus,ꯗꯦꯖꯦꯁꯁ
langthabal,ꯂꯪꯡꯊꯥꯜ
anidu,ꯑꯅꯤꯗꯨ
thaadokpagi,ꯊꯥꯗꯣꯛꯄꯒꯤ
ningshingba,ꯅꯤꯡꯁꯤꯡꯕ
thokkhibagini,ꯊꯣꯛꯈꯤꯕꯒꯤꯅꯤ
fasteners,ꯐꯁꯇꯦꯦꯅꯔꯁ
islands,ꯏꯁꯂꯦꯟꯗꯁ
amreli,ꯑꯦꯔꯦꯂꯤ
chakhanba,ꯆꯥꯈꯟꯕ
khada,ꯈꯗ
raillambi,ꯔꯦꯜꯂꯂꯝꯕꯤ
chakrida,ꯆꯥꯛ꯭ꯤꯗ
swaraj,ꯁ꯭ꯋꯥꯔꯥꯖ
kang,ꯀꯥꯡ
kokomo,ꯀꯣꯀꯣꯃꯣ
phalodi,ꯐꯂꯂꯣꯗꯤ
orange,ꯑꯣꯔꯥꯟꯒꯦ
piramlaga,ꯄꯤꯔꯝꯂꯒ
gaines,ꯒꯥꯢꯅꯦꯁ
leipham,ꯂꯩꯐꯝ
kourabasinggi,ꯀꯧꯔꯕꯁꯤꯡꯒꯤ
chang,ꯆꯪ
saphagadaba,ꯁꯐꯐꯒꯗꯕ
chaangdamnaba,ꯆꯥꯡꯗꯝꯅꯕ
bipin,ꯕꯤꯄꯤꯟ
gujarat,ꯒꯨꯖꯥꯔꯥ
tirupati,ꯇꯤꯔꯨꯄꯇꯤ
jagdalpur,ꯖꯒꯗꯥꯜꯄꯨꯔ
sciences,ꯁꯤꯁꯦꯟꯁꯦꯁ
cantu,ꯀꯦꯟꯇꯨ
knoxville,ꯛꯅꯣꯛꯕꯤꯜꯂꯦ
nongthrei,ꯅꯣꯡꯊ꯭ꯔꯩ
missouri,ꯃꯤꯁꯣꯧꯔꯤ
pujaa,ꯄꯨꯖꯥ
tanglaba,ꯇꯪꯂꯕ
adhaulia,ꯑꯙꯥꯗꯂꯤꯌꯥ
yamala,ꯌꯃꯥꯂꯥ
lamkoiba,ꯂꯝꯀꯣꯢꯕ
ipak,ꯏꯄꯥꯛ
crore,ꯀ꯭ꯔꯣꯔꯦ
himatsingka,ꯍꯤꯃꯇꯠꯁꯤꯡ
semsaba,ꯁꯦꯝꯁꯥ
das,ꯗꯁ
koktuna,ꯀꯣꯛꯇꯨꯅ
koina,ꯀꯣꯢꯅ
laappada,ꯂꯥꯞꯄꯗ
waangkhatpa,ꯋꯥꯡꯈꯠꯄ
hangnade,ꯍꯪꯅꯗꯦꯗ
beaverton,ꯕꯦꯔꯦꯕꯔꯔꯣꯣꯟ
saayongi,ꯁꯥꯌꯣꯟꯒꯤ
shekhar,ꯁꯦꯛꯔ
tel,ꯇꯦꯜ
ogden,ꯑꯣꯒꯗꯦꯟ
nambana,ꯅꯝꯕꯅ
ingpa,ꯏꯪꯄ
keisumsangda,ꯀꯩꯁꯨꯝꯁꯪꯗ
chingna,ꯆꯤꯡꯅ
mastek,ꯃꯁꯇꯦꯛ
awatapa,ꯑꯋꯇꯄ
sweden,ꯁ꯭ꯋꯦꯗꯦꯟ
rawat,ꯔꯋꯦꯠ
nainital,ꯅꯥꯢꯅꯤꯇꯦꯜ
barnstable,ꯕꯔꯁꯁꯇꯥꯂ
mityengfam,ꯃꯤꯠꯌꯦꯡꯐꯝ
sangsalol,ꯁꯪꯁꯥꯂꯣꯜ
belarus,ꯕꯦꯂꯥꯔꯁ
pangli,ꯄꯪꯂꯤꯤ
habra,ꯍꯥ꯭꯭꯭ꯔ
pakchaobadagini,ꯄꯥꯛꯆꯥꯎꯗꯕꯒꯤ
silva,ꯁꯤꯜꯚ
mosley,ꯃꯣꯁꯂꯦ
yaoraktringeida,ꯌꯥꯎꯔꯛꯇ꯭ꯔꯤꯉꯩꯗ
waykos,ꯋꯥꯟꯀꯣꯁ
thadoklamlaga,ꯊꯥꯗꯣꯛꯂꯝꯂꯒ
development,ꯗꯦꯕꯂꯣꯂꯄꯦꯟꯇ
fry,ꯐ꯭ꯔꯤ
mariphu,ꯃꯔꯤꯐꯨ
resham,ꯔꯦꯁꯝ
french,ꯐ꯭ꯔꯦꯟꯆꯥ
nadiad,ꯅꯥꯗꯤꯌꯥꯗ
kabulna,ꯀꯥꯕꯨꯜꯅ
kochi,ꯀꯣꯆꯤ
ashini,ꯑꯁꯤꯅꯤ
salaichaasingga,ꯁꯂꯥꯢꯆꯥꯁꯤꯡꯒ
eden,ꯏꯗꯦꯟ
petersburg,ꯄꯦꯇꯔꯁꯕꯨꯔꯒ
toubro,ꯇꯧꯕ꯭ꯔꯣ
shawnee,ꯁꯥꯅꯤ
chaannana,ꯆꯥꯟꯅ
bryant,ꯕ꯭ꯔꯤꯟꯟꯠ
shakei,ꯁꯥꯀꯩ
sultanpur,ꯁꯨꯜꯇꯥꯟꯄꯨꯔ
ebadubu,ꯏꯕꯗꯕꯨ
bhojpur,ꯚꯣꯖꯄꯔ
kanna,ꯀꯥꯟꯅ
cheriti,ꯆꯦꯔꯤꯇꯤ
fahanli,ꯐꯍꯟꯂꯤ
foley,ꯐꯣꯂꯦ
wood,ꯋꯣꯎꯗ
barbera,ꯕꯔꯕꯔꯦꯔꯥ
nagaland,ꯅꯒꯂꯂꯟ
eliad,ꯏꯂꯤꯌꯥꯗ
machaaki,ꯃꯆꯥꯀꯤ
thouraba,ꯊꯧꯔꯕ
amamam,ꯑꯃꯃꯝ
gayatri,ꯒꯌꯥꯇ꯭ꯔꯤ
sharu,ꯁꯔꯔꯨ
shada,ꯁꯥꯗ
anal,ꯑꯅꯜ
forge,ꯐꯣꯔꯖꯦ
loktak,ꯂꯣꯛꯇꯥꯛ
strongsville,ꯁ꯭ꯇꯣꯡꯉꯨ
kane,ꯀꯅꯦ
maheiroisingna,ꯃꯍꯩꯔꯣꯢꯁꯤꯡꯅ
minungshi,ꯃꯤꯅꯨꯡꯁꯤ
solanki,ꯁꯣꯂꯥꯟꯀꯤ
zunheboto,ꯓꯨꯟꯍꯦꯕꯣꯇꯣ
pambagi,ꯄꯥꯝꯕꯒꯤ
apple,ꯑꯦꯞꯂꯦ
lenexa,ꯂꯦꯅꯦꯀ
phaare,ꯐꯥꯔꯦ
khurumjei,ꯈꯨꯔꯨꯝꯖꯩ
texarkana,ꯇꯦꯛꯔꯀ
mangkaa,ꯃꯪꯀꯥ
carroll,ꯀꯦꯔꯔꯣꯜꯜ
humphutaraataret,ꯍꯨꯝꯐꯨꯇꯔꯥꯇꯔꯦꯠ
budaun,ꯕꯨꯗꯥꯎꯟ
atupu,ꯑꯇꯨꯄꯨ
mamingsingdudi,ꯃꯃꯤꯡꯁꯤꯡꯗꯨꯗꯤ
wagh,ꯋꯥꯒ
bhawani,ꯚꯋꯥꯅꯤ
lusiyaa,ꯂꯨꯁꯤꯌꯥ
powers,ꯄꯣꯋꯦꯔꯁ
thougatpa,ꯊꯧꯒꯠꯄ
lonnachingba,ꯂꯣꯟꯅꯆꯤꯡꯕ
smart,ꯁ꯭ꯃꯥꯔꯠ
palladium,ꯄꯦꯜꯂꯗꯤꯌꯝ
maplewood,ꯃꯄ꯭ꯂꯦꯋꯣꯗ
yavatmal,ꯌꯥꯕꯥꯇꯦꯜ
ahmadnagar,ꯑꯍꯃꯗꯗꯒꯔ
hills,ꯍꯤꯜꯁꯜ
angoubi,ꯑꯉꯧꯕꯤ
louthoklaga,ꯂꯧꯊꯣꯛꯂꯒ
balram,ꯕꯥꯜꯔꯝ
yengbada,ꯌꯦꯡꯕꯗ
kottayam,ꯀꯣꯠꯇꯥꯌꯥꯝ
bennett,ꯕꯦꯟꯅꯦꯠꯠ
wanghouba,ꯋꯥꯡꯍꯧꯕ
sawyer,ꯁꯋꯦꯌꯔ
assembly,ꯑꯁꯦꯝꯕꯂꯤ
jalor,ꯖꯂꯂꯔ
yanam,ꯌꯥꯅꯝ
he,ꯍꯦ
akolkar,ꯑꯀꯣꯜꯀꯔ
piklingeidagi,ꯄꯤꯛꯂꯤꯉꯩꯗꯒꯤ
potter,ꯄꯣꯠꯇꯔ
sintha,ꯁꯤꯟꯊ
jebina,ꯖꯦꯕꯤꯅ
control,ꯀꯣꯟꯇ꯭ꯔꯣꯜ
sugar,ꯁꯨꯒꯔ
lingkhatli,ꯂꯤꯡꯈꯠꯂꯤ
equipment,ꯏꯀꯨꯢꯄꯦꯟꯇ
twin,ꯇ꯭ꯋꯤꯟ
taanbada,ꯇꯥꯟꯕꯗ
nongchenpam,ꯅꯣꯡꯆꯦꯟꯄꯝ
meza,ꯃꯦꯖꯥ
pakthokpa,ꯄꯥꯛꯊꯣꯛꯄ
machani,ꯃꯆꯥꯅꯤ
charangpat,ꯆꯥꯔꯪꯄꯥꯠ
nahasing,ꯅꯍꯥꯁꯤꯡ
houjiksu,ꯍꯧꯖꯤꯛꯁꯨ
shoreline,ꯁꯣꯔꯦꯜꯂꯤꯅꯦ
anganba,ꯑꯉꯥꯟ
ningthem,ꯅꯤꯡꯊꯦꯝ
rhodes,ꯔꯍꯣꯗꯦꯁ
feijom,ꯐꯩꯖꯣꯝ
behuria,ꯕꯦꯍꯨꯔꯤꯌꯥ
kar,ꯀꯔ
ithel,ꯏꯊꯦꯜ
bernardino,ꯕꯦꯔꯅꯔꯗꯗꯤꯅꯣ
square,ꯁ꯭ꯀꯥꯔꯦ
movers,ꯃꯣꯚꯔꯁ
varun,ꯚꯔꯨꯟ
lairen,ꯂꯥꯢꯔꯦꯟ
madden,ꯃꯥꯗꯦꯦꯟ
laifao,ꯂꯥꯢꯐꯥꯎ
matsya,ꯃꯥꯠꯁꯌ
pandabha,ꯄꯥꯟꯗꯚ
bulandshahr,ꯕꯨꯂꯥꯟꯁ꯭꯭ꯔ
waithungminnakhi,ꯋꯥꯢꯊꯨꯝꯅꯤꯅꯈꯤ
phangde,ꯐꯪꯗꯦ
charlottesville,ꯆꯔꯂꯣꯇꯇꯇꯤꯖꯤꯜꯂꯤꯂ
eros,ꯏꯔꯣꯁ
brentwood,ꯕ꯭ꯔꯦꯟꯠ꯭ꯋꯣꯗ
fontana,ꯐꯣꯟꯇꯅ
kunthraataret,ꯀꯨꯟꯊ꯭ꯔꯥꯇꯔꯦꯠ
sidokpa,ꯁꯤꯗꯣꯛꯄ
firal,ꯐꯤꯔꯜ
rohtak,ꯔꯣꯠꯇꯛ
thaajajaba,ꯊꯥꯖꯖꯕ
paak,ꯄꯥꯛ
laakpadagi,ꯂꯥꯛꯄꯗꯒꯤ
faoduna,ꯐꯥꯎꯗꯨꯅ
lonbu,ꯂꯣꯟꯕꯨ
gurdaspur,ꯒꯨꯔꯗꯥꯁꯄ꯭ꯔ
kangleichaa,ꯀꯪꯂꯩꯆꯥ
anou,ꯑꯅꯧ
buildcon,ꯕꯤꯜꯗꯣꯀꯣꯟ
ojha,ꯑꯣꯖꯥ
snow,ꯁ꯭ꯅꯣꯋꯋ
kayaana,ꯀꯌꯥꯅ
navkar,ꯅꯥꯀꯀ
artemis,ꯑꯥꯔꯇꯦꯃꯃꯤ
loubasu,ꯂꯧꯕꯁꯨ
bijandogi,ꯕꯤꯖꯥꯟꯗꯣꯒꯤ
oirakpa,ꯑꯣꯢꯔꯛꯄ
thalon,ꯊꯥꯂꯣꯟ
anishuba,ꯑꯅꯤꯁꯨꯕ
fine,ꯐꯤꯅꯦ
laphoidagi,ꯂꯥꯐꯣꯢꯗꯒꯤ
dhaulakhandi,ꯙꯥꯎꯂꯛꯍꯟꯗꯤ
kaang,ꯀꯥꯡ
ningthouja,ꯅꯤꯡꯊꯧꯖ
montclair,ꯃꯣꯟꯇ꯭ꯂꯥꯢꯔ
bhaskar,ꯚꯥꯁꯀꯔ
sak,ꯁꯛ
dronacharya,ꯗ꯭ꯔꯣꯅꯥꯆꯔꯌ
kayaamaromda,ꯀꯌꯥꯃꯔꯣꯝꯗ
mandal,ꯃꯥꯟꯗꯥꯜ
basirhat,ꯕꯁꯤꯔꯍ
sayangsinggi,ꯁꯌꯥꯡꯁꯤꯡꯒꯤ
aggarwal,ꯑꯒꯒꯋ꯭ꯔꯦꯜ
hainadi,ꯍꯥꯢꯅꯗꯤ
novato,ꯅꯣꯚꯥꯇꯣ
saruktana,ꯁꯔꯨꯛꯇꯅ
hess,ꯍꯦꯁ
waangkhatlakkhi,ꯋꯥꯡꯈꯠꯂꯛꯈꯤ
madhubani,ꯃꯥꯙꯨꯕꯅꯤ
ortiz,ꯑꯣꯔꯇꯤꯓꯤ
baxter,ꯕꯥꯛꯇꯔ
midwest,ꯃꯤꯗꯋꯦꯁꯠ
vijayapura,ꯚꯤꯖꯥꯌꯄꯔꯥ
nischal,ꯅꯤꯁꯆꯜ
naanabagi,ꯅꯥꯅꯕꯒꯤ
morgan,ꯃꯣꯔꯒꯥ
shanthi,ꯁꯟꯊꯤ
lalpicha,ꯂꯥꯜꯄꯤꯆꯥ
yucaipa,ꯌꯨꯀꯥꯢꯄ
medizensar,ꯃꯦꯗꯤꯓꯦꯟꯁꯔ
mairel,ꯃꯥꯢꯔꯦꯜ
awaafam,ꯑꯋꯥꯐꯝ
taplabadi,ꯇꯞꯂꯕꯗꯤ
romeda,ꯔꯣꯃꯦꯗ
ngaakthoki,ꯉꯥꯛꯊꯣꯛꯏ
maangte,ꯃꯥꯡꯇꯦ
hayengla,ꯍꯌꯦꯡꯂꯥ
lepte,ꯂꯦꯞꯇꯦ
romeoville,ꯔꯣꯃꯑꯣꯚꯤꯜꯂꯦ
jenon,ꯖꯦꯅꯣꯟ
gtpl,ꯁꯨꯠ
passaic,ꯄꯁꯁꯥꯢ
waarinachingbasinggi,ꯋꯥꯔꯤꯅꯆꯤꯡꯕꯁꯤꯡꯒꯤꯤꯤꯤꯤꯤꯤꯤꯤꯤꯤꯤꯤꯤꯤꯤꯤ
sirohi,ꯁꯤꯔꯣꯍꯤ
mapaal,ꯃꯄꯥꯜ
kalki,ꯀꯜꯀꯤ
mainpuri,ꯃꯥꯢꯟꯄꯨꯔꯤ
amblikani,ꯑꯝꯝꯕꯤꯂꯛꯅꯤ
alwar,ꯑꯜꯋꯥꯔ
khundaba,ꯈꯨꯟꯗꯕ
thiruvananthapuram,ꯊꯤꯔꯨꯚꯅꯅꯊꯟꯄꯨꯔ
sintaknabi,ꯁꯤꯟꯇꯛꯅꯕꯤ
titagarh,ꯇꯤꯇꯥꯒꯔꯍ
mandarin,ꯃꯥꯟꯗꯥꯔꯤꯟ
pithaki,ꯄꯤꯊꯛꯏ
putta,ꯄꯨꯠꯇ
savita,ꯁꯥꯚꯤꯇ
ethel,ꯏꯊꯦꯜ
umba,ꯎꯝꯕ
lithiumgi,ꯂꯤꯊꯤꯤꯌꯝꯒꯤ
maharashtra,ꯃꯍꯥꯔꯁ꯭ꯇ꯭ꯔ
pulap,ꯄꯨꯂꯞ
abkhaziada,ꯑꯦꯈꯖꯥꯤꯌꯥꯗ
leitrabi,ꯂꯩꯇ꯭ꯔꯕꯤ
houjikna,ꯍꯧꯖꯤꯛꯅ
carpentersville,ꯀꯦꯔꯄꯦꯟꯇꯦꯁꯕꯤꯜꯂꯤꯂ
ayers,ꯑꯌꯦꯔꯁ
nungsirei,ꯅꯨꯡꯁꯤꯔꯩ
puwarisi,ꯄꯨꯋꯥꯔꯤꯁꯤ
kayamarom,ꯀꯌꯥꯃꯔꯣꯝ
animak,ꯑꯅꯤꯃꯛ
dial,ꯗꯤꯑꯦꯜ
sangsaalol,ꯁꯪꯁꯥꯂꯣꯜ
waaheiparengsing,ꯋꯥꯍꯩꯄꯔꯦꯡꯁꯤꯡ
cortes,ꯀꯣꯔꯇꯦꯁ
uttarakhand,ꯎꯠꯇꯔꯛꯍꯟꯗ
yaaduna,ꯌꯥꯗꯨꯅ
lewisville,ꯂꯦꯋꯤꯛꯁꯤꯜꯂꯦ
yaduna,ꯌꯥꯗꯨꯅ
paakthokpana,ꯄꯥꯛꯊꯣꯛꯄꯅ
halebid,ꯍꯥꯂꯦꯕꯤꯗ
pannaraga,ꯄꯥꯟꯅꯔꯒ
phylumni,ꯐꯤꯂꯨꯝꯅꯤ
ananki,ꯑꯅꯥꯟꯀ
palli,ꯄꯦꯜꯂꯤ
fangkhibadugi,ꯐꯪꯈꯤꯕꯗꯨꯒꯤ
manaonupi,ꯃꯅꯥꯎꯅꯨꯄꯤ
waheiparengsing,ꯋꯥꯍꯩꯄꯔꯦꯡꯁꯤꯡ
denver,ꯗꯦꯟꯚꯔ
yaade,ꯌꯥꯗꯦ
leirang,ꯂꯩꯔꯪ
shurungni,ꯁꯨꯔꯨꯡꯅꯤ
hiramda,ꯍꯤꯔꯝꯗ
silvassa,ꯁꯤꯜꯚꯥꯁꯥ
palo,ꯄꯥꯣꯣ
linariba,ꯂꯤꯅꯔꯤꯕ
vizianagaram,ꯚꯤꯐꯤꯌꯥꯅꯒꯔꯔꯝ
lonnabada,ꯂꯣꯟꯅꯕꯗ
ngaoraga,ꯉꯥꯎꯔꯒ
rusian,ꯔꯨꯁꯤꯌꯥꯟ
asahi,ꯑꯁꯥꯍꯤ
laichinglempigi,ꯂꯥꯢꯆꯤꯡꯂꯦꯝꯄꯤ
claire,ꯀꯂꯥꯢꯔꯦ
booth,ꯕꯣꯑꯊ
contracts,ꯀꯣꯟꯇ꯭ꯔꯔꯠ
sambhal,ꯁꯝꯆꯜ
shoes,ꯁꯣꯁ
taankhibana,ꯇꯥꯟꯈꯤꯕꯅ
thadoktuna,ꯊꯥꯗꯣꯛꯇꯨꯅ
pangduna,ꯄꯥꯡꯗꯨꯅ
damoh,ꯗꯃꯣꯣ
laatpaki,ꯂꯥꯠꯄꯀꯤ
kavi,ꯀꯥꯕꯤ
moradabad,ꯃꯣꯔꯥꯗꯕꯗ
mandi,ꯃꯥꯟꯗꯤ
nathdwara,ꯅꯊꯨ꯭ꯋꯥꯔ
sasidharan,ꯁꯥꯁꯤꯙꯔꯟ
ongani,ꯑꯣꯉꯥꯅꯤ
khuyum,ꯈꯨꯌꯨꯝ
communications,ꯀꯝꯃꯨꯅꯤꯀꯥ
chakma,ꯆꯥꯛꯃꯥ
chitranshi,ꯆꯤꯇ꯭ꯔꯥꯟꯁꯤ
panggalbagi,ꯄꯪꯒꯜꯕꯒꯒꯤ
haute,ꯍꯥꯎꯇꯦ
turen,ꯇꯨꯔꯦꯟ
haijei,ꯍꯥꯢꯖꯩ
tiruchchirappalli,ꯇꯤꯔꯨꯆ꯭ꯔꯤꯔꯄꯄꯜꯤꯤ
jagaragallu,ꯖꯒꯔꯒ
novak,ꯅꯣꯚꯥꯛ
remains,ꯔꯦꯃꯥꯢꯟ
ouria,ꯑꯧꯔꯤꯌꯥ
saknakhi,ꯁꯛꯅꯈꯤ
biotec,ꯕꯤꯑꯦꯠꯁ
dudeja,ꯗꯨꯗꯦꯖ
porwal,ꯄꯣꯔꯋꯥꯜ
eagan,ꯏꯒꯒꯟ
shores,ꯁꯣꯔꯦꯁ
mayoknaba,ꯃꯌꯣꯛꯅꯕ
gudepu,ꯒꯨꯗꯦꯄꯨ
kalidas,ꯀꯥꯤꯤꯗꯁ
khuman,ꯈꯨꯃꯟ
haor,ꯍꯥꯎꯔ
ekha,ꯏꯈꯥ
kayamarumna,ꯀꯌꯥꯃꯔꯨꯝꯅ
gould,ꯒꯧꯜꯜ
lonsingdudi,ꯂꯣꯟꯁꯤꯡꯗꯨꯗꯤ
hinton,ꯍꯤꯟꯇꯣꯟ
koubi,ꯀꯧꯕꯤ
epakachouba,ꯏꯄꯥꯀꯆꯧꯕ
kerr,ꯀꯦꯔꯔ
imarat,ꯏꯃꯔꯥꯠ
hankhibagi,ꯍꯥꯈꯤꯕꯒꯤꯒꯤ
thapaalongi,ꯊꯥꯄꯂꯣꯟꯒꯤ
health,ꯍꯦꯂꯠꯊ
peel,ꯄꯤꯜ
hans,ꯍꯥꯟꯁ
neongi,ꯅꯤꯑꯣꯟꯒꯤ
felipe,ꯐꯦꯂꯤꯄꯦ
hourakliba,ꯍꯧꯔꯛꯂꯤꯕ
yektuna,ꯌꯦꯛꯇꯨꯅ
kansal,ꯀꯟꯁꯥꯜ
setpi,ꯁꯦꯠꯄꯤ
urbandale,ꯎꯔꯕꯟꯟꯗꯂꯦ
longganga,ꯂꯣꯉꯒꯪꯒ
ishing,ꯏꯁꯤꯡ
manunggi,ꯃꯅꯨꯡꯒꯤ
morepen,ꯃꯣꯔꯦꯄꯦꯟ
nizamabad,ꯅꯤꯖꯃꯕꯗ
sahu,ꯁꯍꯨ
ulhasnagar,ꯎꯜꯁꯅꯒꯔ
lusiya,ꯂꯨꯁꯤꯌꯥ
raichur,ꯔꯥꯢꯆꯨꯔ
rewari,ꯔꯦꯋꯥꯔꯤ
phabagi,ꯐꯥꯕꯒꯤ
sitising,ꯁꯤꯇꯤꯁꯤꯡ
kelly,ꯀꯦꯜꯂꯤ
sebastian,ꯁꯦꯕꯁꯇꯤꯌꯥꯟ
khullaakpani,ꯈꯨꯜꯂꯥꯛꯄꯅꯤ
solapur,ꯁꯣꯂꯄꯄꯨꯔ
madikeri,ꯃꯗꯤꯀꯦꯔꯤ
shivamogga,ꯁꯤꯕꯃꯣꯒ
vaish,ꯚꯥꯢꯁ
sasan,ꯁꯥꯁꯟ
nashik,ꯅꯁꯤꯛ
yengsinba,ꯌꯦꯡꯁꯤꯟꯕ
labs,ꯂꯥꯕꯁ
shalimar,ꯁꯜꯃꯤꯃꯔ
ayodhya,ꯑꯌꯣꯙ꯭꯭꯭ꯌ
rajapalayam,ꯔꯥꯖꯄꯂꯌꯥꯝ
jay,ꯖꯌꯦ
ngaohanbagi,ꯉꯥꯎꯍꯟꯕꯒꯤꯒꯤ
churaachaanna,ꯆꯨꯔꯥꯆꯥꯟꯅ
etawah,ꯏꯇꯥꯋꯥ
lishaang,ꯂꯤꯁꯥꯡ
jadhav,ꯖꯥꯙꯥ
phoureima,ꯐꯧꯔꯩꯃ
mityengpham,ꯃꯤꯠꯌꯦꯡꯐꯝ
organic,ꯑꯣꯔꯒꯥꯅꯤꯛ
khagokpam,ꯈꯥꯒꯣꯛꯄꯝ
chicopee,ꯀꯤꯀꯣꯄꯤ
jambawan,ꯖꯝꯝꯋꯥꯟ
agrada,ꯑꯥ꯭ꯔꯥꯗ
pradeshta,ꯄ꯭ꯔꯗꯦꯁꯁꯇ
ewanglon,ꯏꯋꯥꯡꯂꯣꯟ
vilas,ꯚꯤꯂꯥꯁ
thouninarammi,ꯊꯧꯅꯤꯅꯔꯝꯃꯤ
taklamba,ꯇꯥꯛꯂꯝꯕ
saknairaba,ꯁꯛꯅꯥꯢꯔꯕ
prince,ꯄ꯭ꯔꯤꯟꯁꯦ
tyler,ꯇꯤꯂꯦꯔ
yanaba,ꯌꯥꯅꯕ
aartifek,ꯑꯔꯔꯇꯤꯐꯦꯛ
laishangsinggi,ꯂꯥꯢꯁꯪꯁꯤꯡꯒꯤ
paannaraga,ꯄꯥꯟꯅꯔꯒ
walnut,ꯋꯦꯜꯅꯨꯠ
nayak,ꯅꯌꯛ
sikarwar,ꯁꯤꯀꯔꯋꯥꯔ
maikeigasu,ꯃꯥꯢꯀꯩꯒꯁꯨ
lappada,ꯂꯥꯞꯄꯗ
wangkhatpa,ꯋꯥꯡꯈꯠꯄ
nath,ꯅꯊꯊ
laphoisi,ꯂꯥꯐꯣꯢꯁꯤ
moody,ꯃꯣꯗꯗꯤ
mahavidya,ꯃꯍꯥꯚꯤꯗꯌ
lunglei,ꯂꯨꯡꯂꯩ
hawthorne,ꯍꯥꯋꯣꯔꯦꯅ
priyadarshi,ꯄ꯭ꯔꯤꯌꯥꯗꯔꯁꯤ
tools,ꯇꯣꯑꯣꯜꯁ
saruksingda,ꯁꯔꯨꯛꯁꯤꯡꯗ
infotech,ꯏꯟꯐꯇꯦꯠꯀ
bharat,ꯚꯔꯥꯠ
thaajanabi,ꯊꯥꯖꯅꯕꯤ
lily,ꯂꯤꯂꯤ
merta,ꯃꯦꯔꯇ
ising,ꯏꯁꯤꯡ
maxina,ꯃꯥꯤꯅ
channana,ꯆꯟꯅꯅ
syngene,ꯁꯤꯡꯒꯦꯅꯦ
santa,ꯁꯟꯇ
thingkhiba,ꯊꯤꯡꯈꯤꯕ
carpentersville,ꯀꯦꯔꯄꯦꯟꯇꯦꯁꯕꯤꯜꯂꯤꯂ
egypt,ꯏꯖꯤꯞ
luhonggadouribina,ꯂꯨꯍꯣꯡꯒꯗꯧꯧꯔꯤꯕꯅ
purinaraga,ꯄꯨꯔꯤꯅꯔꯒ
sacramento,ꯁꯥ꯭꯭꯭꯭꯭꯭꯭꯭ꯃꯦꯃꯦꯟꯇꯣ
khunsigi,ꯈꯨꯟꯁꯤꯒꯤ
naoriya,ꯅꯥꯎꯔꯤꯌꯥ
sudanga,ꯁꯨꯗꯥꯒ
charong,ꯆꯔꯔꯣꯡ
khongchangloi,ꯈꯣꯡꯆꯪꯂꯣꯂꯣꯢ
sennaba,ꯁꯦꯟꯅꯕ
wipro,ꯋꯤꯄ꯭ꯔꯣ
wa,ꯋꯥ
ngaangkhaleima,ꯉꯥꯡꯈꯜꯂꯩꯃ
kharada,ꯈꯔꯗ
pallamba,ꯄꯥꯜꯂꯝꯕ
gowa,ꯒꯣꯋꯥ
haktaktaki,ꯍꯥꯛꯇꯛꯀꯤ
khenchonglongi,ꯈꯦꯟꯆꯣꯡꯂꯣꯟꯒꯤ
hamirpur,ꯍꯥꯃꯔꯃꯄꯨꯔ
archaeological,ꯑꯔꯀ꯭ꯍꯥꯑꯣꯂꯣꯒꯣꯖꯀꯦꯦꯜ
garud,ꯒꯔꯔꯨꯟ
technoplast,ꯇꯦꯛꯅꯣꯞꯂꯁꯁ
ahanpa,ꯑꯍꯥꯟꯄ
paabadani,ꯄꯥꯕꯗꯅꯤ
singh,ꯁꯤꯡꯍꯤ
kalamazoo,ꯀꯂꯃꯃꯍꯣꯣ
linda,ꯂꯤꯟꯗ
yoimongba,ꯌꯣꯢꯃꯣꯡꯕ
kheipik,ꯈꯩꯄꯤꯛ
dharmshala,ꯙꯔꯝꯁꯥꯂ
moines,ꯃꯣꯢꯅꯦꯁ
leingakta,ꯂꯩꯉꯥꯛꯇ
konthoucham,ꯀꯣꯟꯊꯧꯆꯝ
chaobasi,ꯆꯥꯎꯕꯁꯤ
kolte,ꯀꯣꯜꯇꯦ
paamchate,ꯄꯥꯝꯆꯇꯦ
avery,ꯚꯦꯔꯔꯤ
phaorabadi,ꯐꯥꯎꯔꯕꯗꯤ
kappa,ꯀꯥꯞꯄ
lirambadagi,ꯂꯤꯔꯝꯕꯗꯒꯤ
sarangpur,ꯁꯥꯔꯪꯄꯨ
nizamat,ꯅꯤꯓꯥꯃꯠ
napa,ꯅꯥꯄ
coimbatore,ꯀꯣꯝꯕꯇꯣꯔꯦ
phaahanli,ꯐꯥꯍꯟꯂꯤ
hapnaba,ꯍꯥꯞꯅꯕ
montgomery,ꯃꯣꯟꯇꯣꯝꯔꯤ
phoenix,ꯐꯣꯅꯤꯅ
haangdokkhi,ꯍꯥꯡꯗꯣꯛꯈꯤ
worth,ꯋꯣꯔꯊ
apcotex,ꯑꯦꯛꯄꯦꯠꯠ
waachetmaanbi,ꯋꯥꯆꯦꯠꯃꯥꯟꯕꯤ
paamjaba,ꯄꯥꯝꯖꯕ
wangkhi,ꯋꯥꯡꯈꯤ
sikkimese,ꯁꯤꯛꯀꯤꯃꯦꯁꯤ
fabulous,ꯐꯥꯕꯨꯂꯣꯁ
mcmillan,ꯃꯦꯝꯤꯜꯂꯂꯥꯟ
lanleima,ꯂꯪꯂꯩꯃ
saluk,ꯁꯂꯨꯛ
utlammi,ꯎꯠꯂꯝꯃꯤ
bush,ꯕꯨꯁ
movers,ꯃꯣꯚꯔꯁ
innovation,ꯏꯟꯅꯣꯚꯦ
kulkarni,ꯀꯨꯜꯀꯔꯅꯤ
shadai,ꯁꯗꯥꯢ
new,ꯅꯦꯋꯄ
barry,ꯕꯦꯔ꯭ꯔꯤ
khatoon,ꯈꯥꯇꯣꯟ
kullu,ꯀꯨꯜꯂꯨ
mclaughlin,ꯃ꯭ꯂꯛꯀꯨꯜꯂꯤꯟ
yumsaalon,ꯌꯨꯝꯁꯥꯂꯣꯟ
thengnabani,ꯊꯦꯡꯅꯕꯅꯤ
samarjit,ꯁꯃꯔꯖꯤꯠ
manana,ꯃꯅꯥꯅ
aromatics,ꯑꯥꯔꯣꯃꯇꯤꯛꯁ
sarath,ꯁꯔꯥꯠ
rock,ꯔꯣꯛꯛ
singjamei,ꯁꯤꯡꯖꯃꯩ
dabur,ꯗꯕꯨꯔ
kuppa,ꯀꯨꯞꯄ
pakhouba,ꯄꯥꯈꯧꯕ
lainingda,ꯂꯥꯢꯅꯤꯡꯗ
leinaotaabi,ꯂꯩꯅꯥꯎꯇꯥꯕꯤ
praveenchand,ꯄ꯭ꯔꯦꯀꯦꯟꯆꯟ
pembroke,ꯄꯦꯝꯕ꯭ꯔꯦꯀ
blackburn,ꯕ꯭ꯂꯦꯛꯀꯨꯔ
kumon,ꯀꯨꯃꯣꯟ
leinaotabi,ꯂꯩꯅꯥꯎꯇꯥꯕꯤ
duncanville,ꯗꯨꯟꯀꯟꯚꯂꯤꯜꯂꯦ
lengsinbiraksi,ꯂꯦꯡꯁꯤꯟꯕꯤꯔꯛꯁꯤ
salazar,ꯁꯂꯥꯥꯔ
cables,ꯀꯥꯕꯂꯦꯁ
eshing,ꯏꯁꯤꯡ
laanpung,ꯂꯥꯟꯄꯨꯡ
bhadauriya,ꯚꯥꯗꯥꯔꯤꯌꯥ
malegaon,ꯃꯂꯦꯒꯒꯎꯟꯒꯤ
ramon,ꯔꯥꯃꯣꯟ
rakhecha,ꯔꯀꯈꯦꯆ
awaangdagi,ꯑꯋꯥꯡꯗꯒꯤ
amangshang,ꯑꯃꯪꯁꯪ
ahaanba,ꯑꯍꯥꯟꯕ
gepelina,ꯒꯦꯄꯦꯂꯤꯅ
aloibada,ꯑꯂꯣꯢꯕꯗ
covina,ꯀꯣꯕꯤꯅ
sreeleathers,ꯁ꯭ꯔꯤꯂꯤꯌꯦꯊꯦꯔꯁ
adugei,ꯑꯗꯨꯒꯩ
duncanville,ꯗꯨꯟꯀꯟꯚꯂꯤꯜꯂꯦ
dinu,ꯗꯤꯅꯨ
brooklyn,ꯕ꯭ꯔꯣꯛꯀꯜꯂꯤꯟ
rampur,ꯔꯝꯄꯨꯔ
imung,ꯏꯃꯨꯡ
aventura,ꯑꯦꯕꯦꯇꯨꯔꯥ
thaakhraba,ꯊꯥꯛ꯭ꯔꯕ
richardson,ꯔꯤꯆꯔꯗꯁꯣꯟ
grapevine,ꯒ꯭ꯔꯄꯦꯕꯦꯅꯦ
khanaona,ꯈꯅꯥꯎꯅ
miyengkhaada,ꯃꯤꯌꯦꯡꯈꯥꯗ
alameda,ꯑꯂꯥꯃꯦꯗ
maong,ꯃꯥꯎꯡ
iqbal,ꯏꯕꯛ
gardner,ꯒꯔꯗꯔꯦ
hines,ꯍꯤꯅꯦꯁ
kipgen,ꯀꯤꯄꯒꯦꯟ
yellam,ꯌꯦꯜꯂꯝ
deerfield,ꯗꯤꯔꯦꯐꯤꯑꯦꯜꯗ
leingaklamba,ꯂꯩꯉꯥꯛꯂꯝꯕ
chopra,ꯆꯣꯄ꯭ꯔ
hanglabadi,ꯍꯪꯂꯕꯗꯤ
hades,ꯍꯥꯗꯦꯁ
russell,ꯔꯨꯁꯦꯜꯜ
purana,ꯄꯨꯔꯥꯅ
burnsville,ꯕꯨꯟꯁꯤꯜꯤꯂ
takli,ꯇꯥꯛꯂꯤ
soma,ꯁꯣꯃ
latli,ꯂꯥꯠꯂꯤ
pidolhalli,ꯄꯤꯗꯣꯜꯍꯜꯂꯤ
golden,ꯒꯣꯜꯗꯦꯟ
miramar,ꯃꯤꯔꯃꯔ
development,ꯗꯦꯕꯂꯣꯂꯄꯦꯟꯇ
kanojia,ꯀꯅꯣꯖꯤꯌꯥ
inunglon,ꯏꯅꯨꯡꯂꯣꯟ
khakempagi,ꯈꯀꯦꯦꯄꯒꯤꯤ
nagoria,ꯅꯥꯒꯣꯔꯤꯌꯥ
hunduna,ꯍꯨꯟꯗꯨꯅ
chada,ꯆꯥꯗ
chandigarh,ꯆꯥꯗꯤꯗꯒꯔꯍ
potshangpam,ꯄꯣꯠꯁꯪꯄꯝ
mamangthakta,ꯃꯃꯥꯡꯊꯛꯇ
rabon,ꯔꯥꯕꯣꯟ
jabalpur,ꯖꯕꯕꯜꯄꯨ
lucie,ꯂꯨꯖꯤꯌꯨ
thoujaldagi,ꯊꯧꯖꯥꯜꯗꯒꯤ
narayan,ꯅꯔꯔꯥꯌꯟ
makhoina,ꯃꯈꯣꯢꯅ
bristol,ꯕ꯭ꯔꯤꯁꯇꯣꯜ
patil,ꯄꯥꯇꯤꯜ
maiba,ꯃꯥꯢꯕ
humfunipan,ꯍꯨꯝꯐꯨꯅꯤꯄꯥꯟ
ngaangnarakliba,ꯉꯥꯡꯅꯔꯛꯂꯤꯕ
suman,ꯁꯨꯃꯥꯟ
tubi,ꯇꯨꯕꯤ
aster,ꯑꯁꯇꯦꯔ
puyaasingdadi,ꯄꯨꯌꯥꯁꯤꯡꯗꯗꯤ
stephens,ꯁ꯭ꯇꯦꯐꯦꯟꯁ
registration,ꯔꯦꯒꯤꯁꯇ꯭ꯔꯤ
ahaanpa,ꯑꯍꯥꯟꯄ
yelhoungeigi,ꯌꯦꯜꯍꯧꯉꯩꯒꯤ
nagarjuna,ꯅꯒꯒꯔꯨꯅ
agarwal,ꯑꯒꯔꯋꯋꯦꯜ
udaipur,ꯎꯗꯥꯢꯄꯨꯔ
artemis,ꯑꯥꯔꯇꯦꯃꯃꯤ
hill,ꯍꯤꯜꯜ
mathews,ꯃꯊꯦꯠꯁ
tougumbasung,ꯇꯧꯒꯨꯝꯁꯨꯡ
thajanabigi,ꯊꯥꯖꯅꯤꯒꯤꯒꯤ
seithai,ꯁꯩꯊꯥꯢ
marumsu,ꯃꯔꯨꯝꯁꯨ
etou,ꯏꯇꯧ
patrick,ꯄꯥꯇ꯭ꯔꯤꯛ
meghwal,ꯃꯦꯘꯋꯦꯜ
lemlei,ꯂꯦꯝꯂꯩ
lehi,ꯂꯦꯍꯤ
chingshang,ꯆꯤꯡꯁꯪ
khaoda,ꯈꯥꯎꯗ
kaangbuni,ꯀꯥꯡꯕꯨꯅꯤ
saaphaba,ꯁꯥꯐꯕ
sutlej,ꯁꯨꯠꯂꯦꯖ
chaturvedi,ꯆꯥꯇꯨꯔꯦꯗꯤ
miraibai,ꯃꯤꯔꯥꯢꯕ
malik,ꯃꯂꯤꯛ
pham,ꯐꯝ
hakchaangdagi,ꯍꯛꯆꯥꯡꯗꯒꯤ
barwani,ꯕꯥꯋ꯭꯭ꯔꯥꯅꯤ
fatehpur,ꯐꯥꯦꯐꯄꯨꯔ
phone,ꯐꯣꯅꯦ
